Chromosome sizes for different FFT sizes:
  FFT-8   :  3 stages x 2 =   6 genes
  FFT-16  :  4 stages x 2 =   8 genes
  FFT-32  :  5 stages x 2 =  10 genes
  FFT-64  :  6 stages x 2 =  12 genes
  FFT-128 :  7 stages x 2 =  14 genes
  FFT-256 :  8 stages x 2 =  16 genes
  FFT-512 :  9 stages x 2 =  18 genes
  FFT-1024: 10 stages x 2 =  20 genes
[2026-09-26 02:27:18] [INFO] Initialized directory structure
[2026-09-26 02:27:18] [INFO] Setting up Verilog source files
[2026-09-26 02:27:18] [INFO] 
============================================================
[2026-09-26 02:27:18] [INFO] Starting optimisation for 8-point FFT
[2026-09-26 02:27:18] [INFO] ============================================================

[2026-09-26 02:27:18] [INFO] Initialized FFT-8 problem: 3 objectives (energy/transform, SQNR error^2, latency); area is a constraint
[2026-09-26 02:27:18] [INFO] NSGA-II Configuration:
[2026-09-26 02:27:18] [INFO]   Population size : 30
[2026-09-26 02:27:18] [INFO]   Generations     : 100
[2026-09-26 02:27:18] [INFO]   Crossover rate  : 0.9
[2026-09-26 02:27:18] [INFO]   Mutation rate   : 0.05
[2026-09-26 02:27:18] [INFO]   Objectives      : 3  (Energy/transform, SQNR, CritDelay); area is a constraint
[2026-09-26 02:27:18] [INFO]   Parallel threads: 8
[2026-09-26 02:27:18] [INFO]   Clock target    : 80.0 ns
[2026-09-26 02:27:18] [GEN] === Generation 0 ===
[2026-09-26 02:27:18] [INFO] Evaluating solution 0: [0, 0, 0, 0, 0, 0]
[2026-09-26 02:27:18] [INFO] Evaluating solution 1: [1, 1, 1, 1, 1, 1]
[2026-09-26 02:27:18] [INFO] Evaluating solution 2: [1, 1, 0, 0, 0, 0]
[2026-09-26 02:27:18] [INFO] Running Vivado SAIF + power passes for fft_8_sol1_gen1
[2026-09-26 02:27:18] [INFO] Running Vivado SAIF + power passes for fft_8_sol0_gen1
[2026-09-26 02:27:18] [INFO] Evaluating solution 3: [0, 0, 1, 1, 1, 1]
[2026-09-26 02:27:18] [INFO] Evaluating solution 4: [1, 0, 1, 0, 1, 0]
[2026-09-26 02:27:18] [INFO] Running Vivado SAIF + power passes for fft_8_sol2_gen1
[2026-09-26 02:27:18] [INFO] Evaluating solution 5: [0, 1, 0, 1, 0, 1]
[2026-09-26 02:27:18] [INFO] Evaluating solution 6: [0, 0, 0, 0, 1, 0]
[2026-09-26 02:27:18] [INFO] Evaluating solution 7: [1, 0, 1, 0, 0, 1]
[2026-09-26 02:27:18] [INFO] Running Vivado SAIF + power passes for fft_8_sol3_gen1
[2026-09-26 02:27:18] [INFO] Running Vivado SAIF + power passes for fft_8_sol7_gen1
[2026-09-26 02:27:18] [INFO] Running Vivado SAIF + power passes for fft_8_sol5_gen1[2026-09-26 02:27:18] [INFO] Running Vivado SAIF + power passes for fft_8_sol4_gen1

[2026-09-26 02:27:18] [INFO] Running Vivado SAIF + power passes for fft_8_sol6_gen1

-------------------------------------------------------
  Pipelined Metrics Breakdown - fft_8_sol0_gen1
  > Avg FFT Execution Time : 51 clock cycles
  > Total Simulation Time  : 924 clock cycles
  > Golden reference       : FP4 input quantisation
-------------------------------------------------------
  Impulse                     inf dB (Exact)
  Single Tone                      4.54 dB
  Multi-Tone                       4.54 dB
  Chirp (LFM)                      2.33 dB
  Sinusoid (complex)               0.00 dB
  Step Function                    4.44 dB
  Gaussian Pulse                   5.64 dB
  Radar Pulsed Sinusoid            4.67 dB
  Radar Clutter + Target           1.70 dB
  Radar Barker-13 Pulse            3.85 dB
  Radar Doppler Burst              2.46 dB
-------------------------------------------------------
[2026-09-26 02:28:34] [INFO] Solution 0: E=11730.0 pJ/xfrm (dyn=0.0230W saif=1 chksum=1), A=420 LUTs, LUTRAM=28, DSP=6, BRAM=4, FF=107, SQNR=12.20dB, CritDelay=15.715ns -> NormLat=0.196x, ExecCycles=51, TotSimCycles=924
[2026-09-26 02:28:34] [INFO] Evaluating solution 8: [1, 1, 1, 1, 0, 0]
[2026-09-26 02:28:34] [INFO] Running Vivado SAIF + power passes for fft_8_sol8_gen1

-------------------------------------------------------
  Pipelined Metrics Breakdown - fft_8_sol1_gen1
  > Avg FFT Execution Time : 51 clock cycles
  > Total Simulation Time  : 924 clock cycles
  > Golden reference       : FP8 input quantisation
-------------------------------------------------------
  Impulse                     inf dB (Exact)
  Single Tone                     45.98 dB
  Multi-Tone                      45.98 dB
  Chirp (LFM)                     22.59 dB
  Sinusoid (complex)          inf dB (Exact)
  Step Function               inf dB (Exact)
  Gaussian Pulse                  21.50 dB
  Radar Pulsed Sinusoid           48.83 dB
  Radar Clutter + Target          22.28 dB
  Radar Barker-13 Pulse       inf dB (Exact)
  Radar Doppler Burst             21.90 dB
-------------------------------------------------------
[2026-09-26 02:28:54] [INFO] Solution 1: E=16830.0 pJ/xfrm (dyn=0.0330W saif=1 chksum=1), A=1294 LUTs, LUTRAM=67, DSP=10, BRAM=4, FF=128, SQNR=57.19dB, CritDelay=34.977ns -> NormLat=0.437x, ExecCycles=51, TotSimCycles=924
[2026-09-26 02:28:54] [INFO] Evaluating solution 9: [0, 0, 1, 0, 1, 1]
[2026-09-26 02:28:54] [INFO] Running Vivado SAIF + power passes for fft_8_sol9_gen1

-------------------------------------------------------
  Pipelined Metrics Breakdown - fft_8_sol6_gen1
  > Avg FFT Execution Time : 51 clock cycles
  > Total Simulation Time  : 924 clock cycles
  > Golden reference       : FP4 input quantisation
-------------------------------------------------------
  Impulse                     inf dB (Exact)
  Single Tone                      4.54 dB
  Multi-Tone                       4.54 dB
  Chirp (LFM)                      2.33 dB
  Sinusoid (complex)               0.00 dB
  Step Function                    4.44 dB
  Gaussian Pulse                   5.64 dB
  Radar Pulsed Sinusoid            4.67 dB
  Radar Clutter + Target           1.70 dB
  Radar Barker-13 Pulse            3.85 dB
  Radar Doppler Burst              2.46 dB
-------------------------------------------------------
[2026-09-26 02:28:54] [INFO] Solution 6: E=12240.0 pJ/xfrm (dyn=0.0240W saif=1 chksum=1), A=845 LUTs, LUTRAM=53, DSP=10, BRAM=4, FF=133, SQNR=12.20dB, CritDelay=26.956ns -> NormLat=0.337x, ExecCycles=51, TotSimCycles=924
[2026-09-26 02:28:54] [INFO] Evaluating solution 10: [0, 0, 1, 1, 1, 0]
[2026-09-26 02:28:54] [INFO] Running Vivado SAIF + power passes for fft_8_sol10_gen1

-------------------------------------------------------
  Pipelined Metrics Breakdown - fft_8_sol2_gen1
  > Avg FFT Execution Time : 51 clock cycles
  > Total Simulation Time  : 924 clock cycles
  > Golden reference       : FP8 input quantisation
-------------------------------------------------------
  Impulse                     inf dB (Exact)
  Single Tone                     -0.26 dB
  Multi-Tone                      -0.26 dB
  Chirp (LFM)                     11.14 dB
  Sinusoid (complex)               0.00 dB
  Step Function                    2.97 dB
  Gaussian Pulse                   2.55 dB
  Radar Pulsed Sinusoid            2.93 dB
  Radar Clutter + Target           1.08 dB
  Radar Barker-13 Pulse            3.30 dB
  Radar Doppler Burst              2.08 dB
-------------------------------------------------------
[2026-09-26 02:28:55] [INFO] Solution 2: E=12240.0 pJ/xfrm (dyn=0.0240W saif=1 chksum=1), A=1341 LUTs, LUTRAM=67, DSP=10, BRAM=4, FF=137, SQNR=11.41dB, CritDelay=34.977ns -> NormLat=0.437x, ExecCycles=51, TotSimCycles=924
[2026-09-26 02:28:55] [INFO] Evaluating solution 11: [0, 1, 0, 0, 1, 0]
[2026-09-26 02:28:55] [INFO] Running Vivado SAIF + power passes for fft_8_sol11_gen1

-------------------------------------------------------
  Pipelined Metrics Breakdown - fft_8_sol4_gen1
  > Avg FFT Execution Time : 51 clock cycles
  > Total Simulation Time  : 924 clock cycles
  > Golden reference       : FP4 input quantisation
-------------------------------------------------------
  Impulse                     inf dB (Exact)
  Single Tone                      4.54 dB
  Multi-Tone                       4.54 dB
  Chirp (LFM)                      2.33 dB
  Sinusoid (complex)               0.00 dB
  Step Function                    4.44 dB
  Gaussian Pulse                   5.64 dB
  Radar Pulsed Sinusoid            4.67 dB
  Radar Clutter + Target           1.70 dB
  Radar Barker-13 Pulse            3.85 dB
  Radar Doppler Burst              2.46 dB
-------------------------------------------------------
[2026-09-26 02:28:55] [INFO] Solution 4: E=12240.0 pJ/xfrm (dyn=0.0240W saif=1 chksum=1), A=845 LUTs, LUTRAM=53, DSP=10, BRAM=4, FF=133, SQNR=12.20dB, CritDelay=26.956ns -> NormLat=0.337x, ExecCycles=51, TotSimCycles=924
[2026-09-26 02:28:55] [INFO] Evaluating solution 12: [1, 1, 1, 0, 1, 0]
[2026-09-26 02:28:55] [INFO] Running Vivado SAIF + power passes for fft_8_sol12_gen1

-------------------------------------------------------
  Pipelined Metrics Breakdown - fft_8_sol3_gen1
  > Avg FFT Execution Time : 51 clock cycles
  > Total Simulation Time  : 924 clock cycles
  > Golden reference       : FP4 input quantisation
-------------------------------------------------------
  Impulse                     inf dB (Exact)
  Single Tone                      4.64 dB
  Multi-Tone                       4.64 dB
  Chirp (LFM)                      2.66 dB
  Sinusoid (complex)          inf dB (Exact)
  Step Function                   39.35 dB
  Gaussian Pulse                   4.70 dB
  Radar Pulsed Sinusoid            4.70 dB
  Radar Clutter + Target           1.73 dB
  Radar Barker-13 Pulse           39.18 dB
  Radar Doppler Burst              2.53 dB
-------------------------------------------------------
[2026-09-26 02:28:57] [INFO] Solution 3: E=15810.0 pJ/xfrm (dyn=0.0310W saif=1 chksum=1), A=1346 LUTs, LUTRAM=67, DSP=10, BRAM=4, FF=137, SQNR=27.65dB, CritDelay=34.977ns -> NormLat=0.437x, ExecCycles=51, TotSimCycles=924
[2026-09-26 02:28:57] [INFO] Evaluating solution 13: [1, 0, 1, 1, 0, 0]
[2026-09-26 02:28:57] [INFO] Running Vivado SAIF + power passes for fft_8_sol13_gen1

-------------------------------------------------------
  Pipelined Metrics Breakdown - fft_8_sol7_gen1
  > Avg FFT Execution Time : 51 clock cycles
  > Total Simulation Time  : 924 clock cycles
  > Golden reference       : FP4 input quantisation
-------------------------------------------------------
  Impulse                     inf dB (Exact)
  Single Tone                      4.64 dB
  Multi-Tone                       4.64 dB
  Chirp (LFM)                      2.66 dB
  Sinusoid (complex)          inf dB (Exact)
  Step Function                   29.81 dB
  Gaussian Pulse                   4.70 dB
  Radar Pulsed Sinusoid            4.70 dB
  Radar Clutter + Target           1.73 dB
  Radar Barker-13 Pulse           29.64 dB
  Radar Doppler Burst              2.53 dB
-------------------------------------------------------
[2026-09-26 02:28:57] [INFO] Solution 7: E=11730.0 pJ/xfrm (dyn=0.0230W saif=1 chksum=1), A=1259 LUTs, LUTRAM=67, DSP=10, BRAM=4, FF=137, SQNR=25.91dB, CritDelay=35.292ns -> NormLat=0.441x, ExecCycles=51, TotSimCycles=924
[2026-09-26 02:28:57] [INFO] Evaluating solution 14: [0, 0, 1, 0, 0, 0]
[2026-09-26 02:28:57] [INFO] Running Vivado SAIF + power passes for fft_8_sol14_gen1

-------------------------------------------------------
  Pipelined Metrics Breakdown - fft_8_sol5_gen1
  > Avg FFT Execution Time : 51 clock cycles
  > Total Simulation Time  : 924 clock cycles
  > Golden reference       : FP8 input quantisation
-------------------------------------------------------
  Impulse                     inf dB (Exact)
  Single Tone                      2.92 dB
  Multi-Tone                       2.92 dB
  Chirp (LFM)                      3.01 dB
  Sinusoid (complex)              16.51 dB
  Step Function                   13.05 dB
  Gaussian Pulse                   3.18 dB
  Radar Pulsed Sinusoid            2.88 dB
  Radar Clutter + Target           1.35 dB
  Radar Barker-13 Pulse           16.01 dB
  Radar Doppler Burst              1.61 dB
-------------------------------------------------------
[2026-09-26 02:29:06] [INFO] Solution 5: E=15810.0 pJ/xfrm (dyn=0.0310W saif=1 chksum=1), A=815 LUTs, LUTRAM=46, DSP=6, BRAM=4, FF=114, SQNR=14.86dB, CritDelay=25.007ns -> NormLat=0.313x, ExecCycles=51, TotSimCycles=924
[2026-09-26 02:29:06] [INFO] Evaluating solution 15: [1, 1, 1, 1, 0, 1]
[2026-09-26 02:29:06] [INFO] Running Vivado SAIF + power passes for fft_8_sol15_gen1

-------------------------------------------------------
  Pipelined Metrics Breakdown - fft_8_sol8_gen1
  > Avg FFT Execution Time : 51 clock cycles
  > Total Simulation Time  : 924 clock cycles
  > Golden reference       : FP8 input quantisation
-------------------------------------------------------
  Impulse                     inf dB (Exact)
  Single Tone                     -0.26 dB
  Multi-Tone                      -0.26 dB
  Chirp (LFM)                     14.15 dB
  Sinusoid (complex)               0.00 dB
  Step Function                    2.97 dB
  Gaussian Pulse                   4.77 dB
  Radar Pulsed Sinusoid            2.12 dB
  Radar Clutter + Target          21.61 dB
  Radar Barker-13 Pulse            3.30 dB
  Radar Doppler Burst              0.21 dB
-------------------------------------------------------
[2026-09-26 02:30:09] [INFO] Solution 8: E=11730.0 pJ/xfrm (dyn=0.0230W saif=1 chksum=1), A=1338 LUTs, LUTRAM=66, DSP=10, BRAM=4, FF=135, SQNR=13.51dB, CritDelay=34.972ns -> NormLat=0.437x, ExecCycles=51, TotSimCycles=924
[2026-09-26 02:30:09] [INFO] Evaluating solution 16: [1, 0, 1, 0, 0, 0]
[2026-09-26 02:30:09] [INFO] Running Vivado SAIF + power passes for fft_8_sol16_gen1

-------------------------------------------------------
  Pipelined Metrics Breakdown - fft_8_sol9_gen1
  > Avg FFT Execution Time : 51 clock cycles
  > Total Simulation Time  : 924 clock cycles
  > Golden reference       : FP4 input quantisation
-------------------------------------------------------
  Impulse                     inf dB (Exact)
  Single Tone                      4.64 dB
  Multi-Tone                       4.64 dB
  Chirp (LFM)                      2.66 dB
  Sinusoid (complex)          inf dB (Exact)
  Step Function                   39.35 dB
  Gaussian Pulse                   4.70 dB
  Radar Pulsed Sinusoid            4.70 dB
  Radar Clutter + Target           1.73 dB
  Radar Barker-13 Pulse           39.18 dB
  Radar Doppler Burst              2.53 dB
-------------------------------------------------------
[2026-09-26 02:30:32] [INFO] Solution 9: E=11730.0 pJ/xfrm (dyn=0.0230W saif=1 chksum=1), A=1272 LUTs, LUTRAM=67, DSP=10, BRAM=4, FF=137, SQNR=27.65dB, CritDelay=35.144ns -> NormLat=0.439x, ExecCycles=51, TotSimCycles=924
[2026-09-26 02:30:32] [INFO] Evaluating solution 17: [0, 1, 1, 1, 0, 1]
[2026-09-26 02:30:32] [INFO] Running Vivado SAIF + power passes for fft_8_sol17_gen1

-------------------------------------------------------
  Pipelined Metrics Breakdown - fft_8_sol10_gen1
  > Avg FFT Execution Time : 51 clock cycles
  > Total Simulation Time  : 924 clock cycles
  > Golden reference       : FP4 input quantisation
-------------------------------------------------------
  Impulse                     inf dB (Exact)
  Single Tone                      4.54 dB
  Multi-Tone                       4.54 dB
  Chirp (LFM)                      2.33 dB
  Sinusoid (complex)               0.00 dB
  Step Function                    4.44 dB
  Gaussian Pulse                   5.64 dB
  Radar Pulsed Sinusoid            4.67 dB
  Radar Clutter + Target           1.70 dB
  Radar Barker-13 Pulse            3.85 dB
  Radar Doppler Burst              2.46 dB
-------------------------------------------------------
[2026-09-26 02:30:32] [INFO] Solution 10: E=12750.0 pJ/xfrm (dyn=0.0250W saif=1 chksum=1), A=1277 LUTs, LUTRAM=67, DSP=10, BRAM=4, FF=137, SQNR=12.20dB, CritDelay=35.144ns -> NormLat=0.439x, ExecCycles=51, TotSimCycles=924
[2026-09-26 02:30:32] [INFO] Evaluating solution 18: [0, 0, 0, 1, 1, 1]
[2026-09-26 02:30:32] [INFO] Running Vivado SAIF + power passes for fft_8_sol18_gen1

-------------------------------------------------------
  Pipelined Metrics Breakdown - fft_8_sol12_gen1
  > Avg FFT Execution Time : 51 clock cycles
  > Total Simulation Time  : 924 clock cycles
  > Golden reference       : FP8 input quantisation
-------------------------------------------------------
  Impulse                     inf dB (Exact)
  Single Tone                     -0.26 dB
  Multi-Tone                      -0.26 dB
  Chirp (LFM)                     11.14 dB
  Sinusoid (complex)               0.00 dB
  Step Function                    2.97 dB
  Gaussian Pulse                   2.55 dB
  Radar Pulsed Sinusoid            2.93 dB
  Radar Clutter + Target           1.08 dB
  Radar Barker-13 Pulse            3.30 dB
  Radar Doppler Burst              2.08 dB
-------------------------------------------------------
[2026-09-26 02:30:32] [INFO] Solution 12: E=12750.0 pJ/xfrm (dyn=0.0250W saif=1 chksum=1), A=1272 LUTs, LUTRAM=67, DSP=10, BRAM=4, FF=137, SQNR=11.41dB, CritDelay=35.144ns -> NormLat=0.439x, ExecCycles=51, TotSimCycles=924
[2026-09-26 02:30:32] [INFO] Evaluating solution 19: [1, 1, 1, 0, 0, 1]
[2026-09-26 02:30:32] [INFO] Running Vivado SAIF + power passes for fft_8_sol19_gen1

-------------------------------------------------------
  Pipelined Metrics Breakdown - fft_8_sol14_gen1
  > Avg FFT Execution Time : 51 clock cycles
  > Total Simulation Time  : 924 clock cycles
  > Golden reference       : FP4 input quantisation
-------------------------------------------------------
  Impulse                     inf dB (Exact)
  Single Tone                      4.54 dB
  Multi-Tone                       4.54 dB
  Chirp (LFM)                      2.33 dB
  Sinusoid (complex)               0.00 dB
  Step Function                    4.44 dB
  Gaussian Pulse                   5.64 dB
  Radar Pulsed Sinusoid            4.67 dB
  Radar Clutter + Target           1.70 dB
  Radar Barker-13 Pulse            3.85 dB
  Radar Doppler Burst              2.46 dB
-------------------------------------------------------
[2026-09-26 02:30:32] [INFO] Solution 14: E=12240.0 pJ/xfrm (dyn=0.0240W saif=1 chksum=1), A=845 LUTs, LUTRAM=53, DSP=10, BRAM=4, FF=133, SQNR=12.20dB, CritDelay=26.956ns -> NormLat=0.337x, ExecCycles=51, TotSimCycles=924
[2026-09-26 02:30:32] [INFO] Evaluating solution 20: [0, 0, 0, 0, 0, 1]
[2026-09-26 02:30:32] [INFO] Running Vivado SAIF + power passes for fft_8_sol20_gen1

-------------------------------------------------------
  Pipelined Metrics Breakdown - fft_8_sol11_gen1
  > Avg FFT Execution Time : 51 clock cycles
  > Total Simulation Time  : 924 clock cycles
  > Golden reference       : FP8 input quantisation
-------------------------------------------------------
  Impulse                     inf dB (Exact)
  Single Tone                      3.01 dB
  Multi-Tone                       3.01 dB
  Chirp (LFM)                      4.15 dB
  Sinusoid (complex)               0.00 dB
  Step Function                    2.97 dB
  Gaussian Pulse                   2.55 dB
  Radar Pulsed Sinusoid            2.93 dB
  Radar Clutter + Target           1.40 dB
  Radar Barker-13 Pulse            3.30 dB
  Radar Doppler Burst              1.46 dB
-------------------------------------------------------
[2026-09-26 02:30:34] [INFO] Solution 11: E=12240.0 pJ/xfrm (dyn=0.0240W saif=1 chksum=1), A=1261 LUTs, LUTRAM=67, DSP=10, BRAM=4, FF=137, SQNR=11.34dB, CritDelay=35.292ns -> NormLat=0.441x, ExecCycles=51, TotSimCycles=924
[2026-09-26 02:30:34] [INFO] Evaluating solution 21: [0, 1, 1, 1, 1, 0]
[2026-09-26 02:30:34] [INFO] Running Vivado SAIF + power passes for fft_8_sol21_gen1

-------------------------------------------------------
  Pipelined Metrics Breakdown - fft_8_sol13_gen1
  > Avg FFT Execution Time : 51 clock cycles
  > Total Simulation Time  : 924 clock cycles
  > Golden reference       : FP4 input quantisation
-------------------------------------------------------
  Impulse                     inf dB (Exact)
  Single Tone                      4.54 dB
  Multi-Tone                       4.54 dB
  Chirp (LFM)                      2.33 dB
  Sinusoid (complex)               0.00 dB
  Step Function                    4.44 dB
  Gaussian Pulse                   5.64 dB
  Radar Pulsed Sinusoid            4.67 dB
  Radar Clutter + Target           1.70 dB
  Radar Barker-13 Pulse            3.85 dB
  Radar Doppler Burst              2.46 dB
-------------------------------------------------------
[2026-09-26 02:30:36] [INFO] Solution 13: E=12240.0 pJ/xfrm (dyn=0.0240W saif=1 chksum=1), A=1278 LUTs, LUTRAM=67, DSP=10, BRAM=4, FF=137, SQNR=12.20dB, CritDelay=35.144ns -> NormLat=0.439x, ExecCycles=51, TotSimCycles=924
[2026-09-26 02:30:36] [INFO] Evaluating solution 22: [0, 1, 1, 0, 1, 1]
[2026-09-26 02:30:36] [INFO] Running Vivado SAIF + power passes for fft_8_sol22_gen1

-------------------------------------------------------
  Pipelined Metrics Breakdown - fft_8_sol15_gen1
  > Avg FFT Execution Time : 51 clock cycles
  > Total Simulation Time  : 924 clock cycles
  > Golden reference       : FP8 input quantisation
-------------------------------------------------------
  Impulse                     inf dB (Exact)
  Single Tone                     10.27 dB
  Multi-Tone                      10.27 dB
  Chirp (LFM)                     11.38 dB
  Sinusoid (complex)              19.91 dB
  Step Function                   12.59 dB
  Gaussian Pulse                   6.56 dB
  Radar Pulsed Sinusoid           12.56 dB
  Radar Clutter + Target          21.49 dB
  Radar Barker-13 Pulse           18.17 dB
  Radar Doppler Burst             10.02 dB
-------------------------------------------------------
[2026-09-26 02:30:45] [INFO] Solution 15: E=15810.0 pJ/xfrm (dyn=0.0310W saif=1 chksum=1), A=1202 LUTs, LUTRAM=67, DSP=10, BRAM=4, FF=128, SQNR=21.20dB, CritDelay=35.142ns -> NormLat=0.439x, ExecCycles=51, TotSimCycles=924
[2026-09-26 02:30:45] [INFO] Evaluating solution 23: [0, 1, 0, 1, 0, 0]
[2026-09-26 02:30:45] [INFO] Running Vivado SAIF + power passes for fft_8_sol23_gen1

-------------------------------------------------------
  Pipelined Metrics Breakdown - fft_8_sol16_gen1
  > Avg FFT Execution Time : 51 clock cycles
  > Total Simulation Time  : 924 clock cycles
  > Golden reference       : FP4 input quantisation
-------------------------------------------------------
  Impulse                     inf dB (Exact)
  Single Tone                      4.54 dB
  Multi-Tone                       4.54 dB
  Chirp (LFM)                      2.33 dB
  Sinusoid (complex)               0.00 dB
  Step Function                    4.44 dB
  Gaussian Pulse                   5.64 dB
  Radar Pulsed Sinusoid            4.67 dB
  Radar Clutter + Target           1.70 dB
  Radar Barker-13 Pulse            3.85 dB
  Radar Doppler Burst              2.46 dB
-------------------------------------------------------
[2026-09-26 02:31:43] [INFO] Solution 16: E=11730.0 pJ/xfrm (dyn=0.0230W saif=1 chksum=1), A=851 LUTs, LUTRAM=52, DSP=10, BRAM=4, FF=131, SQNR=12.20dB, CritDelay=26.776ns -> NormLat=0.335x, ExecCycles=51, TotSimCycles=924
[2026-09-26 02:31:43] [INFO] Evaluating solution 24: [1, 0, 0, 1, 0, 0]
[2026-09-26 02:31:43] [INFO] Running Vivado SAIF + power passes for fft_8_sol24_gen1

-------------------------------------------------------
  Pipelined Metrics Breakdown - fft_8_sol17_gen1
  > Avg FFT Execution Time : 51 clock cycles
  > Total Simulation Time  : 924 clock cycles
  > Golden reference       : FP8 input quantisation
-------------------------------------------------------
  Impulse                     inf dB (Exact)
  Single Tone                      2.28 dB
  Multi-Tone                       2.28 dB
  Chirp (LFM)                      2.22 dB
  Sinusoid (complex)              16.16 dB
  Step Function                   12.64 dB
  Gaussian Pulse                   3.20 dB
  Radar Pulsed Sinusoid            2.92 dB
  Radar Clutter + Target           3.47 dB
  Radar Barker-13 Pulse           16.06 dB
  Radar Doppler Burst              2.76 dB
-------------------------------------------------------
[2026-09-26 02:32:08] [INFO] Solution 17: E=15810.0 pJ/xfrm (dyn=0.0310W saif=1 chksum=1), A=1202 LUTs, LUTRAM=67, DSP=10, BRAM=4, FF=128, SQNR=14.91dB, CritDelay=35.142ns -> NormLat=0.439x, ExecCycles=51, TotSimCycles=924
[2026-09-26 02:32:08] [INFO] Evaluating solution 25: [1, 1, 0, 0, 1, 1]
[2026-09-26 02:32:08] [INFO] Running Vivado SAIF + power passes for fft_8_sol25_gen1

-------------------------------------------------------
  Pipelined Metrics Breakdown - fft_8_sol18_gen1
  > Avg FFT Execution Time : 51 clock cycles
  > Total Simulation Time  : 924 clock cycles
  > Golden reference       : FP4 input quantisation
-------------------------------------------------------
  Impulse                     inf dB (Exact)
  Single Tone                      4.64 dB
  Multi-Tone                       4.64 dB
  Chirp (LFM)                      2.66 dB
  Sinusoid (complex)          inf dB (Exact)
  Step Function                   39.35 dB
  Gaussian Pulse                   4.70 dB
  Radar Pulsed Sinusoid            4.70 dB
  Radar Clutter + Target           1.73 dB
  Radar Barker-13 Pulse           39.18 dB
  Radar Doppler Burst              2.53 dB
-------------------------------------------------------
[2026-09-26 02:32:11] [INFO] Solution 18: E=14790.0 pJ/xfrm (dyn=0.0290W saif=1 chksum=1), A=1254 LUTs, LUTRAM=67, DSP=10, BRAM=4, FF=137, SQNR=27.65dB, CritDelay=35.142ns -> NormLat=0.439x, ExecCycles=51, TotSimCycles=924

-------------------------------------------------------
  Pipelined Metrics Breakdown - fft_8_sol19_gen1
  > Avg FFT Execution Time : 51 clock cycles
  > Total Simulation Time  : 924 clock cycles
  > Golden reference       : FP8 input quantisation
-------------------------------------------------------
  Impulse                         16.90 dB
  Single Tone                      9.79 dB
  Multi-Tone                       9.79 dB
  Chirp (LFM)                     10.54 dB
  Sinusoid (complex)              16.90 dB
  Step Function                   12.81 dB
  Gaussian Pulse                   3.18 dB
  Radar Pulsed Sinusoid            2.88 dB
  Radar Clutter + Target           1.46 dB
  Radar Barker-13 Pulse           15.95 dB
  Radar Doppler Burst              1.83 dB
-------------------------------------------------------
[2026-09-26 02:32:11] [INFO] Solution 19: E=15300.0 pJ/xfrm (dyn=0.0300W saif=1 chksum=1), A=1272 LUTs, LUTRAM=67, DSP=10, BRAM=4, FF=137, SQNR=9.28dB, CritDelay=35.141ns -> NormLat=0.439x, ExecCycles=51, TotSimCycles=924

-------------------------------------------------------
  Pipelined Metrics Breakdown - fft_8_sol21_gen1
  > Avg FFT Execution Time : 51 clock cycles
  > Total Simulation Time  : 924 clock cycles
  > Golden reference       : FP8 input quantisation
-------------------------------------------------------
  Impulse                     inf dB (Exact)
  Single Tone                     -0.51 dB
  Multi-Tone                      -0.51 dB
  Chirp (LFM)                      6.02 dB
  Sinusoid (complex)               0.00 dB
  Step Function                   19.87 dB
  Gaussian Pulse                   2.55 dB
  Radar Pulsed Sinusoid            0.48 dB
  Radar Clutter + Target           5.93 dB
  Radar Barker-13 Pulse            3.47 dB
  Radar Doppler Burst              4.77 dB
-------------------------------------------------------
[2026-09-26 02:32:12] [INFO] Solution 21: E=11730.0 pJ/xfrm (dyn=0.0230W saif=1 chksum=1), A=1268 LUTs, LUTRAM=67, DSP=10, BRAM=4, FF=137, SQNR=12.92dB, CritDelay=35.141ns -> NormLat=0.439x, ExecCycles=51, TotSimCycles=924

-------------------------------------------------------
  Pipelined Metrics Breakdown - fft_8_sol22_gen1
  > Avg FFT Execution Time : 51 clock cycles
  > Total Simulation Time  : 924 clock cycles
  > Golden reference       : FP8 input quantisation
-------------------------------------------------------
  Impulse                         16.90 dB
  Single Tone                      2.87 dB
  Multi-Tone                       2.87 dB
  Chirp (LFM)                      2.64 dB
  Sinusoid (complex)              16.90 dB
  Step Function                   13.05 dB
  Gaussian Pulse                   3.18 dB
  Radar Pulsed Sinusoid            2.88 dB
  Radar Clutter + Target           1.32 dB
  Radar Barker-13 Pulse           16.53 dB
  Radar Doppler Burst              1.58 dB
-------------------------------------------------------
[2026-09-26 02:32:15] [INFO] Solution 22: E=15810.0 pJ/xfrm (dyn=0.0310W saif=1 chksum=1), A=1270 LUTs, LUTRAM=67, DSP=10, BRAM=4, FF=137, SQNR=7.34dB, CritDelay=35.141ns -> NormLat=0.439x, ExecCycles=51, TotSimCycles=924

-------------------------------------------------------
  Pipelined Metrics Breakdown - fft_8_sol20_gen1
  > Avg FFT Execution Time : 51 clock cycles
  > Total Simulation Time  : 924 clock cycles
  > Golden reference       : FP4 input quantisation
-------------------------------------------------------
  Impulse                     inf dB (Exact)
  Single Tone                      4.64 dB
  Multi-Tone                       4.64 dB
  Chirp (LFM)                      2.66 dB
  Sinusoid (complex)          inf dB (Exact)
  Step Function                   29.81 dB
  Gaussian Pulse                   4.70 dB
  Radar Pulsed Sinusoid            4.70 dB
  Radar Clutter + Target           1.73 dB
  Radar Barker-13 Pulse           29.64 dB
  Radar Doppler Burst              2.53 dB
-------------------------------------------------------
[2026-09-26 02:32:20] [INFO] Solution 20: E=11220.0 pJ/xfrm (dyn=0.0220W saif=1 chksum=1), A=853 LUTs, LUTRAM=46, DSP=6, BRAM=4, FF=119, SQNR=25.91dB, CritDelay=25.007ns -> NormLat=0.313x, ExecCycles=51, TotSimCycles=924

-------------------------------------------------------
  Pipelined Metrics Breakdown - fft_8_sol23_gen1
  > Avg FFT Execution Time : 51 clock cycles
  > Total Simulation Time  : 924 clock cycles
  > Golden reference       : FP8 input quantisation
-------------------------------------------------------
  Impulse                     inf dB (Exact)
  Single Tone                      3.01 dB
  Multi-Tone                       3.01 dB
  Chirp (LFM)                      4.15 dB
  Sinusoid (complex)               0.00 dB
  Step Function                    2.97 dB
  Gaussian Pulse                   2.55 dB
  Radar Pulsed Sinusoid            2.93 dB
  Radar Clutter + Target           1.40 dB
  Radar Barker-13 Pulse            3.30 dB
  Radar Doppler Burst              1.46 dB
-------------------------------------------------------
[2026-09-26 02:32:31] [INFO] Solution 23: E=11220.0 pJ/xfrm (dyn=0.0220W saif=1 chksum=1), A=851 LUTs, LUTRAM=45, DSP=6, BRAM=4, FF=117, SQNR=11.34dB, CritDelay=25.008ns -> NormLat=0.313x, ExecCycles=51, TotSimCycles=924

-------------------------------------------------------
  Pipelined Metrics Breakdown - fft_8_sol24_gen1
  > Avg FFT Execution Time : 51 clock cycles
  > Total Simulation Time  : 924 clock cycles
  > Golden reference       : FP4 input quantisation
-------------------------------------------------------
  Impulse                     inf dB (Exact)
  Single Tone                      4.54 dB
  Multi-Tone                       4.54 dB
  Chirp (LFM)                      2.33 dB
  Sinusoid (complex)               0.00 dB
  Step Function                    4.44 dB
  Gaussian Pulse                   5.64 dB
  Radar Pulsed Sinusoid            4.67 dB
  Radar Clutter + Target           1.70 dB
  Radar Barker-13 Pulse            3.85 dB
  Radar Doppler Burst              2.46 dB
-------------------------------------------------------
[2026-09-26 02:33:13] [INFO] Solution 24: E=12240.0 pJ/xfrm (dyn=0.0240W saif=1 chksum=1), A=1266 LUTs, LUTRAM=67, DSP=10, BRAM=4, FF=137, SQNR=12.20dB, CritDelay=35.292ns -> NormLat=0.441x, ExecCycles=51, TotSimCycles=924

-------------------------------------------------------
  Pipelined Metrics Breakdown - fft_8_sol25_gen1
  > Avg FFT Execution Time : 51 clock cycles
  > Total Simulation Time  : 924 clock cycles
  > Golden reference       : FP8 input quantisation
-------------------------------------------------------
  Impulse                         16.90 dB
  Single Tone                     14.72 dB
  Multi-Tone                      14.72 dB
  Chirp (LFM)                     10.54 dB
  Sinusoid (complex)              16.90 dB
  Step Function                   13.05 dB
  Gaussian Pulse                   3.18 dB
  Radar Pulsed Sinusoid            2.88 dB
  Radar Clutter + Target           1.45 dB
  Radar Barker-13 Pulse           16.53 dB
  Radar Doppler Burst              1.83 dB
-------------------------------------------------------
[2026-09-26 02:33:32] [INFO] Solution 25: E=16320.0 pJ/xfrm (dyn=0.0320W saif=1 chksum=1), A=1340 LUTs, LUTRAM=66, DSP=10, BRAM=4, FF=135, SQNR=10.25dB, CritDelay=34.972ns -> NormLat=0.437x, ExecCycles=51, TotSimCycles=924
[2026-09-26 02:33:32] [INFO] Generation 0 complete
==========================================================================================
n_gen  |  n_eval  | n_nds  |     cv_min    |     cv_avg    |      eps      |   indicator  
==========================================================================================
     1 |       26 |      6 |  0.000000E+00 |  0.1301598240 |             - |             -
[2026-09-26 02:33:32] [GEN] === Generation 1 ===
[2026-09-26 02:33:32] [INFO] Evaluating solution 0: [1, 0, 0, 0, 0, 0][2026-09-26 02:33:32] [INFO] Evaluating solution 1: [0, 0, 1, 0, 1, 0]

[2026-09-26 02:33:32] [INFO] Evaluating solution 2: [0, 1, 1, 0, 0, 0][2026-09-26 02:33:32] [INFO] Running Vivado SAIF + power passes for fft_8_sol1_gen2
[2026-09-26 02:33:32] [INFO] Evaluating solution 3: [0, 1, 1, 0, 1, 0]
[2026-09-26 02:33:32] [INFO] Evaluating solution 4: [1, 0, 0, 1, 0, 1]
[2026-09-26 02:33:32] [INFO] Evaluating solution 5: [0, 0, 1, 1, 0, 0]
[2026-09-26 02:33:32] [INFO] Evaluating solution 6: [0, 0, 1, 0, 0, 1]

[2026-09-26 02:33:32] [INFO] Evaluating solution 7: [1, 1, 1, 0, 1, 1]
[2026-09-26 02:33:32] [INFO] Running Vivado SAIF + power passes for fft_8_sol3_gen2
[2026-09-26 02:33:32] [INFO] Running Vivado SAIF + power passes for fft_8_sol2_gen2
[2026-09-26 02:33:32] [INFO] Running Vivado SAIF + power passes for fft_8_sol5_gen2
[2026-09-26 02:33:32] [INFO] Running Vivado SAIF + power passes for fft_8_sol6_gen2
[2026-09-26 02:33:32] [INFO] Running Vivado SAIF + power passes for fft_8_sol7_gen2
[2026-09-26 02:33:32] [INFO] Running Vivado SAIF + power passes for fft_8_sol0_gen2
[2026-09-26 02:33:32] [INFO] Running Vivado SAIF + power passes for fft_8_sol4_gen2

-------------------------------------------------------
  Pipelined Metrics Breakdown - fft_8_sol5_gen2
  > Avg FFT Execution Time : 51 clock cycles
  > Total Simulation Time  : 924 clock cycles
  > Golden reference       : FP4 input quantisation
-------------------------------------------------------
  Impulse                     inf dB (Exact)
  Single Tone                      4.54 dB
  Multi-Tone                       4.54 dB
  Chirp (LFM)                      2.33 dB
  Sinusoid (complex)               0.00 dB
  Step Function                    4.44 dB
  Gaussian Pulse                   5.64 dB
  Radar Pulsed Sinusoid            4.67 dB
  Radar Clutter + Target           1.70 dB
  Radar Barker-13 Pulse            3.85 dB
  Radar Doppler Burst              2.46 dB
-------------------------------------------------------
[2026-09-26 02:35:09] [INFO] Solution 5: E=12240.0 pJ/xfrm (dyn=0.0240W saif=1 chksum=1), A=1346 LUTs, LUTRAM=67, DSP=10, BRAM=4, FF=137, SQNR=12.20dB, CritDelay=34.977ns -> NormLat=0.437x, ExecCycles=51, TotSimCycles=924
[2026-09-26 02:35:09] [INFO] Evaluating solution 8: [1, 0, 0, 1, 1, 0]
[2026-09-26 02:35:09] [INFO] Running Vivado SAIF + power passes for fft_8_sol8_gen2

-------------------------------------------------------
  Pipelined Metrics Breakdown - fft_8_sol1_gen2
  > Avg FFT Execution Time : 51 clock cycles
  > Total Simulation Time  : 924 clock cycles
  > Golden reference       : FP4 input quantisation
-------------------------------------------------------
  Impulse                     inf dB (Exact)
  Single Tone                      4.54 dB
  Multi-Tone                       4.54 dB
  Chirp (LFM)                      2.33 dB
  Sinusoid (complex)               0.00 dB
  Step Function                    4.44 dB
  Gaussian Pulse                   5.64 dB
  Radar Pulsed Sinusoid            4.67 dB
  Radar Clutter + Target           1.70 dB
  Radar Barker-13 Pulse            3.85 dB
  Radar Doppler Burst              2.46 dB
-------------------------------------------------------
[2026-09-26 02:35:09] [INFO] Solution 1: E=12240.0 pJ/xfrm (dyn=0.0240W saif=1 chksum=1), A=845 LUTs, LUTRAM=53, DSP=10, BRAM=4, FF=133, SQNR=12.20dB, CritDelay=26.956ns -> NormLat=0.337x, ExecCycles=51, TotSimCycles=924
[2026-09-26 02:35:09] [INFO] Evaluating solution 9: [1, 0, 1, 1, 1, 0]
[2026-09-26 02:35:09] [INFO] Running Vivado SAIF + power passes for fft_8_sol9_gen2

-------------------------------------------------------
  Pipelined Metrics Breakdown - fft_8_sol0_gen2
  > Avg FFT Execution Time : 51 clock cycles
  > Total Simulation Time  : 924 clock cycles
  > Golden reference       : FP4 input quantisation
-------------------------------------------------------
  Impulse                     inf dB (Exact)
  Single Tone                      4.54 dB
  Multi-Tone                       4.54 dB
  Chirp (LFM)                      2.33 dB
  Sinusoid (complex)               0.00 dB
  Step Function                    4.44 dB
  Gaussian Pulse                   5.64 dB
  Radar Pulsed Sinusoid            4.67 dB
  Radar Clutter + Target           1.70 dB
  Radar Barker-13 Pulse            3.85 dB
  Radar Doppler Burst              2.46 dB
-------------------------------------------------------
[2026-09-26 02:35:09] [INFO] Solution 0: E=12240.0 pJ/xfrm (dyn=0.0240W saif=1 chksum=1), A=845 LUTs, LUTRAM=53, DSP=10, BRAM=4, FF=133, SQNR=12.20dB, CritDelay=26.956ns -> NormLat=0.337x, ExecCycles=51, TotSimCycles=924
[2026-09-26 02:35:09] [INFO] Evaluating solution 10: [0, 1, 1, 0, 0, 1]
[2026-09-26 02:35:09] [INFO] Running Vivado SAIF + power passes for fft_8_sol10_gen2

-------------------------------------------------------
  Pipelined Metrics Breakdown - fft_8_sol2_gen2
  > Avg FFT Execution Time : 51 clock cycles
  > Total Simulation Time  : 924 clock cycles
  > Golden reference       : FP8 input quantisation
-------------------------------------------------------
  Impulse                     inf dB (Exact)
  Single Tone                      3.01 dB
  Multi-Tone                       3.01 dB
  Chirp (LFM)                      3.18 dB
  Sinusoid (complex)               0.00 dB
  Step Function                    2.97 dB
  Gaussian Pulse                   2.55 dB
  Radar Pulsed Sinusoid            2.93 dB
  Radar Clutter + Target           1.40 dB
  Radar Barker-13 Pulse            3.30 dB
  Radar Doppler Burst              1.46 dB
-------------------------------------------------------
[2026-09-26 02:35:13] [INFO] Solution 2: E=12240.0 pJ/xfrm (dyn=0.0240W saif=1 chksum=1), A=1261 LUTs, LUTRAM=67, DSP=10, BRAM=4, FF=137, SQNR=11.26dB, CritDelay=35.292ns -> NormLat=0.441x, ExecCycles=51, TotSimCycles=924
[2026-09-26 02:35:13] [INFO] Evaluating solution 11: [1, 1, 0, 0, 0, 1]
[2026-09-26 02:35:13] [INFO] Running Vivado SAIF + power passes for fft_8_sol11_gen2

-------------------------------------------------------
  Pipelined Metrics Breakdown - fft_8_sol6_gen2
  > Avg FFT Execution Time : 51 clock cycles
  > Total Simulation Time  : 924 clock cycles
  > Golden reference       : FP4 input quantisation
-------------------------------------------------------
  Impulse                     inf dB (Exact)
  Single Tone                      4.64 dB
  Multi-Tone                       4.64 dB
  Chirp (LFM)                      2.66 dB
  Sinusoid (complex)          inf dB (Exact)
  Step Function                   29.81 dB
  Gaussian Pulse                   4.70 dB
  Radar Pulsed Sinusoid            4.70 dB
  Radar Clutter + Target           1.73 dB
  Radar Barker-13 Pulse           29.64 dB
  Radar Doppler Burst              2.53 dB
-------------------------------------------------------
[2026-09-26 02:35:13] [INFO] Solution 6: E=11730.0 pJ/xfrm (dyn=0.0230W saif=1 chksum=1), A=1261 LUTs, LUTRAM=67, DSP=10, BRAM=4, FF=137, SQNR=25.91dB, CritDelay=35.292ns -> NormLat=0.441x, ExecCycles=51, TotSimCycles=924
[2026-09-26 02:35:13] [INFO] Evaluating solution 12: [1, 1, 1, 1, 1, 0]
[2026-09-26 02:35:13] [INFO] Running Vivado SAIF + power passes for fft_8_sol12_gen2

-------------------------------------------------------
  Pipelined Metrics Breakdown - fft_8_sol4_gen2
  > Avg FFT Execution Time : 51 clock cycles
  > Total Simulation Time  : 924 clock cycles
  > Golden reference       : FP4 input quantisation
-------------------------------------------------------
  Impulse                     inf dB (Exact)
  Single Tone                      4.64 dB
  Multi-Tone                       4.64 dB
  Chirp (LFM)                      2.66 dB
  Sinusoid (complex)          inf dB (Exact)
  Step Function                   29.81 dB
  Gaussian Pulse                   4.70 dB
  Radar Pulsed Sinusoid            4.70 dB
  Radar Clutter + Target           1.73 dB
  Radar Barker-13 Pulse           29.64 dB
  Radar Doppler Burst              2.53 dB
-------------------------------------------------------
[2026-09-26 02:35:13] [INFO] Solution 4: E=14790.0 pJ/xfrm (dyn=0.0290W saif=1 chksum=1), A=1266 LUTs, LUTRAM=67, DSP=10, BRAM=4, FF=137, SQNR=25.91dB, CritDelay=35.292ns -> NormLat=0.441x, ExecCycles=51, TotSimCycles=924
[2026-09-26 02:35:13] [INFO] Evaluating solution 13: [0, 0, 0, 1, 0, 1]
[2026-09-26 02:35:13] [INFO] Running Vivado SAIF + power passes for fft_8_sol13_gen2

-------------------------------------------------------
  Pipelined Metrics Breakdown - fft_8_sol3_gen2
  > Avg FFT Execution Time : 51 clock cycles
  > Total Simulation Time  : 924 clock cycles
  > Golden reference       : FP8 input quantisation
-------------------------------------------------------
  Impulse                     inf dB (Exact)
  Single Tone                      3.01 dB
  Multi-Tone                       3.01 dB
  Chirp (LFM)                      3.18 dB
  Sinusoid (complex)               0.00 dB
  Step Function                    2.97 dB
  Gaussian Pulse                   2.55 dB
  Radar Pulsed Sinusoid            2.93 dB
  Radar Clutter + Target           1.40 dB
  Radar Barker-13 Pulse            3.30 dB
  Radar Doppler Burst              1.46 dB
-------------------------------------------------------
[2026-09-26 02:35:13] [INFO] Solution 3: E=12240.0 pJ/xfrm (dyn=0.0240W saif=1 chksum=1), A=1261 LUTs, LUTRAM=67, DSP=10, BRAM=4, FF=137, SQNR=11.26dB, CritDelay=35.292ns -> NormLat=0.441x, ExecCycles=51, TotSimCycles=924
[2026-09-26 02:35:13] [INFO] Evaluating solution 14: [0, 0, 0, 1, 0, 0]
[2026-09-26 02:35:13] [INFO] Running Vivado SAIF + power passes for fft_8_sol14_gen2

-------------------------------------------------------
  Pipelined Metrics Breakdown - fft_8_sol7_gen2
  > Avg FFT Execution Time : 51 clock cycles
  > Total Simulation Time  : 924 clock cycles
  > Golden reference       : FP8 input quantisation
-------------------------------------------------------
  Impulse                         16.90 dB
  Single Tone                     14.72 dB
  Multi-Tone                      14.72 dB
  Chirp (LFM)                     10.54 dB
  Sinusoid (complex)              16.90 dB
  Step Function                   13.05 dB
  Gaussian Pulse                   3.18 dB
  Radar Pulsed Sinusoid            2.88 dB
  Radar Clutter + Target           1.45 dB
  Radar Barker-13 Pulse           16.53 dB
  Radar Doppler Burst              1.83 dB
-------------------------------------------------------
[2026-09-26 02:35:13] [INFO] Solution 7: E=15810.0 pJ/xfrm (dyn=0.0310W saif=1 chksum=1), A=1270 LUTs, LUTRAM=67, DSP=10, BRAM=4, FF=137, SQNR=10.25dB, CritDelay=35.141ns -> NormLat=0.439x, ExecCycles=51, TotSimCycles=924
[2026-09-26 02:35:13] [INFO] Evaluating solution 15: [1, 0, 1, 1, 1, 1]
[2026-09-26 02:35:13] [INFO] Running Vivado SAIF + power passes for fft_8_sol15_gen2

-------------------------------------------------------
  Pipelined Metrics Breakdown - fft_8_sol8_gen2
  > Avg FFT Execution Time : 51 clock cycles
  > Total Simulation Time  : 924 clock cycles
  > Golden reference       : FP4 input quantisation
-------------------------------------------------------
  Impulse                     inf dB (Exact)
  Single Tone                      4.54 dB
  Multi-Tone                       4.54 dB
  Chirp (LFM)                      2.33 dB
  Sinusoid (complex)               0.00 dB
  Step Function                    4.44 dB
  Gaussian Pulse                   5.64 dB
  Radar Pulsed Sinusoid            4.67 dB
  Radar Clutter + Target           1.70 dB
  Radar Barker-13 Pulse            3.85 dB
  Radar Doppler Burst              2.46 dB
-------------------------------------------------------
[2026-09-26 02:36:47] [INFO] Solution 8: E=12750.0 pJ/xfrm (dyn=0.0250W saif=1 chksum=1), A=1264 LUTs, LUTRAM=67, DSP=10, BRAM=4, FF=137, SQNR=12.20dB, CritDelay=35.292ns -> NormLat=0.441x, ExecCycles=51, TotSimCycles=924
[2026-09-26 02:36:47] [INFO] Evaluating solution 16: [0, 1, 0, 0, 0, 1]
[2026-09-26 02:36:47] [INFO] Running Vivado SAIF + power passes for fft_8_sol16_gen2

-------------------------------------------------------
  Pipelined Metrics Breakdown - fft_8_sol9_gen2
  > Avg FFT Execution Time : 51 clock cycles
  > Total Simulation Time  : 924 clock cycles
  > Golden reference       : FP4 input quantisation
-------------------------------------------------------
  Impulse                     inf dB (Exact)
  Single Tone                      4.54 dB
  Multi-Tone                       4.54 dB
  Chirp (LFM)                      2.33 dB
  Sinusoid (complex)               0.00 dB
  Step Function                    4.44 dB
  Gaussian Pulse                   5.64 dB
  Radar Pulsed Sinusoid            4.67 dB
  Radar Clutter + Target           1.70 dB
  Radar Barker-13 Pulse            3.85 dB
  Radar Doppler Burst              2.46 dB
-------------------------------------------------------
[2026-09-26 02:36:48] [INFO] Solution 9: E=12750.0 pJ/xfrm (dyn=0.0250W saif=1 chksum=1), A=1274 LUTs, LUTRAM=67, DSP=10, BRAM=4, FF=137, SQNR=12.20dB, CritDelay=35.144ns -> NormLat=0.439x, ExecCycles=51, TotSimCycles=924
[2026-09-26 02:36:48] [INFO] Evaluating solution 17: [1, 0, 0, 0, 1, 1]
[2026-09-26 02:36:48] [INFO] Running Vivado SAIF + power passes for fft_8_sol17_gen2

-------------------------------------------------------
  Pipelined Metrics Breakdown - fft_8_sol10_gen2
  > Avg FFT Execution Time : 51 clock cycles
  > Total Simulation Time  : 924 clock cycles
  > Golden reference       : FP8 input quantisation
-------------------------------------------------------
  Impulse                         16.90 dB
  Single Tone                      2.87 dB
  Multi-Tone                       2.87 dB
  Chirp (LFM)                      2.64 dB
  Sinusoid (complex)              16.90 dB
  Step Function                   12.81 dB
  Gaussian Pulse                   3.18 dB
  Radar Pulsed Sinusoid            2.88 dB
  Radar Clutter + Target           1.32 dB
  Radar Barker-13 Pulse           15.95 dB
  Radar Doppler Burst              1.58 dB
-------------------------------------------------------
[2026-09-26 02:36:48] [INFO] Solution 10: E=15810.0 pJ/xfrm (dyn=0.0310W saif=1 chksum=1), A=1256 LUTs, LUTRAM=67, DSP=10, BRAM=4, FF=137, SQNR=7.27dB, CritDelay=35.288ns -> NormLat=0.441x, ExecCycles=51, TotSimCycles=924
[2026-09-26 02:36:48] [INFO] Evaluating solution 18: [0, 1, 0, 0, 0, 0]
[2026-09-26 02:36:48] [INFO] Running Vivado SAIF + power passes for fft_8_sol18_gen2

-------------------------------------------------------
  Pipelined Metrics Breakdown - fft_8_sol15_gen2
  > Avg FFT Execution Time : 51 clock cycles
  > Total Simulation Time  : 924 clock cycles
  > Golden reference       : FP4 input quantisation
-------------------------------------------------------
  Impulse                     inf dB (Exact)
  Single Tone                      4.64 dB
  Multi-Tone                       4.64 dB
  Chirp (LFM)                      2.66 dB
  Sinusoid (complex)          inf dB (Exact)
  Step Function                   39.35 dB
  Gaussian Pulse                   4.70 dB
  Radar Pulsed Sinusoid            4.70 dB
  Radar Clutter + Target           1.73 dB
  Radar Barker-13 Pulse           39.18 dB
  Radar Doppler Burst              2.53 dB
-------------------------------------------------------
[2026-09-26 02:36:52] [INFO] Solution 15: E=15300.0 pJ/xfrm (dyn=0.0300W saif=1 chksum=1), A=1277 LUTs, LUTRAM=67, DSP=10, BRAM=4, FF=137, SQNR=27.65dB, CritDelay=35.144ns -> NormLat=0.439x, ExecCycles=51, TotSimCycles=924
[2026-09-26 02:36:52] [INFO] Evaluating solution 19: [1, 1, 0, 0, 1, 0]
[2026-09-26 02:36:52] [INFO] Running Vivado SAIF + power passes for fft_8_sol19_gen2

-------------------------------------------------------
  Pipelined Metrics Breakdown - fft_8_sol12_gen2
  > Avg FFT Execution Time : 51 clock cycles
  > Total Simulation Time  : 924 clock cycles
  > Golden reference       : FP8 input quantisation
-------------------------------------------------------
  Impulse                     inf dB (Exact)
  Single Tone                 inf dB (Exact)
  Multi-Tone                  inf dB (Exact)
  Chirp (LFM)                 inf dB (Exact)
  Sinusoid (complex)               0.00 dB
  Step Function                   19.87 dB
  Gaussian Pulse                   4.77 dB
  Radar Pulsed Sinusoid           17.56 dB
  Radar Clutter + Target           0.00 dB
  Radar Barker-13 Pulse            3.47 dB
  Radar Doppler Burst              8.45 dB
-------------------------------------------------------
[2026-09-26 02:36:52] [INFO] Solution 12: E=12240.0 pJ/xfrm (dyn=0.0240W saif=1 chksum=1), A=1268 LUTs, LUTRAM=67, DSP=10, BRAM=4, FF=137, SQNR=41.28dB, CritDelay=35.141ns -> NormLat=0.439x, ExecCycles=51, TotSimCycles=924
[2026-09-26 02:36:52] [INFO] Evaluating solution 20: [1, 0, 1, 1, 0, 1]
[2026-09-26 02:36:52] [INFO] Running Vivado SAIF + power passes for fft_8_sol20_gen2

-------------------------------------------------------
  Pipelined Metrics Breakdown - fft_8_sol11_gen2
  > Avg FFT Execution Time : 51 clock cycles
  > Total Simulation Time  : 924 clock cycles
  > Golden reference       : FP8 input quantisation
-------------------------------------------------------
  Impulse                         16.90 dB
  Single Tone                      9.79 dB
  Multi-Tone                       9.79 dB
  Chirp (LFM)                     10.54 dB
  Sinusoid (complex)              16.90 dB
  Step Function                   12.81 dB
  Gaussian Pulse                   3.18 dB
  Radar Pulsed Sinusoid            2.88 dB
  Radar Clutter + Target           1.46 dB
  Radar Barker-13 Pulse           15.95 dB
  Radar Doppler Burst              1.83 dB
-------------------------------------------------------
[2026-09-26 02:36:52] [INFO] Solution 11: E=15300.0 pJ/xfrm (dyn=0.0300W saif=1 chksum=1), A=1247 LUTs, LUTRAM=67, DSP=10, BRAM=4, FF=137, SQNR=9.28dB, CritDelay=35.137ns -> NormLat=0.439x, ExecCycles=51, TotSimCycles=924
[2026-09-26 02:36:52] [INFO] Evaluating solution 21: [0, 0, 0, 0, 1, 1]
[2026-09-26 02:36:52] [INFO] Running Vivado SAIF + power passes for fft_8_sol21_gen2

-------------------------------------------------------
  Pipelined Metrics Breakdown - fft_8_sol13_gen2
  > Avg FFT Execution Time : 51 clock cycles
  > Total Simulation Time  : 924 clock cycles
  > Golden reference       : FP4 input quantisation
-------------------------------------------------------
  Impulse                     inf dB (Exact)
  Single Tone                      4.64 dB
  Multi-Tone                       4.64 dB
  Chirp (LFM)                      2.66 dB
  Sinusoid (complex)          inf dB (Exact)
  Step Function                   29.81 dB
  Gaussian Pulse                   4.70 dB
  Radar Pulsed Sinusoid            4.70 dB
  Radar Clutter + Target           1.73 dB
  Radar Barker-13 Pulse           29.64 dB
  Radar Doppler Burst              2.53 dB
-------------------------------------------------------
[2026-09-26 02:37:01] [INFO] Solution 13: E=14790.0 pJ/xfrm (dyn=0.0290W saif=1 chksum=1), A=857 LUTs, LUTRAM=46, DSP=6, BRAM=4, FF=119, SQNR=25.91dB, CritDelay=25.007ns -> NormLat=0.313x, ExecCycles=51, TotSimCycles=924
[2026-09-26 02:37:01] [INFO] Evaluating solution 22: [0, 0, 1, 1, 0, 1]
[2026-09-26 02:37:01] [INFO] Running Vivado SAIF + power passes for fft_8_sol22_gen2

-------------------------------------------------------
  Pipelined Metrics Breakdown - fft_8_sol14_gen2
  > Avg FFT Execution Time : 51 clock cycles
  > Total Simulation Time  : 924 clock cycles
  > Golden reference       : FP4 input quantisation
-------------------------------------------------------
  Impulse                     inf dB (Exact)
  Single Tone                      4.54 dB
  Multi-Tone                       4.54 dB
  Chirp (LFM)                      2.33 dB
  Sinusoid (complex)               0.00 dB
  Step Function                    4.44 dB
  Gaussian Pulse                   5.64 dB
  Radar Pulsed Sinusoid            4.67 dB
  Radar Clutter + Target           1.70 dB
  Radar Barker-13 Pulse            3.85 dB
  Radar Doppler Burst              2.46 dB
-------------------------------------------------------
[2026-09-26 02:37:04] [INFO] Solution 14: E=12240.0 pJ/xfrm (dyn=0.0240W saif=1 chksum=1), A=857 LUTs, LUTRAM=46, DSP=6, BRAM=4, FF=119, SQNR=12.20dB, CritDelay=25.007ns -> NormLat=0.313x, ExecCycles=51, TotSimCycles=924
[2026-09-26 02:37:04] [INFO] Evaluating solution 23: [0, 1, 0, 1, 1, 1]
[2026-09-26 02:37:04] [INFO] Running Vivado SAIF + power passes for fft_8_sol23_gen2

-------------------------------------------------------
  Pipelined Metrics Breakdown - fft_8_sol17_gen2
  > Avg FFT Execution Time : 51 clock cycles
  > Total Simulation Time  : 924 clock cycles
  > Golden reference       : FP4 input quantisation
-------------------------------------------------------
  Impulse                     inf dB (Exact)
  Single Tone                      4.64 dB
  Multi-Tone                       4.64 dB
  Chirp (LFM)                      2.66 dB
  Sinusoid (complex)          inf dB (Exact)
  Step Function                   39.35 dB
  Gaussian Pulse                   4.70 dB
  Radar Pulsed Sinusoid            4.70 dB
  Radar Clutter + Target           1.73 dB
  Radar Barker-13 Pulse           39.18 dB
  Radar Doppler Burst              2.53 dB
-------------------------------------------------------
[2026-09-26 02:38:26] [INFO] Solution 17: E=11730.0 pJ/xfrm (dyn=0.0230W saif=1 chksum=1), A=1273 LUTs, LUTRAM=67, DSP=10, BRAM=4, FF=137, SQNR=27.65dB, CritDelay=35.144ns -> NormLat=0.439x, ExecCycles=51, TotSimCycles=924
[2026-09-26 02:38:26] [INFO] Evaluating solution 24: [1, 1, 1, 0, 0, 0]
[2026-09-26 02:38:26] [INFO] Running Vivado SAIF + power passes for fft_8_sol24_gen2

-------------------------------------------------------
  Pipelined Metrics Breakdown - fft_8_sol21_gen2
  > Avg FFT Execution Time : 51 clock cycles
  > Total Simulation Time  : 924 clock cycles
  > Golden reference       : FP4 input quantisation
-------------------------------------------------------
  Impulse                     inf dB (Exact)
  Single Tone                      4.64 dB
  Multi-Tone                       4.64 dB
  Chirp (LFM)                      2.66 dB
  Sinusoid (complex)          inf dB (Exact)
  Step Function                   39.35 dB
  Gaussian Pulse                   4.70 dB
  Radar Pulsed Sinusoid            4.70 dB
  Radar Clutter + Target           1.73 dB
  Radar Barker-13 Pulse           39.18 dB
  Radar Doppler Burst              2.53 dB
-------------------------------------------------------
[2026-09-26 02:38:30] [INFO] Solution 21: E=11730.0 pJ/xfrm (dyn=0.0230W saif=1 chksum=1), A=1341 LUTs, LUTRAM=67, DSP=10, BRAM=4, FF=137, SQNR=27.65dB, CritDelay=34.977ns -> NormLat=0.437x, ExecCycles=51, TotSimCycles=924
[2026-09-26 02:38:30] [INFO] Evaluating solution 25: [1, 0, 0, 0, 0, 1]
[2026-09-26 02:38:30] [INFO] Running Vivado SAIF + power passes for fft_8_sol25_gen2

-------------------------------------------------------
  Pipelined Metrics Breakdown - fft_8_sol19_gen2
  > Avg FFT Execution Time : 51 clock cycles
  > Total Simulation Time  : 924 clock cycles
  > Golden reference       : FP8 input quantisation
-------------------------------------------------------
  Impulse                     inf dB (Exact)
  Single Tone                     -0.26 dB
  Multi-Tone                      -0.26 dB
  Chirp (LFM)                     11.14 dB
  Sinusoid (complex)               0.00 dB
  Step Function                    2.97 dB
  Gaussian Pulse                   2.55 dB
  Radar Pulsed Sinusoid            2.93 dB
  Radar Clutter + Target           1.08 dB
  Radar Barker-13 Pulse            3.30 dB
  Radar Doppler Burst              2.08 dB
-------------------------------------------------------
[2026-09-26 02:38:31] [INFO] Solution 19: E=12240.0 pJ/xfrm (dyn=0.0240W saif=1 chksum=1), A=1273 LUTs, LUTRAM=67, DSP=10, BRAM=4, FF=137, SQNR=11.41dB, CritDelay=35.144ns -> NormLat=0.439x, ExecCycles=51, TotSimCycles=924
[2026-09-26 02:38:31] [INFO] Evaluating solution 26: [0, 0, 0, 1, 1, 0]
[2026-09-26 02:38:31] [INFO] Running Vivado SAIF + power passes for fft_8_sol26_gen2

-------------------------------------------------------
  Pipelined Metrics Breakdown - fft_8_sol20_gen2
  > Avg FFT Execution Time : 51 clock cycles
  > Total Simulation Time  : 924 clock cycles
  > Golden reference       : FP4 input quantisation
-------------------------------------------------------
  Impulse                     inf dB (Exact)
  Single Tone                      4.64 dB
  Multi-Tone                       4.64 dB
  Chirp (LFM)                      2.66 dB
  Sinusoid (complex)          inf dB (Exact)
  Step Function                   29.81 dB
  Gaussian Pulse                   4.70 dB
  Radar Pulsed Sinusoid            4.70 dB
  Radar Clutter + Target           1.73 dB
  Radar Barker-13 Pulse           29.64 dB
  Radar Doppler Burst              2.53 dB
-------------------------------------------------------
[2026-09-26 02:38:31] [INFO] Solution 20: E=14790.0 pJ/xfrm (dyn=0.0290W saif=1 chksum=1), A=1278 LUTs, LUTRAM=67, DSP=10, BRAM=4, FF=137, SQNR=25.91dB, CritDelay=35.144ns -> NormLat=0.439x, ExecCycles=51, TotSimCycles=924
[2026-09-26 02:38:31] [INFO] Evaluating solution 27: [0, 1, 1, 1, 1, 1]
[2026-09-26 02:38:31] [INFO] Running Vivado SAIF + power passes for fft_8_sol27_gen2

-------------------------------------------------------
  Pipelined Metrics Breakdown - fft_8_sol22_gen2
  > Avg FFT Execution Time : 51 clock cycles
  > Total Simulation Time  : 924 clock cycles
  > Golden reference       : FP4 input quantisation
-------------------------------------------------------
  Impulse                     inf dB (Exact)
  Single Tone                      4.64 dB
  Multi-Tone                       4.64 dB
  Chirp (LFM)                      2.66 dB
  Sinusoid (complex)          inf dB (Exact)
  Step Function                   29.81 dB
  Gaussian Pulse                   4.70 dB
  Radar Pulsed Sinusoid            4.70 dB
  Radar Clutter + Target           1.73 dB
  Radar Barker-13 Pulse           29.64 dB
  Radar Doppler Burst              2.53 dB
-------------------------------------------------------
[2026-09-26 02:38:38] [INFO] Solution 22: E=14790.0 pJ/xfrm (dyn=0.0290W saif=1 chksum=1), A=1254 LUTs, LUTRAM=67, DSP=10, BRAM=4, FF=137, SQNR=25.91dB, CritDelay=35.142ns -> NormLat=0.439x, ExecCycles=51, TotSimCycles=924
[2026-09-26 02:38:38] [INFO] Evaluating solution 28: [1, 1, 0, 1, 0, 1]
[2026-09-26 02:38:38] [INFO] Running Vivado SAIF + power passes for fft_8_sol28_gen2

-------------------------------------------------------
  Pipelined Metrics Breakdown - fft_8_sol16_gen2
  > Avg FFT Execution Time : 51 clock cycles
  > Total Simulation Time  : 924 clock cycles
  > Golden reference       : FP8 input quantisation
-------------------------------------------------------
  Impulse                         16.90 dB
  Single Tone                      2.87 dB
  Multi-Tone                       2.87 dB
  Chirp (LFM)                      2.99 dB
  Sinusoid (complex)              16.90 dB
  Step Function                   12.81 dB
  Gaussian Pulse                   3.18 dB
  Radar Pulsed Sinusoid            2.88 dB
  Radar Clutter + Target           1.32 dB
  Radar Barker-13 Pulse           15.95 dB
  Radar Doppler Burst              1.58 dB
-------------------------------------------------------
[2026-09-26 02:38:38] [INFO] Solution 16: E=15300.0 pJ/xfrm (dyn=0.0300W saif=1 chksum=1), A=853 LUTs, LUTRAM=45, DSP=6, BRAM=4, FF=117, SQNR=7.30dB, CritDelay=25.008ns -> NormLat=0.313x, ExecCycles=51, TotSimCycles=924
[2026-09-26 02:38:38] [INFO] Evaluating solution 29: [1, 0, 0, 0, 1, 0]
[2026-09-26 02:38:38] [INFO] Running Vivado SAIF + power passes for fft_8_sol29_gen2

-------------------------------------------------------
  Pipelined Metrics Breakdown - fft_8_sol18_gen2
  > Avg FFT Execution Time : 51 clock cycles
  > Total Simulation Time  : 924 clock cycles
  > Golden reference       : FP8 input quantisation
-------------------------------------------------------
  Impulse                     inf dB (Exact)
  Single Tone                      3.01 dB
  Multi-Tone                       3.01 dB
  Chirp (LFM)                      4.15 dB
  Sinusoid (complex)               0.00 dB
  Step Function                    2.97 dB
  Gaussian Pulse                   2.55 dB
  Radar Pulsed Sinusoid            2.93 dB
  Radar Clutter + Target           1.40 dB
  Radar Barker-13 Pulse            3.30 dB
  Radar Doppler Burst              1.46 dB
-------------------------------------------------------
[2026-09-26 02:38:39] [INFO] Solution 18: E=11730.0 pJ/xfrm (dyn=0.0230W saif=1 chksum=1), A=853 LUTs, LUTRAM=46, DSP=6, BRAM=4, FF=119, SQNR=11.34dB, CritDelay=25.007ns -> NormLat=0.313x, ExecCycles=51, TotSimCycles=924

-------------------------------------------------------
  Pipelined Metrics Breakdown - fft_8_sol23_gen2
  > Avg FFT Execution Time : 51 clock cycles
  > Total Simulation Time  : 924 clock cycles
  > Golden reference       : FP8 input quantisation
-------------------------------------------------------
  Impulse                     inf dB (Exact)
  Single Tone                      3.84 dB
  Multi-Tone                       3.84 dB
  Chirp (LFM)                      4.30 dB
  Sinusoid (complex)              16.14 dB
  Step Function                   17.15 dB
  Gaussian Pulse                   3.18 dB
  Radar Pulsed Sinusoid            2.88 dB
  Radar Clutter + Target           1.91 dB
  Radar Barker-13 Pulse           19.67 dB
  Radar Doppler Burst              1.90 dB
-------------------------------------------------------
[2026-09-26 02:38:42] [INFO] Solution 23: E=15810.0 pJ/xfrm (dyn=0.0310W saif=1 chksum=1), A=1202 LUTs, LUTRAM=67, DSP=10, BRAM=4, FF=128, SQNR=15.89dB, CritDelay=35.142ns -> NormLat=0.439x, ExecCycles=51, TotSimCycles=924

-------------------------------------------------------
  Pipelined Metrics Breakdown - fft_8_sol24_gen2
  > Avg FFT Execution Time : 51 clock cycles
  > Total Simulation Time  : 924 clock cycles
  > Golden reference       : FP8 input quantisation
-------------------------------------------------------
  Impulse                     inf dB (Exact)
  Single Tone                     -0.26 dB
  Multi-Tone                      -0.26 dB
  Chirp (LFM)                     11.14 dB
  Sinusoid (complex)               0.00 dB
  Step Function                    2.97 dB
  Gaussian Pulse                   2.55 dB
  Radar Pulsed Sinusoid            2.93 dB
  Radar Clutter + Target           1.08 dB
  Radar Barker-13 Pulse            3.30 dB
  Radar Doppler Burst              2.08 dB
-------------------------------------------------------
[2026-09-26 02:39:59] [INFO] Solution 24: E=12240.0 pJ/xfrm (dyn=0.0240W saif=1 chksum=1), A=1273 LUTs, LUTRAM=67, DSP=10, BRAM=4, FF=137, SQNR=11.41dB, CritDelay=35.144ns -> NormLat=0.439x, ExecCycles=51, TotSimCycles=924

-------------------------------------------------------
  Pipelined Metrics Breakdown - fft_8_sol25_gen2
  > Avg FFT Execution Time : 51 clock cycles
  > Total Simulation Time  : 924 clock cycles
  > Golden reference       : FP4 input quantisation
-------------------------------------------------------
  Impulse                     inf dB (Exact)
  Single Tone                      4.64 dB
  Multi-Tone                       4.64 dB
  Chirp (LFM)                      2.66 dB
  Sinusoid (complex)          inf dB (Exact)
  Step Function                   29.81 dB
  Gaussian Pulse                   4.70 dB
  Radar Pulsed Sinusoid            4.70 dB
  Radar Clutter + Target           1.73 dB
  Radar Barker-13 Pulse           29.64 dB
  Radar Doppler Burst              2.53 dB
-------------------------------------------------------
[2026-09-26 02:40:03] [INFO] Solution 25: E=11730.0 pJ/xfrm (dyn=0.0230W saif=1 chksum=1), A=1261 LUTs, LUTRAM=67, DSP=10, BRAM=4, FF=137, SQNR=25.91dB, CritDelay=35.292ns -> NormLat=0.441x, ExecCycles=51, TotSimCycles=924

-------------------------------------------------------
  Pipelined Metrics Breakdown - fft_8_sol27_gen2
  > Avg FFT Execution Time : 51 clock cycles
  > Total Simulation Time  : 924 clock cycles
  > Golden reference       : FP8 input quantisation
-------------------------------------------------------
  Impulse                     inf dB (Exact)
  Single Tone                      5.84 dB
  Multi-Tone                       5.84 dB
  Chirp (LFM)                      5.51 dB
  Sinusoid (complex)              19.81 dB
  Step Function                   21.21 dB
  Gaussian Pulse                   5.78 dB
  Radar Pulsed Sinusoid            5.85 dB
  Radar Clutter + Target           4.07 dB
  Radar Barker-13 Pulse           21.56 dB
  Radar Doppler Burst              6.72 dB
-------------------------------------------------------
[2026-09-26 02:40:04] [INFO] Solution 27: E=15810.0 pJ/xfrm (dyn=0.0310W saif=1 chksum=1), A=1202 LUTs, LUTRAM=67, DSP=10, BRAM=4, FF=128, SQNR=18.38dB, CritDelay=35.142ns -> NormLat=0.439x, ExecCycles=51, TotSimCycles=924

-------------------------------------------------------
  Pipelined Metrics Breakdown - fft_8_sol26_gen2
  > Avg FFT Execution Time : 51 clock cycles
  > Total Simulation Time  : 924 clock cycles
  > Golden reference       : FP4 input quantisation
-------------------------------------------------------
  Impulse                     inf dB (Exact)
  Single Tone                      4.54 dB
  Multi-Tone                       4.54 dB
  Chirp (LFM)                      2.33 dB
  Sinusoid (complex)               0.00 dB
  Step Function                    4.44 dB
  Gaussian Pulse                   5.64 dB
  Radar Pulsed Sinusoid            4.67 dB
  Radar Clutter + Target           1.70 dB
  Radar Barker-13 Pulse            3.85 dB
  Radar Doppler Burst              2.46 dB
-------------------------------------------------------
[2026-09-26 02:40:04] [INFO] Solution 26: E=12240.0 pJ/xfrm (dyn=0.0240W saif=1 chksum=1), A=1266 LUTs, LUTRAM=67, DSP=10, BRAM=4, FF=137, SQNR=12.20dB, CritDelay=35.292ns -> NormLat=0.441x, ExecCycles=51, TotSimCycles=924

-------------------------------------------------------
  Pipelined Metrics Breakdown - fft_8_sol29_gen2
  > Avg FFT Execution Time : 51 clock cycles
  > Total Simulation Time  : 924 clock cycles
  > Golden reference       : FP4 input quantisation
-------------------------------------------------------
  Impulse                     inf dB (Exact)
  Single Tone                      4.54 dB
  Multi-Tone                       4.54 dB
  Chirp (LFM)                      2.33 dB
  Sinusoid (complex)               0.00 dB
  Step Function                    4.44 dB
  Gaussian Pulse                   5.64 dB
  Radar Pulsed Sinusoid            4.67 dB
  Radar Clutter + Target           1.70 dB
  Radar Barker-13 Pulse            3.85 dB
  Radar Doppler Burst              2.46 dB
-------------------------------------------------------
[2026-09-26 02:40:08] [INFO] Solution 29: E=12240.0 pJ/xfrm (dyn=0.0240W saif=1 chksum=1), A=851 LUTs, LUTRAM=52, DSP=10, BRAM=4, FF=131, SQNR=12.20dB, CritDelay=26.776ns -> NormLat=0.335x, ExecCycles=51, TotSimCycles=924

-------------------------------------------------------
  Pipelined Metrics Breakdown - fft_8_sol28_gen2
  > Avg FFT Execution Time : 51 clock cycles
  > Total Simulation Time  : 924 clock cycles
  > Golden reference       : FP8 input quantisation
-------------------------------------------------------
  Impulse                     inf dB (Exact)
  Single Tone                     10.27 dB
  Multi-Tone                      10.27 dB
  Chirp (LFM)                      9.62 dB
  Sinusoid (complex)              16.16 dB
  Step Function                   13.29 dB
  Gaussian Pulse                   3.30 dB
  Radar Pulsed Sinusoid            2.95 dB
  Radar Clutter + Target          20.26 dB
  Radar Barker-13 Pulse           16.92 dB
  Radar Doppler Burst              2.73 dB
-------------------------------------------------------
[2026-09-26 02:40:10] [INFO] Solution 28: E=15810.0 pJ/xfrm (dyn=0.0310W saif=1 chksum=1), A=1202 LUTs, LUTRAM=67, DSP=10, BRAM=4, FF=128, SQNR=18.71dB, CritDelay=35.142ns -> NormLat=0.439x, ExecCycles=51, TotSimCycles=924
[2026-09-26 02:40:10] [INFO] Generation 1 complete
     2 |       56 |      5 |  0.000000E+00 |  0.000000E+00 |  0.0637285487 |             f
[2026-09-26 02:40:10] [GEN] === Generation 2 ===
[2026-09-26 02:40:10] [INFO] Evaluating solution 0: [0, 0, 0, 1, 1, 0]
[2026-09-26 02:40:10] [INFO] Evaluating solution 1: [1, 1, 0, 0, 1, 1]
[2026-09-26 02:40:10] [INFO] Evaluating solution 2: [0, 1, 1, 1, 0, 0]
[2026-09-26 02:40:10] [INFO] Evaluating solution 3: [0, 1, 0, 0, 1, 0]
[2026-09-26 02:40:10] [INFO] Evaluating solution 4: [1, 1, 1, 0, 1, 0]
[2026-09-26 02:40:10] [INFO] Evaluating solution 5: [1, 1, 0, 1, 0, 1]
[2026-09-26 02:40:10] [INFO] Evaluating solution 6: [1, 0, 0, 1, 0, 1]
[2026-09-26 02:40:10] [INFO] Evaluating solution 7: [0, 0, 1, 1, 0, 0]
[2026-09-26 02:40:10] [INFO] Evaluating solution 8: [1, 0, 1, 0, 1, 1][2026-09-26 02:40:10] [INFO] Evaluating solution 9: [0, 0, 1, 1, 1, 0]

[2026-09-26 02:40:10] [INFO] Evaluating solution 10: [0, 1, 1, 1, 1, 1]
[2026-09-26 02:40:10] [INFO] Evaluating solution 11: [1, 0, 1, 1, 0, 0]
[2026-09-26 02:40:10] [INFO] Evaluating solution 12: [1, 0, 1, 1, 1, 0]
[2026-09-26 02:40:10] [INFO] Running Vivado SAIF + power passes for fft_8_sol2_gen3[2026-09-26 02:40:10] [INFO] Evaluating solution 13: [1, 0, 0, 1, 1, 0]

[2026-09-26 02:40:10] [INFO] Evaluating solution 14: [1, 1, 0, 1, 1, 1]
[2026-09-26 02:40:10] [INFO] Evaluating solution 15: [0, 1, 1, 1, 0, 1]
[2026-09-26 02:40:10] [INFO] Evaluating solution 16: [0, 1, 0, 0, 0, 1]
[2026-09-26 02:40:10] [INFO] Evaluating solution 17: [1, 0, 0, 1, 1, 1]
[2026-09-26 02:40:10] [INFO] Running Vivado SAIF + power passes for fft_8_sol8_gen3
[2026-09-26 02:40:10] [INFO] Evaluating solution 18: [1, 1, 0, 0, 0, 1]
[2026-09-26 02:40:10] [INFO] Evaluating solution 19: [0, 1, 0, 0, 1, 1][2026-09-26 02:40:10] [INFO] Evaluating solution 20: [0, 1, 1, 0, 1, 1]

[2026-09-26 02:40:10] [INFO] Evaluating solution 21: [1, 1, 1, 0, 1, 1]
[2026-09-26 02:40:10] [INFO] Evaluating solution 22: [1, 1, 0, 1, 1, 0]
[2026-09-26 02:40:10] [INFO] Evaluating solution 23: [1, 1, 0, 0, 1, 0]
[2026-09-26 02:40:10] [INFO] Evaluating solution 24: [1, 1, 0, 1, 0, 0]
[2026-09-26 02:40:10] [INFO] Evaluating solution 25: [1, 1, 1, 0, 0, 0]
[2026-09-26 02:40:10] [INFO] Evaluating solution 26: [0, 1, 0, 1, 1, 1]
[2026-09-26 02:40:10] [INFO] Running Vivado SAIF + power passes for fft_8_sol17_gen3
[2026-09-26 02:40:10] [INFO] Evaluating solution 27: [0, 1, 0, 1, 1, 0]
[2026-09-26 02:40:10] [INFO] Running Vivado SAIF + power passes for fft_8_sol14_gen3
[2026-09-26 02:40:10] [INFO] Running Vivado SAIF + power passes for fft_8_sol24_gen3
[2026-09-26 02:40:10] [INFO] Running Vivado SAIF + power passes for fft_8_sol19_gen3
[2026-09-26 02:40:10] [INFO] Running Vivado SAIF + power passes for fft_8_sol22_gen3
[2026-09-26 02:40:10] [INFO] Running Vivado SAIF + power passes for fft_8_sol27_gen3

-------------------------------------------------------
  Pipelined Metrics Breakdown - fft_8_sol17_gen3
  > Avg FFT Execution Time : 51 clock cycles
  > Total Simulation Time  : 924 clock cycles
  > Golden reference       : FP4 input quantisation
-------------------------------------------------------
  Impulse                     inf dB (Exact)
  Single Tone                      4.64 dB
  Multi-Tone                       4.64 dB
  Chirp (LFM)                      2.66 dB
  Sinusoid (complex)          inf dB (Exact)
  Step Function                   39.35 dB
  Gaussian Pulse                   4.70 dB
  Radar Pulsed Sinusoid            4.70 dB
  Radar Clutter + Target           1.73 dB
  Radar Barker-13 Pulse           39.18 dB
  Radar Doppler Burst              2.53 dB
-------------------------------------------------------
[2026-09-26 02:41:50] [INFO] Solution 17: E=15300.0 pJ/xfrm (dyn=0.0300W saif=1 chksum=1), A=1278 LUTs, LUTRAM=67, DSP=10, BRAM=4, FF=137, SQNR=27.65dB, CritDelay=35.144ns -> NormLat=0.439x, ExecCycles=51, TotSimCycles=924
[2026-09-26 02:41:50] [INFO] Evaluating solution 28: [0, 1, 1, 0, 0, 0]

-------------------------------------------------------
  Pipelined Metrics Breakdown - fft_8_sol22_gen3
  > Avg FFT Execution Time : 51 clock cycles
  > Total Simulation Time  : 924 clock cycles
  > Golden reference       : FP8 input quantisation
-------------------------------------------------------
  Impulse                     inf dB (Exact)
  Single Tone                     -0.26 dB
  Multi-Tone                      -0.26 dB
  Chirp (LFM)                     11.14 dB
  Sinusoid (complex)               0.00 dB
  Step Function                   19.87 dB
  Gaussian Pulse                   2.55 dB
  Radar Pulsed Sinusoid            0.48 dB
  Radar Clutter + Target          21.61 dB
  Radar Barker-13 Pulse            3.47 dB
  Radar Doppler Burst             -0.58 dB
-------------------------------------------------------
[2026-09-26 02:41:50] [INFO] Solution 22: E=11730.0 pJ/xfrm (dyn=0.0230W saif=1 chksum=1), A=1270 LUTs, LUTRAM=67, DSP=10, BRAM=4, FF=137, SQNR=14.37dB, CritDelay=35.141ns -> NormLat=0.439x, ExecCycles=51, TotSimCycles=924

-------------------------------------------------------
  Pipelined Metrics Breakdown - fft_8_sol14_gen3
  > Avg FFT Execution Time : 51 clock cycles
  > Total Simulation Time  : 924 clock cycles
  > Golden reference       : FP8 input quantisation
-------------------------------------------------------
  Impulse                     inf dB (Exact)
  Single Tone                     17.78 dB
  Multi-Tone                      17.78 dB
  Chirp (LFM)                     13.61 dB
  Sinusoid (complex)              19.91 dB
  Step Function                   18.20 dB
  Gaussian Pulse                   6.27 dB
  Radar Pulsed Sinusoid            5.90 dB
  Radar Clutter + Target          19.19 dB
  Radar Barker-13 Pulse           19.93 dB
  Radar Doppler Burst              4.57 dB
-------------------------------------------------------
[2026-09-26 02:41:51] [INFO] Solution 14: E=15810.0 pJ/xfrm (dyn=0.0310W saif=1 chksum=1), A=1202 LUTs, LUTRAM=67, DSP=10, BRAM=4, FF=128, SQNR=22.10dB, CritDelay=35.142ns -> NormLat=0.439x, ExecCycles=51, TotSimCycles=924

-------------------------------------------------------
  Pipelined Metrics Breakdown - fft_8_sol24_gen3
  > Avg FFT Execution Time : 51 clock cycles
  > Total Simulation Time  : 924 clock cycles
  > Golden reference       : FP8 input quantisation
-------------------------------------------------------
  Impulse                     inf dB (Exact)
  Single Tone                     -0.26 dB
  Multi-Tone                      -0.26 dB
  Chirp (LFM)                     11.14 dB
  Sinusoid (complex)               0.00 dB
  Step Function                    2.97 dB
  Gaussian Pulse                   2.55 dB
  Radar Pulsed Sinusoid            2.93 dB
  Radar Clutter + Target          21.61 dB
  Radar Barker-13 Pulse            3.30 dB
  Radar Doppler Burst              2.08 dB
-------------------------------------------------------
[2026-09-26 02:41:51] [INFO] Solution 24: E=11730.0 pJ/xfrm (dyn=0.0230W saif=1 chksum=1), A=1245 LUTs, LUTRAM=67, DSP=10, BRAM=4, FF=137, SQNR=13.28dB, CritDelay=35.137ns -> NormLat=0.439x, ExecCycles=51, TotSimCycles=924

-------------------------------------------------------
  Pipelined Metrics Breakdown - fft_8_sol27_gen3
  > Avg FFT Execution Time : 51 clock cycles
  > Total Simulation Time  : 924 clock cycles
  > Golden reference       : FP8 input quantisation
-------------------------------------------------------
  Impulse                     inf dB (Exact)
  Single Tone                      3.01 dB
  Multi-Tone                       3.01 dB
  Chirp (LFM)                      4.15 dB
  Sinusoid (complex)               0.00 dB
  Step Function                   19.87 dB
  Gaussian Pulse                   2.55 dB
  Radar Pulsed Sinusoid            2.93 dB
  Radar Clutter + Target           1.40 dB
  Radar Barker-13 Pulse            3.47 dB
  Radar Doppler Burst              1.46 dB
-------------------------------------------------------
[2026-09-26 02:41:51] [INFO] Solution 27: E=11730.0 pJ/xfrm (dyn=0.0230W saif=1 chksum=1), A=1254 LUTs, LUTRAM=67, DSP=10, BRAM=4, FF=137, SQNR=12.90dB, CritDelay=35.288ns -> NormLat=0.441x, ExecCycles=51, TotSimCycles=924

-------------------------------------------------------
  Pipelined Metrics Breakdown - fft_8_sol19_gen3
  > Avg FFT Execution Time : 51 clock cycles
  > Total Simulation Time  : 924 clock cycles
  > Golden reference       : FP8 input quantisation
-------------------------------------------------------
  Impulse                         16.90 dB
  Single Tone                      2.87 dB
  Multi-Tone                       2.87 dB
  Chirp (LFM)                      2.99 dB
  Sinusoid (complex)              16.90 dB
  Step Function                   13.05 dB
  Gaussian Pulse                   3.18 dB
  Radar Pulsed Sinusoid            2.88 dB
  Radar Clutter + Target           1.32 dB
  Radar Barker-13 Pulse           16.53 dB
  Radar Doppler Burst              1.58 dB
-------------------------------------------------------
[2026-09-26 02:41:51] [INFO] Solution 19: E=15300.0 pJ/xfrm (dyn=0.0300W saif=1 chksum=1), A=1247 LUTs, LUTRAM=67, DSP=10, BRAM=4, FF=137, SQNR=7.37dB, CritDelay=35.137ns -> NormLat=0.439x, ExecCycles=51, TotSimCycles=924

-------------------------------------------------------
  Pipelined Metrics Breakdown - fft_8_sol8_gen3
  > Avg FFT Execution Time : 51 clock cycles
  > Total Simulation Time  : 924 clock cycles
  > Golden reference       : FP4 input quantisation
-------------------------------------------------------
  Impulse                     inf dB (Exact)
  Single Tone                      4.64 dB
  Multi-Tone                       4.64 dB
  Chirp (LFM)                      2.66 dB
  Sinusoid (complex)          inf dB (Exact)
  Step Function                   39.35 dB
  Gaussian Pulse                   4.70 dB
  Radar Pulsed Sinusoid            4.70 dB
  Radar Clutter + Target           1.73 dB
  Radar Barker-13 Pulse           39.18 dB
  Radar Doppler Burst              2.53 dB
-------------------------------------------------------
[2026-09-26 02:41:52] [INFO] Solution 8: E=12240.0 pJ/xfrm (dyn=0.0240W saif=1 chksum=1), A=1269 LUTs, LUTRAM=67, DSP=10, BRAM=4, FF=137, SQNR=27.65dB, CritDelay=35.144ns -> NormLat=0.439x, ExecCycles=51, TotSimCycles=924

-------------------------------------------------------
  Pipelined Metrics Breakdown - fft_8_sol2_gen3
  > Avg FFT Execution Time : 51 clock cycles
  > Total Simulation Time  : 924 clock cycles
  > Golden reference       : FP8 input quantisation
-------------------------------------------------------
  Impulse                     inf dB (Exact)
  Single Tone                      2.50 dB
  Multi-Tone                       2.50 dB
  Chirp (LFM)                      3.18 dB
  Sinusoid (complex)               0.00 dB
  Step Function                    2.97 dB
  Gaussian Pulse                   2.55 dB
  Radar Pulsed Sinusoid            2.93 dB
  Radar Clutter + Target           0.79 dB
  Radar Barker-13 Pulse            3.30 dB
  Radar Doppler Burst              2.62 dB
-------------------------------------------------------
[2026-09-26 02:41:52] [INFO] Solution 2: E=11730.0 pJ/xfrm (dyn=0.0230W saif=1 chksum=1), A=1245 LUTs, LUTRAM=67, DSP=10, BRAM=4, FF=137, SQNR=11.21dB, CritDelay=35.137ns -> NormLat=0.439x, ExecCycles=51, TotSimCycles=924
[2026-09-26 02:41:52] [INFO] Generation 2 complete
     3 |       85 |      5 |  0.000000E+00 |  0.000000E+00 |  0.000000E+00 |             f
[2026-09-26 02:41:52] [GEN] === Generation 3 ===
[2026-09-26 02:41:52] [INFO] Evaluating solution 0: [1, 1, 0, 1, 0, 1]
[2026-09-26 02:41:52] [INFO] Evaluating solution 1: [0, 1, 0, 1, 1, 1]
[2026-09-26 02:41:52] [INFO] Evaluating solution 2: [1, 1, 1, 0, 0, 1]
[2026-09-26 02:41:52] [INFO] Evaluating solution 3: [1, 0, 1, 1, 1, 0]
[2026-09-26 02:41:52] [INFO] Evaluating solution 4: [1, 0, 0, 0, 0, 0]
[2026-09-26 02:41:52] [INFO] Evaluating solution 5: [0, 1, 0, 0, 1, 1]
[2026-09-26 02:41:52] [INFO] Evaluating solution 6: [0, 0, 1, 1, 0, 0][2026-09-26 02:41:52] [INFO] Evaluating solution 7: [1, 0, 0, 1, 0, 0]

[2026-09-26 02:41:52] [INFO] Evaluating solution 8: [0, 1, 1, 1, 1, 1][2026-09-26 02:41:52] [INFO] Evaluating solution 9: [1, 1, 0, 0, 1, 0]
[2026-09-26 02:41:52] [INFO] Evaluating solution 10: [0, 1, 1, 0, 0, 0]

[2026-09-26 02:41:52] [INFO] Evaluating solution 11: [1, 0, 0, 1, 0, 1][2026-09-26 02:41:52] [INFO] Evaluating solution 12: [0, 1, 0, 0, 0, 1]

[2026-09-26 02:41:52] [INFO] Evaluating solution 13: [0, 0, 0, 0, 1, 0][2026-09-26 02:41:52] [INFO] Evaluating solution 14: [1, 0, 1, 1, 0, 0][2026-09-26 02:41:52] [INFO] Evaluating solution 15: [0, 0, 1, 0, 1, 0]


[2026-09-26 02:41:52] [INFO] Evaluating solution 16: [1, 1, 1, 0, 1, 1][2026-09-26 02:41:52] [INFO] Evaluating solution 17: [0, 1, 0, 1, 1, 0]

[2026-09-26 02:41:52] [INFO] Evaluating solution 18: [0, 1, 1, 0, 1, 1]
[2026-09-26 02:41:52] [INFO] Evaluating solution 19: [1, 0, 0, 1, 1, 0]
[2026-09-26 02:41:52] [INFO] Evaluating solution 20: [0, 0, 1, 1, 1, 0][2026-09-26 02:41:52] [INFO] Evaluating solution 21: [1, 1, 0, 0, 0, 1]
[2026-09-26 02:41:52] [INFO] Evaluating solution 22: [0, 1, 1, 1, 0, 1]
[2026-09-26 02:41:52] [INFO] Evaluating solution 23: [1, 1, 1, 1, 0, 1]
[2026-09-26 02:41:52] [INFO] Evaluating solution 24: [1, 1, 1, 0, 0, 0]

[2026-09-26 02:41:52] [INFO] Evaluating solution 25: [1, 1, 0, 0, 1, 1]
[2026-09-26 02:41:52] [INFO] Evaluating solution 26: [1, 1, 0, 0, 0, 0]
[2026-09-26 02:41:52] [INFO] Evaluating solution 27: [1, 0, 1, 1, 0, 1]
[2026-09-26 02:41:52] [INFO] Evaluating solution 28: [0, 0, 1, 0, 0, 0]
[2026-09-26 02:41:52] [INFO] Evaluating solution 29: [0, 1, 1, 0, 1, 0]
[2026-09-26 02:41:52] [INFO] Generation 3 complete
     4 |      115 |      5 |  0.000000E+00 |  0.000000E+00 |  0.000000E+00 |             f
[2026-09-26 02:41:52] [GEN] === Generation 4 ===
[2026-09-26 02:41:52] [INFO] Evaluating solution 0: [0, 0, 1, 1, 1, 0]
[2026-09-26 02:41:52] [INFO] Evaluating solution 1: [1, 0, 0, 0, 0, 0]
[2026-09-26 02:41:52] [INFO] Evaluating solution 2: [0, 1, 1, 0, 1, 1]
[2026-09-26 02:41:52] [INFO] Evaluating solution 3: [0, 1, 1, 1, 1, 1]
[2026-09-26 02:41:52] [INFO] Evaluating solution 4: [1, 1, 0, 0, 1, 1]
[2026-09-26 02:41:52] [INFO] Evaluating solution 5: [0, 0, 1, 0, 1, 0][2026-09-26 02:41:52] [INFO] Evaluating solution 6: [1, 0, 0, 1, 0, 1][2026-09-26 02:41:52] [INFO] Evaluating solution 7: [0, 1, 0, 1, 1, 0]


[2026-09-26 02:41:52] [INFO] Evaluating solution 8: [0, 1, 1, 1, 0, 1][2026-09-26 02:41:52] [INFO] Evaluating solution 9: [1, 1, 1, 0, 1, 1]
[2026-09-26 02:41:52] [INFO] Evaluating solution 10: [1, 0, 1, 1, 1, 0]
[2026-09-26 02:41:52] [INFO] Evaluating solution 11: [1, 0, 0, 1, 1, 1]

[2026-09-26 02:41:52] [INFO] Evaluating solution 12: [0, 1, 1, 0, 0, 0]
[2026-09-26 02:41:52] [INFO] Evaluating solution 13: [0, 0, 0, 0, 1, 0]
[2026-09-26 02:41:52] [INFO] Evaluating solution 14: [1, 1, 1, 1, 0, 1][2026-09-26 02:41:52] [INFO] Evaluating solution 15: [0, 0, 1, 1, 0, 0]
[2026-09-26 02:41:52] [INFO] Evaluating solution 16: [1, 1, 0, 0, 0, 0]
[2026-09-26 02:41:52] [INFO] Evaluating solution 17: [0, 1, 0, 0, 1, 0]
[2026-09-26 02:41:52] [INFO] Evaluating solution 18: [0, 0, 0, 1, 1, 0]
[2026-09-26 02:41:52] [INFO] Evaluating solution 19: [0, 1, 1, 0, 0, 1]
[2026-09-26 02:41:52] [INFO] Evaluating solution 20: [1, 0, 1, 1, 0, 0]
[2026-09-26 02:41:52] [INFO] Evaluating solution 21: [1, 1, 0, 1, 0, 1]
[2026-09-26 02:41:52] [INFO] Evaluating solution 22: [1, 0, 0, 1, 0, 0]
[2026-09-26 02:41:52] [INFO] Evaluating solution 23: [1, 1, 0, 0, 0, 1]
[2026-09-26 02:41:52] [INFO] Evaluating solution 24: [1, 0, 0, 1, 1, 0]
[2026-09-26 02:41:52] [INFO] Evaluating solution 25: [0, 1, 0, 1, 1, 1]
[2026-09-26 02:41:52] [INFO] Evaluating solution 26: [1, 1, 0, 0, 1, 0]
[2026-09-26 02:41:52] [INFO] Evaluating solution 27: [0, 1, 0, 0, 0, 1]
[2026-09-26 02:41:52] [INFO] Evaluating solution 28: [0, 1, 1, 0, 1, 0]
[2026-09-26 02:41:52] [INFO] Evaluating solution 29: [0, 1, 0, 0, 1, 1]

[2026-09-26 02:41:52] [INFO] Generation 4 complete
     5 |      145 |      5 |  0.000000E+00 |  0.000000E+00 |  0.000000E+00 |             f
[2026-09-26 02:41:52] [GEN] === Generation 5 ===
[2026-09-26 02:41:52] [INFO] Evaluating solution 0: [1, 1, 1, 1, 0, 1]
[2026-09-26 02:41:52] [INFO] Evaluating solution 1: [0, 1, 1, 1, 1, 1]
[2026-09-26 02:41:52] [INFO] Evaluating solution 2: [1, 1, 1, 0, 1, 1]
[2026-09-26 02:41:52] [INFO] Evaluating solution 3: [1, 0, 0, 0, 0, 0]
[2026-09-26 02:41:52] [INFO] Evaluating solution 4: [1, 0, 0, 1, 0, 0]
[2026-09-26 02:41:52] [INFO] Evaluating solution 5: [0, 0, 1, 1, 0, 0]
[2026-09-26 02:41:52] [INFO] Evaluating solution 6: [0, 0, 1, 1, 1, 0][2026-09-26 02:41:52] [INFO] Evaluating solution 7: [0, 1, 1, 0, 0, 0]
[2026-09-26 02:41:52] [INFO] Evaluating solution 8: [0, 1, 0, 1, 1, 0]

[2026-09-26 02:41:52] [INFO] Evaluating solution 9: [1, 1, 0, 1, 0, 1]
[2026-09-26 02:41:52] [INFO] Evaluating solution 10: [1, 0, 1, 1, 0, 0][2026-09-26 02:41:52] [INFO] Evaluating solution 11: [1, 1, 0, 0, 1, 1]
[2026-09-26 02:41:52] [INFO] Evaluating solution 12: [0, 1, 0, 1, 1, 1]
[2026-09-26 02:41:52] [INFO] Evaluating solution 13: [1, 0, 1, 1, 0, 1]
[2026-09-26 02:41:52] [INFO] Evaluating solution 14: [0, 1, 0, 0, 1, 1]
[2026-09-26 02:41:52] [INFO] Evaluating solution 15: [1, 0, 0, 1, 1, 0]
[2026-09-26 02:41:52] [INFO] Evaluating solution 16: [0, 1, 0, 0, 1, 0]

[2026-09-26 02:41:52] [INFO] Evaluating solution 17: [1, 1, 0, 0, 0, 0][2026-09-26 02:41:52] [INFO] Evaluating solution 18: [1, 1, 0, 0, 0, 1]

[2026-09-26 02:41:52] [INFO] Evaluating solution 19: [1, 1, 0, 0, 1, 0][2026-09-26 02:41:52] [INFO] Evaluating solution 20: [0, 0, 1, 0, 0, 0]
[2026-09-26 02:41:52] [INFO] Evaluating solution 21: [1, 0, 1, 1, 1, 0]

[2026-09-26 02:41:52] [INFO] Evaluating solution 22: [0, 1, 1, 0, 1, 1]
[2026-09-26 02:41:52] [INFO] Evaluating solution 23: [1, 1, 1, 0, 1, 0]
[2026-09-26 02:41:52] [INFO] Evaluating solution 24: [0, 1, 1, 0, 1, 0]
[2026-09-26 02:41:52] [INFO] Evaluating solution 25: [1, 0, 0, 1, 0, 1]
[2026-09-26 02:41:52] [INFO] Evaluating solution 26: [0, 0, 0, 1, 1, 0]
[2026-09-26 02:41:52] [INFO] Evaluating solution 27: [0, 1, 0, 0, 0, 1]
[2026-09-26 02:41:52] [INFO] Evaluating solution 28: [0, 1, 1, 1, 1, 0]
[2026-09-26 02:41:52] [INFO] Generation 5 complete
     6 |      174 |      5 |  0.000000E+00 |  0.000000E+00 |  0.000000E+00 |             f
[2026-09-26 02:41:52] [GEN] === Generation 6 ===
[2026-09-26 02:41:52] [INFO] Evaluating solution 0: [0, 1, 1, 0, 0, 0][2026-09-26 02:41:52] [INFO] Evaluating solution 1: [0, 0, 1, 1, 1, 0]
[2026-09-26 02:41:52] [INFO] Evaluating solution 2: [0, 1, 1, 0, 1, 1]

[2026-09-26 02:41:52] [INFO] Evaluating solution 3: [0, 0, 1, 1, 0, 0]
[2026-09-26 02:41:52] [INFO] Evaluating solution 4: [0, 1, 0, 1, 1, 1]
[2026-09-26 02:41:52] [INFO] Evaluating solution 5: [0, 1, 1, 0, 1, 0]
[2026-09-26 02:41:52] [INFO] Evaluating solution 6: [1, 1, 0, 0, 0, 1]
[2026-09-26 02:41:52] [INFO] Evaluating solution 7: [1, 0, 1, 1, 1, 1]
[2026-09-26 02:41:52] [INFO] Evaluating solution 8: [0, 1, 1, 1, 1, 1]
[2026-09-26 02:41:52] [INFO] Evaluating solution 9: [1, 1, 0, 0, 0, 0][2026-09-26 02:41:52] [INFO] Evaluating solution 10: [1, 0, 0, 1, 0, 1]

[2026-09-26 02:41:52] [INFO] Evaluating solution 11: [0, 0, 1, 0, 1, 0]
[2026-09-26 02:41:52] [INFO] Evaluating solution 12: [1, 0, 0, 1, 1, 0]
[2026-09-26 02:41:52] [INFO] Evaluating solution 13: [0, 1, 0, 0, 0, 1]
[2026-09-26 02:41:52] [INFO] Evaluating solution 14: [1, 1, 1, 0, 1, 1]
[2026-09-26 02:41:52] [INFO] Evaluating solution 15: [1, 1, 0, 0, 1, 1]
[2026-09-26 02:41:52] [INFO] Evaluating solution 16: [1, 1, 1, 1, 0, 1]
[2026-09-26 02:41:52] [INFO] Evaluating solution 17: [1, 1, 0, 1, 0, 1]
[2026-09-26 02:41:52] [INFO] Evaluating solution 18: [1, 0, 1, 1, 1, 0]
[2026-09-26 02:41:52] [INFO] Evaluating solution 19: [0, 1, 0, 0, 1, 0]
[2026-09-26 02:41:52] [INFO] Evaluating solution 20: [0, 0, 0, 0, 1, 0]
[2026-09-26 02:41:52] [INFO] Evaluating solution 21: [1, 0, 1, 1, 0, 0]
[2026-09-26 02:41:52] [INFO] Evaluating solution 22: [0, 1, 0, 0, 1, 1]
[2026-09-26 02:41:52] [INFO] Evaluating solution 23: [1, 0, 0, 1, 0, 0][2026-09-26 02:41:52] [INFO] Evaluating solution 24: [1, 1, 0, 0, 1, 0]
[2026-09-26 02:41:52] [INFO] Evaluating solution 25: [0, 1, 1, 1, 0, 1]
[2026-09-26 02:41:52] [INFO] Evaluating solution 26: [0, 1, 1, 0, 0, 1]

[2026-09-26 02:41:52] [INFO] Evaluating solution 27: [0, 0, 0, 1, 1, 0]
[2026-09-26 02:41:52] [INFO] Evaluating solution 28: [1, 0, 0, 0, 0, 0]
[2026-09-26 02:41:52] [INFO] Evaluating solution 29: [1, 1, 1, 0, 1, 0]
[2026-09-26 02:41:52] [INFO] Generation 6 complete
     7 |      204 |      5 |  0.000000E+00 |  0.000000E+00 |  0.000000E+00 |             f
[2026-09-26 02:41:52] [GEN] === Generation 7 ===
[2026-09-26 02:41:52] [INFO] Evaluating solution 0: [0, 1, 1, 1, 1, 1][2026-09-26 02:41:52] [INFO] Evaluating solution 1: [0, 1, 1, 1, 0, 1]

[2026-09-26 02:41:52] [INFO] Evaluating solution 2: [0, 0, 0, 0, 1, 0][2026-09-26 02:41:52] [INFO] Evaluating solution 3: [1, 1, 0, 0, 1, 1]

[2026-09-26 02:41:52] [INFO] Evaluating solution 4: [1, 1, 1, 1, 0, 1]
[2026-09-26 02:41:52] [INFO] Evaluating solution 5: [1, 1, 1, 0, 1, 0]
[2026-09-26 02:41:52] [INFO] Evaluating solution 6: [0, 1, 0, 0, 0, 1]
[2026-09-26 02:41:52] [INFO] Evaluating solution 7: [1, 1, 0, 0, 1, 0]
[2026-09-26 02:41:52] [INFO] Evaluating solution 8: [1, 1, 1, 0, 0, 0]
[2026-09-26 02:41:52] [INFO] Evaluating solution 9: [0, 1, 1, 0, 1, 1]
[2026-09-26 02:41:52] [INFO] Evaluating solution 10: [0, 0, 1, 1, 0, 0][2026-09-26 02:41:52] [INFO] Evaluating solution 11: [1, 1, 1, 0, 1, 1]
[2026-09-26 02:41:52] [INFO] Evaluating solution 12: [0, 1, 1, 0, 0, 1]
[2026-09-26 02:41:52] [INFO] Evaluating solution 13: [1, 1, 0, 1, 0, 1]
[2026-09-26 02:41:52] [INFO] Evaluating solution 14: [1, 0, 1, 1, 1, 0]
[2026-09-26 02:41:52] [INFO] Evaluating solution 15: [1, 0, 0, 1, 0, 0]
[2026-09-26 02:41:52] [INFO] Evaluating solution 16: [0, 0, 1, 0, 1, 0]
[2026-09-26 02:41:52] [INFO] Evaluating solution 17: [0, 1, 0, 1, 1, 1]

[2026-09-26 02:41:52] [INFO] Evaluating solution 18: [1, 1, 0, 0, 0, 0]
[2026-09-26 02:41:52] [INFO] Evaluating solution 19: [1, 0, 0, 1, 1, 0]
[2026-09-26 02:41:52] [INFO] Evaluating solution 20: [1, 0, 1, 1, 0, 0]
[2026-09-26 02:41:52] [INFO] Evaluating solution 21: [0, 1, 0, 1, 1, 0]
[2026-09-26 02:41:52] [INFO] Evaluating solution 22: [1, 0, 0, 1, 0, 1]
[2026-09-26 02:41:52] [INFO] Evaluating solution 23: [0, 1, 0, 0, 1, 1]
[2026-09-26 02:41:52] [INFO] Evaluating solution 24: [0, 0, 1, 0, 0, 0]
[2026-09-26 02:41:52] [INFO] Evaluating solution 25: [0, 1, 1, 1, 1, 0]
[2026-09-26 02:41:52] [INFO] Evaluating solution 26: [0, 0, 0, 1, 1, 0]
[2026-09-26 02:41:52] [INFO] Evaluating solution 27: [1, 1, 0, 0, 0, 1]
[2026-09-26 02:41:52] [INFO] Evaluating solution 28: [0, 1, 0, 0, 1, 0]
[2026-09-26 02:41:52] [INFO] Generation 7 complete
     8 |      233 |      5 |  0.000000E+00 |  0.000000E+00 |  0.000000E+00 |             f
[2026-09-26 02:41:52] [GEN] === Generation 8 ===
[2026-09-26 02:41:52] [INFO] Evaluating solution 0: [0, 1, 1, 1, 1, 0][2026-09-26 02:41:52] [INFO] Evaluating solution 1: [1, 1, 1, 0, 0, 0]
[2026-09-26 02:41:52] [INFO] Evaluating solution 2: [0, 0, 1, 1, 0, 0]
[2026-09-26 02:41:52] [INFO] Evaluating solution 3: [1, 0, 0, 0, 0, 0][2026-09-26 02:41:52] [INFO] Evaluating solution 4: [1, 1, 1, 1, 0, 1]
[2026-09-26 02:41:52] [INFO] Evaluating solution 5: [0, 1, 0, 1, 1, 0]

[2026-09-26 02:41:52] [INFO] Evaluating solution 6: [1, 1, 0, 0, 1, 0]
[2026-09-26 02:41:52] [INFO] Evaluating solution 7: [0, 1, 1, 0, 0, 0]

[2026-09-26 02:41:52] [INFO] Evaluating solution 8: [1, 1, 0, 0, 0, 0]
[2026-09-26 02:41:52] [INFO] Evaluating solution 9: [1, 1, 1, 0, 1, 1]
[2026-09-26 02:41:52] [INFO] Evaluating solution 10: [0, 1, 0, 0, 1, 1]
[2026-09-26 02:41:52] [INFO] Evaluating solution 11: [0, 0, 1, 1, 1, 0]
[2026-09-26 02:41:52] [INFO] Evaluating solution 12: [1, 0, 0, 1, 1, 1]
[2026-09-26 02:41:52] [INFO] Evaluating solution 13: [0, 1, 1, 1, 1, 1]
[2026-09-26 02:41:52] [INFO] Evaluating solution 14: [1, 0, 0, 1, 0, 0]
[2026-09-26 02:41:52] [INFO] Evaluating solution 15: [1, 1, 0, 0, 1, 1]
[2026-09-26 02:41:52] [INFO] Evaluating solution 16: [0, 1, 0, 0, 0, 1][2026-09-26 02:41:52] [INFO] Evaluating solution 17: [0, 1, 0, 1, 1, 1]

[2026-09-26 02:41:52] [INFO] Evaluating solution 18: [1, 0, 0, 1, 1, 0][2026-09-26 02:41:52] [INFO] Evaluating solution 19: [1, 0, 1, 1, 0, 0]

[2026-09-26 02:41:52] [INFO] Evaluating solution 20: [0, 1, 1, 1, 0, 1]
[2026-09-26 02:41:52] [INFO] Evaluating solution 21: [1, 1, 1, 0, 1, 0]
[2026-09-26 02:41:52] [INFO] Evaluating solution 22: [0, 1, 1, 0, 0, 1]
[2026-09-26 02:41:52] [INFO] Evaluating solution 23: [1, 1, 0, 0, 0, 1]
[2026-09-26 02:41:52] [INFO] Evaluating solution 24: [1, 0, 1, 1, 1, 0]
[2026-09-26 02:41:52] [INFO] Evaluating solution 25: [1, 0, 1, 1, 0, 1]
[2026-09-26 02:41:52] [INFO] Evaluating solution 26: [0, 1, 0, 0, 1, 0]
[2026-09-26 02:41:52] [INFO] Evaluating solution 27: [1, 1, 0, 1, 0, 1]
[2026-09-26 02:41:52] [INFO] Evaluating solution 28: [0, 0, 0, 0, 1, 0]
[2026-09-26 02:41:52] [INFO] Evaluating solution 29: [0, 1, 1, 0, 1, 1]
[2026-09-26 02:41:52] [INFO] Generation 8 complete
     9 |      263 |      5 |  0.000000E+00 |  0.000000E+00 |  0.000000E+00 |             f
[2026-09-26 02:41:52] [GEN] === Generation 9 ===
[2026-09-26 02:41:52] [INFO] Evaluating solution 0: [1, 1, 0, 1, 0, 1]
[2026-09-26 02:41:52] [INFO] Evaluating solution 1: [1, 1, 1, 1, 0, 1]
[2026-09-26 02:41:52] [INFO] Evaluating solution 2: [1, 0, 0, 1, 0, 1]
[2026-09-26 02:41:52] [INFO] Evaluating solution 3: [1, 0, 0, 1, 0, 0]
[2026-09-26 02:41:52] [INFO] Evaluating solution 4: [1, 1, 0, 0, 0, 1]
[2026-09-26 02:41:52] [INFO] Evaluating solution 5: [0, 1, 0, 0, 1, 1]
[2026-09-26 02:41:52] [INFO] Evaluating solution 6: [0, 0, 1, 0, 0, 0]
[2026-09-26 02:41:52] [INFO] Evaluating solution 7: [0, 1, 1, 1, 0, 1][2026-09-26 02:41:52] [INFO] Evaluating solution 8: [1, 0, 0, 0, 0, 0]

[2026-09-26 02:41:52] [INFO] Evaluating solution 9: [0, 1, 0, 1, 1, 0][2026-09-26 02:41:52] [INFO] Evaluating solution 10: [1, 0, 0, 1, 1, 1]
[2026-09-26 02:41:52] [INFO] Evaluating solution 11: [0, 1, 0, 0, 0, 1]
[2026-09-26 02:41:52] [INFO] Evaluating solution 12: [0, 0, 0, 1, 1, 0]
[2026-09-26 02:41:52] [INFO] Evaluating solution 13: [1, 0, 1, 1, 1, 0]

[2026-09-26 02:41:52] [INFO] Evaluating solution 14: [0, 1, 0, 0, 1, 0]
[2026-09-26 02:41:52] [INFO] Evaluating solution 15: [0, 0, 1, 1, 0, 0]
[2026-09-26 02:41:52] [INFO] Evaluating solution 16: [1, 0, 1, 1, 0, 0]
[2026-09-26 02:41:52] [INFO] Evaluating solution 17: [0, 0, 1, 0, 1, 0]
[2026-09-26 02:41:52] [INFO] Evaluating solution 18: [1, 1, 1, 0, 1, 0]
[2026-09-26 02:41:52] [INFO] Evaluating solution 19: [0, 1, 0, 1, 1, 1]
[2026-09-26 02:41:52] [INFO] Evaluating solution 20: [1, 1, 0, 0, 0, 0]
[2026-09-26 02:41:52] [INFO] Evaluating solution 21: [0, 1, 1, 1, 1, 1]
[2026-09-26 02:41:52] [INFO] Evaluating solution 22: [1, 1, 0, 0, 1, 1]
[2026-09-26 02:41:52] [INFO] Evaluating solution 23: [0, 1, 1, 0, 0, 0]
[2026-09-26 02:41:52] [INFO] Evaluating solution 24: [1, 1, 0, 0, 1, 0]
[2026-09-26 02:41:52] [INFO] Evaluating solution 25: [1, 1, 1, 0, 1, 1]
[2026-09-26 02:41:52] [INFO] Evaluating solution 26: [0, 0, 1, 1, 1, 0]
[2026-09-26 02:41:52] [INFO] Evaluating solution 27: [0, 1, 1, 0, 0, 1]
[2026-09-26 02:41:52] [INFO] Evaluating solution 28: [1, 0, 0, 1, 1, 0]
[2026-09-26 02:41:52] [INFO] Evaluating solution 29: [1, 1, 1, 0, 0, 0]
[2026-09-26 02:41:52] [INFO] Generation 9 complete
    10 |      293 |      5 |  0.000000E+00 |  0.000000E+00 |  0.000000E+00 |             f
[2026-09-26 02:41:52] [GEN] === Generation 10 ===
[2026-09-26 02:41:52] [INFO] Evaluating solution 0: [1, 1, 0, 0, 0, 0]
[2026-09-26 02:41:52] [INFO] Evaluating solution 1: [0, 1, 1, 1, 0, 1]
[2026-09-26 02:41:52] [INFO] Evaluating solution 2: [0, 1, 0, 1, 1, 1]
[2026-09-26 02:41:52] [INFO] Evaluating solution 3: [0, 1, 1, 0, 1, 0][2026-09-26 02:41:52] [INFO] Evaluating solution 4: [1, 0, 0, 1, 1, 0]
[2026-09-26 02:41:52] [INFO] Evaluating solution 5: [1, 1, 1, 1, 0, 1]

[2026-09-26 02:41:52] [INFO] Evaluating solution 6: [1, 0, 0, 1, 1, 1]
[2026-09-26 02:41:52] [INFO] Evaluating solution 7: [0, 0, 0, 1, 1, 0]
[2026-09-26 02:41:52] [INFO] Evaluating solution 8: [0, 0, 1, 1, 0, 0][2026-09-26 02:41:52] [INFO] Evaluating solution 9: [1, 0, 1, 1, 0, 1]

[2026-09-26 02:41:52] [INFO] Evaluating solution 10: [1, 0, 1, 1, 0, 0][2026-09-26 02:41:52] [INFO] Evaluating solution 11: [1, 1, 0, 0, 1, 0]
[2026-09-26 02:41:52] [INFO] Evaluating solution 12: [0, 0, 1, 0, 0, 0]
[2026-09-26 02:41:52] [INFO] Evaluating solution 13: [0, 0, 0, 0, 1, 0]

[2026-09-26 02:41:52] [INFO] Evaluating solution 14: [0, 1, 0, 0, 0, 1]
[2026-09-26 02:41:52] [INFO] Evaluating solution 15: [1, 0, 0, 1, 0, 1]
[2026-09-26 02:41:52] [INFO] Evaluating solution 16: [1, 0, 0, 0, 0, 0]
[2026-09-26 02:41:52] [INFO] Evaluating solution 17: [0, 1, 1, 0, 1, 1]
[2026-09-26 02:41:52] [INFO] Evaluating solution 18: [1, 1, 1, 0, 0, 0]
[2026-09-26 02:41:52] [INFO] Evaluating solution 19: [0, 1, 0, 0, 1, 1]
[2026-09-26 02:41:52] [INFO] Evaluating solution 20: [0, 1, 1, 1, 1, 1]
[2026-09-26 02:41:52] [INFO] Evaluating solution 21: [1, 1, 0, 0, 1, 1]
[2026-09-26 02:41:52] [INFO] Evaluating solution 22: [1, 1, 0, 0, 0, 1]
[2026-09-26 02:41:52] [INFO] Evaluating solution 23: [1, 0, 1, 1, 1, 0]
[2026-09-26 02:41:52] [INFO] Evaluating solution 24: [0, 0, 1, 1, 1, 0]
[2026-09-26 02:41:52] [INFO] Evaluating solution 25: [0, 1, 1, 0, 0, 0]
[2026-09-26 02:41:52] [INFO] Evaluating solution 26: [1, 1, 0, 1, 0, 1]
[2026-09-26 02:41:52] [INFO] Evaluating solution 27: [1, 1, 1, 0, 1, 0]
[2026-09-26 02:41:52] [INFO] Evaluating solution 28: [1, 0, 0, 1, 0, 0]
[2026-09-26 02:41:52] [INFO] Evaluating solution 29: [0, 1, 1, 1, 1, 0]
[2026-09-26 02:41:52] [INFO] Generation 10 complete
    11 |      323 |      5 |  0.000000E+00 |  0.000000E+00 |  0.000000E+00 |             f
[2026-09-26 02:41:52] [GEN] === Generation 11 ===
[2026-09-26 02:41:52] [INFO] Evaluating solution 0: [0, 0, 1, 1, 0, 0][2026-09-26 02:41:52] [INFO] Evaluating solution 1: [1, 0, 0, 1, 0, 1]

[2026-09-26 02:41:52] [INFO] Evaluating solution 2: [1, 1, 0, 0, 1, 0]
[2026-09-26 02:41:52] [INFO] Evaluating solution 3: [1, 1, 0, 0, 0, 1]
[2026-09-26 02:41:52] [INFO] Evaluating solution 4: [0, 1, 1, 1, 1, 1]
[2026-09-26 02:41:52] [INFO] Evaluating solution 5: [0, 1, 1, 0, 0, 0]
[2026-09-26 02:41:52] [INFO] Evaluating solution 6: [1, 0, 0, 1, 0, 0]
[2026-09-26 02:41:52] [INFO] Evaluating solution 7: [0, 1, 0, 0, 0, 1]
[2026-09-26 02:41:52] [INFO] Evaluating solution 8: [1, 1, 0, 0, 0, 0]
[2026-09-26 02:41:52] [INFO] Evaluating solution 9: [1, 0, 0, 1, 1, 0][2026-09-26 02:41:52] [INFO] Evaluating solution 10: [1, 1, 1, 1, 0, 1]
[2026-09-26 02:41:52] [INFO] Evaluating solution 11: [1, 0, 1, 1, 0, 0]
[2026-09-26 02:41:52] [INFO] Evaluating solution 12: [1, 0, 0, 1, 1, 1]
[2026-09-26 02:41:52] [INFO] Evaluating solution 13: [1, 1, 0, 0, 1, 1]
[2026-09-26 02:41:52] [INFO] Evaluating solution 14: [1, 1, 1, 0, 1, 0]

[2026-09-26 02:41:52] [INFO] Evaluating solution 15: [0, 0, 0, 0, 1, 0]
[2026-09-26 02:41:52] [INFO] Evaluating solution 16: [0, 1, 1, 0, 1, 1]
[2026-09-26 02:41:52] [INFO] Evaluating solution 17: [0, 1, 1, 1, 0, 1]
[2026-09-26 02:41:52] [INFO] Evaluating solution 18: [1, 0, 1, 1, 1, 0]
[2026-09-26 02:41:52] [INFO] Evaluating solution 19: [0, 1, 0, 1, 1, 1]
[2026-09-26 02:41:52] [INFO] Evaluating solution 20: [0, 0, 1, 0, 0, 0]
[2026-09-26 02:41:52] [INFO] Evaluating solution 21: [1, 1, 0, 1, 0, 1]
[2026-09-26 02:41:52] [INFO] Evaluating solution 22: [0, 1, 0, 0, 1, 1]
[2026-09-26 02:41:52] [INFO] Evaluating solution 23: [1, 1, 1, 0, 0, 0]
[2026-09-26 02:41:52] [INFO] Evaluating solution 24: [0, 0, 1, 0, 1, 0]
[2026-09-26 02:41:52] [INFO] Evaluating solution 25: [0, 0, 0, 1, 1, 0]
[2026-09-26 02:41:52] [INFO] Evaluating solution 26: [0, 0, 1, 1, 1, 0]
[2026-09-26 02:41:52] [INFO] Evaluating solution 27: [0, 1, 1, 0, 0, 1]
[2026-09-26 02:41:52] [INFO] Evaluating solution 28: [0, 1, 0, 1, 1, 0]
[2026-09-26 02:41:52] [INFO] Evaluating solution 29: [0, 1, 0, 0, 1, 0]
[2026-09-26 02:41:52] [INFO] Generation 11 complete
    12 |      353 |      5 |  0.000000E+00 |  0.000000E+00 |  0.000000E+00 |             f
[2026-09-26 02:41:52] [GEN] === Generation 12 ===
[2026-09-26 02:41:52] [INFO] Evaluating solution 0: [1, 1, 1, 0, 0, 0][2026-09-26 02:41:52] [INFO] Evaluating solution 1: [1, 0, 1, 1, 1, 0]

[2026-09-26 02:41:52] [INFO] Evaluating solution 2: [1, 1, 1, 1, 0, 1]
[2026-09-26 02:41:52] [INFO] Evaluating solution 3: [1, 1, 1, 0, 1, 1]
[2026-09-26 02:41:52] [INFO] Evaluating solution 4: [1, 0, 0, 1, 1, 1]
[2026-09-26 02:41:52] [INFO] Evaluating solution 5: [0, 1, 1, 0, 0, 0][2026-09-26 02:41:52] [INFO] Evaluating solution 6: [1, 1, 0, 0, 0, 1]

[2026-09-26 02:41:52] [INFO] Evaluating solution 7: [1, 1, 0, 0, 1, 1][2026-09-26 02:41:52] [INFO] Evaluating solution 8: [0, 0, 0, 1, 1, 0]
[2026-09-26 02:41:52] [INFO] Evaluating solution 9: [0, 1, 0, 0, 1, 0]
[2026-09-26 02:41:52] [INFO] Evaluating solution 10: [1, 0, 0, 1, 1, 0]

[2026-09-26 02:41:52] [INFO] Evaluating solution 11: [0, 1, 0, 1, 1, 1]
[2026-09-26 02:41:52] [INFO] Evaluating solution 12: [1, 0, 0, 1, 0, 0]
[2026-09-26 02:41:52] [INFO] Evaluating solution 13: [0, 1, 1, 0, 1, 1]
[2026-09-26 02:41:52] [INFO] Evaluating solution 14: [1, 0, 0, 0, 0, 0]
[2026-09-26 02:41:52] [INFO] Evaluating solution 15: [0, 1, 0, 0, 0, 1]
[2026-09-26 02:41:52] [INFO] Evaluating solution 16: [0, 1, 1, 1, 0, 1]
[2026-09-26 02:41:52] [INFO] Evaluating solution 17: [0, 0, 1, 1, 0, 0]
[2026-09-26 02:41:52] [INFO] Evaluating solution 18: [0, 0, 1, 0, 0, 0]
[2026-09-26 02:41:52] [INFO] Evaluating solution 19: [0, 0, 0, 0, 1, 0][2026-09-26 02:41:52] [INFO] Evaluating solution 20: [1, 0, 0, 1, 0, 1]
[2026-09-26 02:41:52] [INFO] Evaluating solution 21: [0, 1, 1, 0, 1, 0]

[2026-09-26 02:41:52] [INFO] Evaluating solution 22: [1, 1, 0, 0, 0, 0][2026-09-26 02:41:52] [INFO] Evaluating solution 23: [0, 1, 0, 0, 1, 1]
[2026-09-26 02:41:52] [INFO] Evaluating solution 24: [1, 1, 1, 0, 1, 0]
[2026-09-26 02:41:52] [INFO] Evaluating solution 25: [0, 1, 1, 1, 1, 1]
[2026-09-26 02:41:52] [INFO] Evaluating solution 26: [1, 0, 1, 1, 0, 0]
[2026-09-26 02:41:52] [INFO] Evaluating solution 27: [0, 1, 1, 1, 1, 0]
[2026-09-26 02:41:52] [INFO] Evaluating solution 28: [1, 1, 0, 1, 0, 1]
[2026-09-26 02:41:52] [INFO] Evaluating solution 29: [1, 1, 0, 0, 1, 0]

[2026-09-26 02:41:52] [INFO] Generation 12 complete
    13 |      383 |      5 |  0.000000E+00 |  0.000000E+00 |  0.000000E+00 |             f
[2026-09-26 02:41:52] [GEN] === Generation 13 ===
[2026-09-26 02:41:52] [INFO] Evaluating solution 0: [1, 0, 0, 1, 1, 0][2026-09-26 02:41:52] [INFO] Evaluating solution 1: [1, 0, 0, 1, 0, 0]

[2026-09-26 02:41:52] [INFO] Evaluating solution 2: [1, 1, 1, 1, 0, 1]
[2026-09-26 02:41:52] [INFO] Evaluating solution 3: [0, 0, 1, 1, 1, 0]
[2026-09-26 02:41:52] [INFO] Evaluating solution 4: [0, 1, 1, 0, 0, 0]
[2026-09-26 02:41:52] [INFO] Evaluating solution 5: [0, 1, 0, 0, 1, 1]
[2026-09-26 02:41:52] [INFO] Evaluating solution 6: [0, 0, 1, 0, 0, 0]
[2026-09-26 02:41:52] [INFO] Evaluating solution 7: [1, 1, 1, 0, 1, 1]
[2026-09-26 02:41:52] [INFO] Evaluating solution 8: [1, 1, 0, 0, 0, 0]
[2026-09-26 02:41:52] [INFO] Evaluating solution 9: [0, 1, 0, 0, 1, 0]
[2026-09-26 02:41:52] [INFO] Evaluating solution 10: [0, 1, 0, 1, 1, 1]
[2026-09-26 02:41:52] [INFO] Evaluating solution 11: [1, 0, 1, 1, 0, 0]
[2026-09-26 02:41:52] [INFO] Evaluating solution 12: [1, 0, 1, 1, 1, 0]
[2026-09-26 02:41:52] [INFO] Evaluating solution 13: [1, 0, 0, 0, 0, 0]
[2026-09-26 02:41:52] [INFO] Evaluating solution 14: [0, 1, 1, 1, 1, 1]
[2026-09-26 02:41:52] [INFO] Evaluating solution 15: [1, 1, 0, 1, 0, 1]
[2026-09-26 02:41:52] [INFO] Evaluating solution 16: [0, 1, 0, 0, 0, 1]
[2026-09-26 02:41:52] [INFO] Evaluating solution 17: [1, 0, 0, 1, 1, 1]
[2026-09-26 02:41:52] [INFO] Evaluating solution 18: [0, 1, 1, 0, 0, 1]
[2026-09-26 02:41:52] [INFO] Evaluating solution 19: [1, 1, 0, 0, 0, 1]
[2026-09-26 02:41:52] [INFO] Evaluating solution 20: [0, 0, 0, 1, 1, 0]
[2026-09-26 02:41:52] [INFO] Evaluating solution 21: [1, 1, 0, 0, 1, 1]
[2026-09-26 02:41:52] [INFO] Evaluating solution 22: [1, 1, 0, 0, 1, 0]
[2026-09-26 02:41:52] [INFO] Evaluating solution 23: [0, 0, 1, 1, 0, 0]
[2026-09-26 02:41:52] [INFO] Evaluating solution 24: [1, 1, 1, 0, 1, 0][2026-09-26 02:41:52] [INFO] Evaluating solution 25: [0, 1, 1, 0, 1, 0]
[2026-09-26 02:41:52] [INFO] Evaluating solution 26: [0, 1, 0, 1, 1, 0]
[2026-09-26 02:41:52] [INFO] Evaluating solution 27: [0, 1, 1, 1, 1, 0]
[2026-09-26 02:41:52] [INFO] Evaluating solution 28: [0, 1, 1, 1, 0, 1]
[2026-09-26 02:41:52] [INFO] Evaluating solution 29: [0, 1, 1, 0, 1, 1]

[2026-09-26 02:41:52] [INFO] Generation 13 complete
    14 |      413 |      5 |  0.000000E+00 |  0.000000E+00 |  0.000000E+00 |             f
[2026-09-26 02:41:52] [GEN] === Generation 14 ===
[2026-09-26 02:41:52] [INFO] Evaluating solution 0: [1, 1, 0, 0, 0, 0]
[2026-09-26 02:41:52] [INFO] Evaluating solution 1: [0, 0, 1, 1, 0, 0]
[2026-09-26 02:41:52] [INFO] Evaluating solution 2: [0, 1, 0, 1, 1, 0]
[2026-09-26 02:41:52] [INFO] Evaluating solution 3: [0, 1, 0, 0, 0, 1]
[2026-09-26 02:41:52] [INFO] Evaluating solution 4: [0, 0, 1, 0, 1, 0]
[2026-09-26 02:41:52] [INFO] Evaluating solution 5: [1, 1, 0, 1, 0, 1]
[2026-09-26 02:41:52] [INFO] Evaluating solution 6: [0, 1, 0, 0, 1, 1]
[2026-09-26 02:41:52] [INFO] Evaluating solution 7: [0, 1, 0, 1, 1, 1][2026-09-26 02:41:52] [INFO] Evaluating solution 8: [1, 1, 1, 0, 0, 0]
[2026-09-26 02:41:52] [INFO] Evaluating solution 9: [1, 0, 1, 1, 0, 1][2026-09-26 02:41:52] [INFO] Evaluating solution 10: [0, 1, 0, 0, 1, 0]


[2026-09-26 02:41:52] [INFO] Evaluating solution 11: [0, 1, 1, 1, 1, 0]
[2026-09-26 02:41:52] [INFO] Evaluating solution 12: [0, 1, 1, 1, 0, 1]
[2026-09-26 02:41:52] [INFO] Evaluating solution 13: [0, 1, 1, 0, 0, 0]
[2026-09-26 02:41:52] [INFO] Evaluating solution 14: [1, 0, 0, 1, 1, 1][2026-09-26 02:41:52] [INFO] Evaluating solution 15: [1, 0, 1, 1, 1, 0]

[2026-09-26 02:41:52] [INFO] Evaluating solution 16: [1, 0, 0, 1, 1, 0]
[2026-09-26 02:41:52] [INFO] Evaluating solution 17: [1, 1, 0, 0, 1, 0]
[2026-09-26 02:41:52] [INFO] Evaluating solution 18: [1, 1, 1, 0, 1, 1]
[2026-09-26 02:41:52] [INFO] Evaluating solution 19: [1, 0, 0, 1, 0, 0]
[2026-09-26 02:41:52] [INFO] Evaluating solution 20: [0, 0, 0, 0, 1, 0]
[2026-09-26 02:41:52] [INFO] Evaluating solution 21: [1, 1, 0, 0, 1, 1]
[2026-09-26 02:41:52] [INFO] Evaluating solution 22: [1, 0, 1, 1, 0, 0]
[2026-09-26 02:41:52] [INFO] Evaluating solution 23: [1, 1, 0, 0, 0, 1]
[2026-09-26 02:41:52] [INFO] Evaluating solution 24: [1, 1, 1, 0, 1, 0]
[2026-09-26 02:41:52] [INFO] Evaluating solution 25: [0, 1, 1, 1, 1, 1]
[2026-09-26 02:41:52] [INFO] Evaluating solution 26: [1, 1, 1, 1, 0, 1]
[2026-09-26 02:41:52] [INFO] Evaluating solution 27: [0, 0, 1, 1, 1, 0]
[2026-09-26 02:41:52] [INFO] Evaluating solution 28: [0, 0, 1, 0, 0, 0]
[2026-09-26 02:41:52] [INFO] Generation 14 complete
    15 |      442 |      5 |  0.000000E+00 |  0.000000E+00 |  0.000000E+00 |             f
[2026-09-26 02:41:52] [GEN] === Generation 15 ===
[2026-09-26 02:41:52] [INFO] Evaluating solution 0: [1, 0, 0, 0, 0, 0]
[2026-09-26 02:41:52] [INFO] Evaluating solution 1: [0, 1, 1, 0, 0, 1][2026-09-26 02:41:52] [INFO] Evaluating solution 2: [1, 1, 1, 0, 1, 1]
[2026-09-26 02:41:52] [INFO] Evaluating solution 3: [1, 1, 0, 0, 1, 1]

[2026-09-26 02:41:52] [INFO] Evaluating solution 4: [1, 0, 0, 1, 0, 0]
[2026-09-26 02:41:52] [INFO] Evaluating solution 5: [0, 0, 1, 0, 1, 0]
[2026-09-26 02:41:52] [INFO] Evaluating solution 6: [0, 1, 0, 0, 1, 1]
[2026-09-26 02:41:52] [INFO] Evaluating solution 7: [0, 0, 0, 1, 1, 0]
[2026-09-26 02:41:52] [INFO] Evaluating solution 8: [1, 0, 1, 1, 0, 0][2026-09-26 02:41:52] [INFO] Evaluating solution 9: [0, 1, 0, 0, 0, 1]

[2026-09-26 02:41:52] [INFO] Evaluating solution 10: [0, 1, 0, 1, 1, 1]
[2026-09-26 02:41:52] [INFO] Evaluating solution 11: [0, 0, 0, 0, 1, 0]
[2026-09-26 02:41:52] [INFO] Evaluating solution 12: [1, 0, 1, 1, 0, 1]
[2026-09-26 02:41:52] [INFO] Evaluating solution 13: [1, 1, 0, 1, 0, 1]
[2026-09-26 02:41:52] [INFO] Evaluating solution 14: [0, 0, 1, 1, 1, 0]
[2026-09-26 02:41:52] [INFO] Evaluating solution 15: [0, 1, 1, 0, 0, 0][2026-09-26 02:41:52] [INFO] Evaluating solution 16: [1, 1, 1, 0, 1, 0]

[2026-09-26 02:41:52] [INFO] Evaluating solution 17: [1, 1, 1, 1, 0, 1]
[2026-09-26 02:41:52] [INFO] Evaluating solution 18: [0, 1, 0, 1, 1, 0]
[2026-09-26 02:41:52] [INFO] Evaluating solution 19: [1, 0, 0, 1, 0, 1]
[2026-09-26 02:41:52] [INFO] Evaluating solution 20: [1, 1, 0, 0, 0, 0]
[2026-09-26 02:41:52] [INFO] Evaluating solution 21: [0, 1, 1, 1, 0, 1]
[2026-09-26 02:41:52] [INFO] Evaluating solution 22: [0, 0, 1, 1, 0, 0]
[2026-09-26 02:41:52] [INFO] Evaluating solution 23: [1, 0, 1, 1, 1, 0]
[2026-09-26 02:41:52] [INFO] Evaluating solution 24: [1, 1, 1, 0, 0, 0]
[2026-09-26 02:41:52] [INFO] Evaluating solution 25: [0, 1, 1, 0, 1, 1]
[2026-09-26 02:41:52] [INFO] Evaluating solution 26: [1, 0, 0, 1, 1, 0]
[2026-09-26 02:41:52] [INFO] Evaluating solution 27: [1, 1, 0, 0, 0, 1]
[2026-09-26 02:41:52] [INFO] Evaluating solution 28: [0, 1, 0, 0, 1, 0]
[2026-09-26 02:41:52] [INFO] Evaluating solution 29: [0, 1, 1, 1, 1, 0]
[2026-09-26 02:41:52] [INFO] Generation 15 complete
    16 |      472 |      5 |  0.000000E+00 |  0.000000E+00 |  0.000000E+00 |             f
[2026-09-26 02:41:52] [GEN] === Generation 16 ===
[2026-09-26 02:41:52] [INFO] Evaluating solution 0: [1, 1, 0, 0, 0, 0]
[2026-09-26 02:41:52] [INFO] Evaluating solution 1: [1, 0, 0, 1, 1, 0]
[2026-09-26 02:41:52] [INFO] Evaluating solution 2: [1, 0, 0, 1, 0, 1]
[2026-09-26 02:41:52] [INFO] Evaluating solution 3: [1, 0, 0, 0, 0, 0][2026-09-26 02:41:52] [INFO] Evaluating solution 4: [0, 1, 0, 0, 1, 0]
[2026-09-26 02:41:52] [INFO] Evaluating solution 5: [1, 1, 1, 1, 0, 1]

[2026-09-26 02:41:52] [INFO] Evaluating solution 6: [0, 1, 0, 0, 1, 1]
[2026-09-26 02:41:52] [INFO] Evaluating solution 7: [1, 0, 1, 1, 0, 0]
[2026-09-26 02:41:52] [INFO] Evaluating solution 8: [1, 1, 0, 1, 0, 1]
[2026-09-26 02:41:52] [INFO] Evaluating solution 9: [0, 0, 1, 1, 0, 0]
[2026-09-26 02:41:52] [INFO] Evaluating solution 10: [0, 1, 1, 1, 1, 1]
[2026-09-26 02:41:52] [INFO] Evaluating solution 11: [0, 1, 0, 1, 1, 0]
[2026-09-26 02:41:52] [INFO] Evaluating solution 12: [0, 1, 0, 1, 1, 1]
[2026-09-26 02:41:52] [INFO] Evaluating solution 13: [1, 1, 0, 0, 0, 1]
[2026-09-26 02:41:52] [INFO] Evaluating solution 14: [0, 1, 0, 0, 0, 1]
[2026-09-26 02:41:52] [INFO] Evaluating solution 15: [1, 1, 0, 0, 1, 1][2026-09-26 02:41:52] [INFO] Evaluating solution 16: [0, 0, 0, 1, 1, 0]

[2026-09-26 02:41:52] [INFO] Evaluating solution 17: [1, 0, 1, 1, 1, 0]
[2026-09-26 02:41:52] [INFO] Evaluating solution 18: [0, 1, 1, 1, 0, 1]
[2026-09-26 02:41:52] [INFO] Evaluating solution 19: [1, 1, 1, 0, 1, 1]
[2026-09-26 02:41:52] [INFO] Evaluating solution 20: [0, 0, 1, 1, 1, 0]
[2026-09-26 02:41:52] [INFO] Evaluating solution 21: [0, 1, 1, 0, 0, 0]
[2026-09-26 02:41:52] [INFO] Evaluating solution 22: [0, 1, 1, 1, 1, 0][2026-09-26 02:41:52] [INFO] Evaluating solution 23: [1, 0, 0, 1, 0, 0]
[2026-09-26 02:41:52] [INFO] Evaluating solution 24: [1, 1, 0, 0, 1, 0]
[2026-09-26 02:41:52] [INFO] Evaluating solution 25: [0, 0, 1, 0, 0, 0]
[2026-09-26 02:41:52] [INFO] Evaluating solution 26: [1, 1, 1, 0, 1, 0]
[2026-09-26 02:41:52] [INFO] Evaluating solution 27: [1, 0, 0, 1, 1, 1]
[2026-09-26 02:41:52] [INFO] Evaluating solution 28: [0, 0, 1, 0, 1, 0]
[2026-09-26 02:41:52] [INFO] Evaluating solution 29: [1, 1, 1, 0, 0, 0]

[2026-09-26 02:41:52] [INFO] Generation 16 complete
    17 |      502 |      5 |  0.000000E+00 |  0.000000E+00 |  0.000000E+00 |             f
[2026-09-26 02:41:52] [GEN] === Generation 17 ===
[2026-09-26 02:41:52] [INFO] Evaluating solution 0: [0, 1, 0, 0, 1, 0]
[2026-09-26 02:41:52] [INFO] Evaluating solution 1: [1, 0, 0, 1, 0, 0]
[2026-09-26 02:41:52] [INFO] Evaluating solution 2: [1, 0, 1, 1, 0, 1]
[2026-09-26 02:41:52] [INFO] Evaluating solution 3: [1, 0, 0, 1, 0, 1]
[2026-09-26 02:41:52] [INFO] Evaluating solution 4: [0, 1, 0, 0, 1, 1]
[2026-09-26 02:41:52] [INFO] Evaluating solution 5: [1, 0, 0, 0, 0, 0]
[2026-09-26 02:41:52] [INFO] Evaluating solution 6: [0, 1, 0, 0, 0, 1]
[2026-09-26 02:41:52] [INFO] Evaluating solution 7: [1, 1, 1, 1, 0, 1]
[2026-09-26 02:41:52] [INFO] Evaluating solution 8: [0, 0, 1, 0, 0, 0]
[2026-09-26 02:41:52] [INFO] Evaluating solution 9: [1, 0, 1, 1, 1, 0]
[2026-09-26 02:41:52] [INFO] Evaluating solution 10: [1, 1, 0, 1, 0, 1]
[2026-09-26 02:41:52] [INFO] Evaluating solution 11: [0, 1, 0, 1, 1, 1]
[2026-09-26 02:41:52] [INFO] Evaluating solution 12: [1, 1, 1, 0, 1, 0]
[2026-09-26 02:41:52] [INFO] Evaluating solution 13: [1, 0, 0, 1, 1, 0]
[2026-09-26 02:41:52] [INFO] Evaluating solution 14: [1, 1, 0, 0, 1, 1]
[2026-09-26 02:41:52] [INFO] Evaluating solution 15: [1, 0, 1, 1, 0, 0]
[2026-09-26 02:41:52] [INFO] Evaluating solution 16: [0, 0, 1, 1, 1, 0]
[2026-09-26 02:41:52] [INFO] Evaluating solution 17: [1, 1, 0, 0, 0, 0]
[2026-09-26 02:41:52] [INFO] Evaluating solution 18: [0, 1, 1, 1, 1, 1]
[2026-09-26 02:41:52] [INFO] Evaluating solution 19: [0, 0, 1, 1, 0, 0]
[2026-09-26 02:41:52] [INFO] Evaluating solution 20: [0, 0, 0, 0, 1, 0]
[2026-09-26 02:41:52] [INFO] Evaluating solution 21: [0, 0, 0, 1, 1, 0]
[2026-09-26 02:41:52] [INFO] Evaluating solution 22: [0, 1, 1, 0, 0, 0]
[2026-09-26 02:41:52] [INFO] Evaluating solution 23: [1, 1, 1, 0, 0, 0]
[2026-09-26 02:41:52] [INFO] Evaluating solution 24: [1, 1, 0, 0, 1, 0]
[2026-09-26 02:41:52] [INFO] Evaluating solution 25: [1, 1, 1, 0, 1, 1]
[2026-09-26 02:41:52] [INFO] Evaluating solution 26: [0, 1, 1, 0, 1, 1]
[2026-09-26 02:41:52] [INFO] Evaluating solution 27: [0, 1, 1, 1, 0, 1]
[2026-09-26 02:41:52] [INFO] Evaluating solution 28: [0, 1, 0, 1, 1, 0]
[2026-09-26 02:41:52] [INFO] Evaluating solution 29: [1, 1, 0, 0, 0, 1]
[2026-09-26 02:41:52] [INFO] Generation 17 complete
    18 |      532 |      5 |  0.000000E+00 |  0.000000E+00 |  0.000000E+00 |             f
[2026-09-26 02:41:52] [GEN] === Generation 18 ===
[2026-09-26 02:41:52] [INFO] Evaluating solution 0: [0, 1, 0, 0, 1, 1]
[2026-09-26 02:41:52] [INFO] Evaluating solution 1: [0, 0, 1, 1, 0, 0]
[2026-09-26 02:41:52] [INFO] Evaluating solution 2: [1, 1, 1, 1, 0, 1]
[2026-09-26 02:41:52] [INFO] Evaluating solution 3: [0, 1, 1, 1, 1, 1][2026-09-26 02:41:52] [INFO] Evaluating solution 4: [1, 0, 0, 0, 0, 0]
[2026-09-26 02:41:52] [INFO] Evaluating solution 5: [0, 0, 1, 0, 0, 0][2026-09-26 02:41:52] [INFO] Evaluating solution 6: [1, 1, 0, 1, 0, 1]

[2026-09-26 02:41:52] [INFO] Evaluating solution 7: [1, 1, 0, 0, 1, 0]

[2026-09-26 02:41:52] [INFO] Evaluating solution 8: [1, 0, 0, 1, 0, 0]
[2026-09-26 02:41:52] [INFO] Evaluating solution 9: [0, 0, 1, 0, 1, 0][2026-09-26 02:41:52] [INFO] Evaluating solution 10: [1, 1, 0, 0, 1, 1]
[2026-09-26 02:41:52] [INFO] Evaluating solution 11: [1, 0, 1, 1, 1, 1]
[2026-09-26 02:41:52] [INFO] Evaluating solution 12: [0, 1, 1, 0, 0, 0]

[2026-09-26 02:41:52] [INFO] Evaluating solution 13: [1, 0, 0, 1, 0, 1]
[2026-09-26 02:41:52] [INFO] Evaluating solution 14: [1, 0, 1, 1, 0, 0]
[2026-09-26 02:41:52] [INFO] Evaluating solution 15: [1, 1, 1, 0, 1, 0]
[2026-09-26 02:41:52] [INFO] Evaluating solution 16: [0, 1, 0, 1, 1, 1]
[2026-09-26 02:41:52] [INFO] Evaluating solution 17: [1, 0, 0, 1, 1, 0]
[2026-09-26 02:41:52] [INFO] Evaluating solution 18: [0, 0, 1, 1, 1, 0]
[2026-09-26 02:41:52] [INFO] Evaluating solution 19: [1, 1, 0, 0, 0, 0]
[2026-09-26 02:41:52] [INFO] Evaluating solution 20: [0, 1, 0, 0, 1, 0][2026-09-26 02:41:52] [INFO] Evaluating solution 21: [0, 1, 1, 1, 1, 0]

[2026-09-26 02:41:52] [INFO] Evaluating solution 22: [0, 0, 0, 1, 1, 0]
[2026-09-26 02:41:52] [INFO] Evaluating solution 23: [1, 0, 1, 1, 1, 0]
[2026-09-26 02:41:52] [INFO] Evaluating solution 24: [1, 1, 0, 0, 0, 1]
[2026-09-26 02:41:52] [INFO] Evaluating solution 25: [0, 1, 1, 0, 1, 0]
[2026-09-26 02:41:52] [INFO] Evaluating solution 26: [1, 0, 1, 1, 0, 1]
[2026-09-26 02:41:52] [INFO] Evaluating solution 27: [0, 1, 1, 0, 0, 1]
[2026-09-26 02:41:52] [INFO] Evaluating solution 28: [0, 1, 1, 0, 1, 1]
[2026-09-26 02:41:52] [INFO] Evaluating solution 29: [0, 1, 1, 1, 0, 1]
[2026-09-26 02:41:52] [INFO] Generation 18 complete
    19 |      562 |      5 |  0.000000E+00 |  0.000000E+00 |  0.000000E+00 |             f
[2026-09-26 02:41:52] [GEN] === Generation 19 ===
[2026-09-26 02:41:52] [INFO] Evaluating solution 0: [1, 0, 1, 1, 1, 1][2026-09-26 02:41:52] [INFO] Evaluating solution 1: [1, 0, 1, 1, 0, 0]

[2026-09-26 02:41:52] [INFO] Evaluating solution 2: [1, 0, 0, 0, 0, 0]
[2026-09-26 02:41:52] [INFO] Evaluating solution 3: [1, 1, 1, 0, 0, 1][2026-09-26 02:41:52] [INFO] Evaluating solution 4: [1, 1, 0, 0, 1, 1][2026-09-26 02:41:52] [INFO] Evaluating solution 5: [0, 1, 0, 0, 1, 0]
[2026-09-26 02:41:52] [INFO] Evaluating solution 6: [1, 0, 1, 1, 1, 0]

[2026-09-26 02:41:52] [INFO] Evaluating solution 7: [0, 0, 1, 1, 0, 0]

[2026-09-26 02:41:52] [INFO] Evaluating solution 8: [1, 1, 0, 1, 0, 1]
[2026-09-26 02:41:52] [INFO] Evaluating solution 9: [1, 1, 1, 0, 1, 1]
[2026-09-26 02:41:52] [INFO] Evaluating solution 10: [0, 0, 1, 1, 1, 0]
[2026-09-26 02:41:52] [INFO] Evaluating solution 11: [1, 1, 0, 0, 0, 1]
[2026-09-26 02:41:52] [INFO] Evaluating solution 12: [1, 1, 0, 0, 0, 0]
[2026-09-26 02:41:52] [INFO] Evaluating solution 13: [1, 1, 1, 0, 1, 0]
[2026-09-26 02:41:52] [INFO] Evaluating solution 14: [0, 0, 1, 0, 0, 0]
[2026-09-26 02:41:52] [INFO] Evaluating solution 15: [0, 1, 0, 1, 1, 1]
[2026-09-26 02:41:52] [INFO] Evaluating solution 16: [0, 0, 0, 0, 1, 0]
[2026-09-26 02:41:52] [INFO] Evaluating solution 17: [0, 1, 1, 1, 1, 1][2026-09-26 02:41:52] [INFO] Evaluating solution 18: [0, 1, 1, 1, 0, 1]

[2026-09-26 02:41:52] [INFO] Evaluating solution 19: [1, 0, 0, 1, 0, 1]
[2026-09-26 02:41:52] [INFO] Evaluating solution 20: [1, 1, 1, 1, 0, 1]
[2026-09-26 02:41:52] [INFO] Evaluating solution 21: [0, 0, 0, 1, 1, 0]
[2026-09-26 02:41:52] [INFO] Evaluating solution 22: [0, 1, 0, 0, 1, 1]
[2026-09-26 02:41:52] [INFO] Evaluating solution 23: [1, 1, 0, 0, 1, 0]
[2026-09-26 02:41:52] [INFO] Evaluating solution 24: [1, 1, 1, 0, 0, 0]
[2026-09-26 02:41:52] [INFO] Evaluating solution 25: [1, 0, 0, 1, 1, 0]
[2026-09-26 02:41:52] [INFO] Evaluating solution 26: [0, 1, 1, 1, 1, 0]
[2026-09-26 02:41:52] [INFO] Evaluating solution 27: [0, 1, 0, 0, 0, 1]
[2026-09-26 02:41:52] [INFO] Evaluating solution 28: [1, 0, 0, 1, 0, 0]
[2026-09-26 02:41:52] [INFO] Evaluating solution 29: [0, 1, 0, 1, 1, 0]
[2026-09-26 02:41:52] [INFO] Generation 19 complete
    20 |      592 |      5 |  0.000000E+00 |  0.000000E+00 |  0.000000E+00 |             f
[2026-09-26 02:41:52] [GEN] === Generation 20 ===
[2026-09-26 02:41:52] [INFO] Evaluating solution 0: [0, 1, 0, 1, 1, 1][2026-09-26 02:41:52] [INFO] Evaluating solution 1: [0, 1, 0, 0, 1, 0]

[2026-09-26 02:41:52] [INFO] Evaluating solution 2: [0, 1, 0, 0, 1, 1]
[2026-09-26 02:41:52] [INFO] Evaluating solution 3: [1, 0, 0, 0, 0, 0]
[2026-09-26 02:41:52] [INFO] Evaluating solution 4: [1, 0, 1, 1, 0, 0]
[2026-09-26 02:41:52] [INFO] Evaluating solution 5: [0, 0, 0, 1, 1, 0]
[2026-09-26 02:41:52] [INFO] Evaluating solution 6: [1, 0, 0, 1, 0, 1]
[2026-09-26 02:41:52] [INFO] Evaluating solution 7: [1, 1, 0, 0, 1, 1][2026-09-26 02:41:52] [INFO] Evaluating solution 8: [0, 1, 1, 1, 0, 1]

[2026-09-26 02:41:52] [INFO] Evaluating solution 9: [0, 0, 1, 1, 0, 0]
[2026-09-26 02:41:52] [INFO] Evaluating solution 10: [1, 0, 0, 1, 1, 0]
[2026-09-26 02:41:52] [INFO] Evaluating solution 11: [1, 1, 1, 0, 1, 1]
[2026-09-26 02:41:52] [INFO] Evaluating solution 12: [1, 1, 0, 0, 1, 0][2026-09-26 02:41:52] [INFO] Evaluating solution 13: [1, 0, 0, 1, 0, 0]
[2026-09-26 02:41:52] [INFO] Evaluating solution 14: [0, 1, 1, 1, 1, 1]

[2026-09-26 02:41:52] [INFO] Evaluating solution 15: [1, 0, 1, 1, 1, 0]
[2026-09-26 02:41:52] [INFO] Evaluating solution 16: [1, 1, 0, 1, 0, 1]
[2026-09-26 02:41:52] [INFO] Evaluating solution 17: [0, 1, 1, 1, 1, 0]
[2026-09-26 02:41:52] [INFO] Evaluating solution 18: [1, 0, 1, 1, 0, 1]
[2026-09-26 02:41:52] [INFO] Evaluating solution 19: [1, 1, 0, 0, 0, 0]
[2026-09-26 02:41:52] [INFO] Evaluating solution 20: [0, 1, 0, 0, 0, 1]
[2026-09-26 02:41:52] [INFO] Evaluating solution 21: [0, 0, 1, 1, 1, 0]
[2026-09-26 02:41:52] [INFO] Evaluating solution 22: [0, 0, 1, 0, 1, 0]
[2026-09-26 02:41:52] [INFO] Evaluating solution 23: [1, 1, 1, 0, 1, 0]
[2026-09-26 02:41:52] [INFO] Evaluating solution 24: [0, 1, 0, 1, 1, 0]
[2026-09-26 02:41:52] [INFO] Evaluating solution 25: [0, 1, 1, 0, 1, 0][2026-09-26 02:41:52] [INFO] Evaluating solution 26: [0, 0, 1, 0, 0, 0]

[2026-09-26 02:41:52] [INFO] Evaluating solution 27: [0, 1, 1, 0, 0, 0][2026-09-26 02:41:52] [INFO] Evaluating solution 28: [1, 1, 0, 0, 0, 1]
[2026-09-26 02:41:52] [INFO] Evaluating solution 29: [1, 1, 1, 1, 0, 1]

[2026-09-26 02:41:52] [INFO] Generation 20 complete
    21 |      622 |      5 |  0.000000E+00 |  0.000000E+00 |  0.000000E+00 |             f
[2026-09-26 02:41:52] [GEN] === Generation 21 ===
[2026-09-26 02:41:52] [INFO] Evaluating solution 0: [1, 0, 1, 1, 1, 0]
[2026-09-26 02:41:52] [INFO] Evaluating solution 1: [1, 0, 0, 1, 0, 0]
[2026-09-26 02:41:52] [INFO] Evaluating solution 2: [0, 1, 0, 0, 1, 1]
[2026-09-26 02:41:52] [INFO] Evaluating solution 3: [1, 1, 0, 0, 0, 0]
[2026-09-26 02:41:52] [INFO] Evaluating solution 4: [0, 0, 0, 0, 1, 0]
[2026-09-26 02:41:52] [INFO] Evaluating solution 5: [1, 1, 0, 0, 1, 0]
[2026-09-26 02:41:52] [INFO] Evaluating solution 6: [1, 1, 1, 0, 1, 1]
[2026-09-26 02:41:52] [INFO] Evaluating solution 7: [1, 0, 0, 1, 0, 1]
[2026-09-26 02:41:52] [INFO] Evaluating solution 8: [0, 1, 1, 1, 0, 1]
[2026-09-26 02:41:52] [INFO] Evaluating solution 9: [0, 1, 1, 1, 1, 1][2026-09-26 02:41:52] [INFO] Evaluating solution 10: [1, 0, 0, 0, 0, 0]
[2026-09-26 02:41:52] [INFO] Evaluating solution 11: [0, 1, 0, 0, 0, 1]
[2026-09-26 02:41:52] [INFO] Evaluating solution 12: [0, 0, 1, 0, 1, 0]
[2026-09-26 02:41:52] [INFO] Evaluating solution 13: [1, 0, 0, 1, 1, 1]
[2026-09-26 02:41:52] [INFO] Evaluating solution 14: [1, 1, 0, 0, 1, 1][2026-09-26 02:41:52] [INFO] Evaluating solution 15: [0, 1, 1, 1, 1, 0]
[2026-09-26 02:41:52] [INFO] Evaluating solution 16: [0, 1, 1, 0, 0, 1]


[2026-09-26 02:41:52] [INFO] Evaluating solution 17: [1, 1, 0, 1, 0, 1]
[2026-09-26 02:41:52] [INFO] Evaluating solution 18: [0, 0, 1, 1, 0, 0]
[2026-09-26 02:41:52] [INFO] Evaluating solution 19: [1, 0, 1, 1, 0, 0]
[2026-09-26 02:41:52] [INFO] Evaluating solution 20: [1, 1, 1, 1, 0, 1][2026-09-26 02:41:52] [INFO] Evaluating solution 21: [0, 1, 0, 1, 1, 1]
[2026-09-26 02:41:52] [INFO] Evaluating solution 22: [0, 1, 0, 1, 1, 0]

[2026-09-26 02:41:52] [INFO] Evaluating solution 23: [0, 1, 1, 0, 1, 1]
[2026-09-26 02:41:52] [INFO] Evaluating solution 24: [1, 0, 0, 1, 1, 0]
[2026-09-26 02:41:52] [INFO] Evaluating solution 25: [0, 0, 0, 1, 1, 0]
[2026-09-26 02:41:52] [INFO] Evaluating solution 26: [0, 0, 1, 1, 1, 0]
[2026-09-26 02:41:52] [INFO] Evaluating solution 27: [1, 1, 1, 0, 0, 0]
[2026-09-26 02:41:52] [INFO] Evaluating solution 28: [1, 1, 0, 0, 0, 1]
[2026-09-26 02:41:52] [INFO] Generation 21 complete
    22 |      651 |      5 |  0.000000E+00 |  0.000000E+00 |  0.000000E+00 |             f
[2026-09-26 02:41:52] [GEN] === Generation 22 ===
[2026-09-26 02:41:52] [INFO] Evaluating solution 0: [1, 1, 0, 1, 0, 1]
[2026-09-26 02:41:52] [INFO] Evaluating solution 1: [1, 0, 0, 1, 0, 1]
[2026-09-26 02:41:52] [INFO] Evaluating solution 2: [0, 1, 1, 0, 1, 1]
[2026-09-26 02:41:52] [INFO] Evaluating solution 3: [1, 0, 0, 1, 1, 0]
[2026-09-26 02:41:52] [INFO] Evaluating solution 4: [0, 1, 1, 1, 1, 1]
[2026-09-26 02:41:52] [INFO] Evaluating solution 5: [1, 1, 1, 0, 1, 0]
[2026-09-26 02:41:52] [INFO] Evaluating solution 6: [0, 1, 0, 1, 1, 1][2026-09-26 02:41:52] [INFO] Evaluating solution 7: [0, 1, 1, 1, 1, 0]

[2026-09-26 02:41:52] [INFO] Evaluating solution 8: [1, 0, 0, 0, 0, 0]
[2026-09-26 02:41:52] [INFO] Evaluating solution 9: [1, 0, 1, 1, 0, 0]
[2026-09-26 02:41:52] [INFO] Evaluating solution 10: [0, 1, 1, 1, 0, 1]
[2026-09-26 02:41:52] [INFO] Evaluating solution 11: [1, 1, 0, 0, 1, 1]
[2026-09-26 02:41:52] [INFO] Evaluating solution 12: [1, 1, 0, 0, 0, 0]
[2026-09-26 02:41:52] [INFO] Evaluating solution 13: [0, 0, 1, 1, 0, 0]
[2026-09-26 02:41:52] [INFO] Evaluating solution 14: [1, 0, 0, 1, 0, 0]
[2026-09-26 02:41:52] [INFO] Evaluating solution 15: [0, 1, 0, 0, 1, 0]
[2026-09-26 02:41:52] [INFO] Evaluating solution 16: [0, 1, 0, 0, 0, 1]
[2026-09-26 02:41:52] [INFO] Evaluating solution 17: [1, 0, 1, 1, 1, 0]
[2026-09-26 02:41:52] [INFO] Evaluating solution 18: [0, 0, 0, 1, 1, 0][2026-09-26 02:41:52] [INFO] Evaluating solution 19: [1, 1, 1, 0, 1, 1][2026-09-26 02:41:52] [INFO] Evaluating solution 20: [0, 1, 0, 0, 1, 1]
[2026-09-26 02:41:52] [INFO] Evaluating solution 21: [1, 1, 0, 0, 0, 1]
[2026-09-26 02:41:52] [INFO] Evaluating solution 22: [0, 0, 0, 0, 1, 0]
[2026-09-26 02:41:52] [INFO] Evaluating solution 23: [0, 0, 1, 0, 0, 0]

[2026-09-26 02:41:52] [INFO] Evaluating solution 24: [1, 0, 1, 1, 0, 1]
[2026-09-26 02:41:52] [INFO] Evaluating solution 25: [0, 1, 1, 0, 0, 0]

[2026-09-26 02:41:52] [INFO] Evaluating solution 26: [1, 1, 1, 1, 0, 1]
[2026-09-26 02:41:52] [INFO] Evaluating solution 27: [0, 0, 1, 1, 1, 0]
[2026-09-26 02:41:52] [INFO] Evaluating solution 28: [0, 1, 1, 0, 1, 0]
[2026-09-26 02:41:52] [INFO] Evaluating solution 29: [0, 1, 0, 1, 1, 0]
[2026-09-26 02:41:52] [INFO] Generation 22 complete
    23 |      681 |      5 |  0.000000E+00 |  0.000000E+00 |  0.000000E+00 |             f
[2026-09-26 02:41:52] [GEN] === Generation 23 ===
[2026-09-26 02:41:52] [INFO] Evaluating solution 0: [1, 0, 1, 1, 0, 0][2026-09-26 02:41:52] [INFO] Evaluating solution 1: [0, 1, 1, 1, 1, 1]

[2026-09-26 02:41:52] [INFO] Evaluating solution 2: [1, 1, 0, 1, 0, 1]
[2026-09-26 02:41:52] [INFO] Evaluating solution 3: [1, 0, 1, 1, 1, 1]
[2026-09-26 02:41:52] [INFO] Evaluating solution 4: [1, 0, 0, 0, 0, 0]
[2026-09-26 02:41:52] [INFO] Evaluating solution 5: [0, 0, 0, 1, 1, 0]
[2026-09-26 02:41:52] [INFO] Evaluating solution 6: [0, 1, 0, 1, 1, 1][2026-09-26 02:41:52] [INFO] Evaluating solution 7: [1, 1, 0, 0, 0, 0]
[2026-09-26 02:41:52] [INFO] Evaluating solution 8: [1, 0, 0, 1, 0, 0]

[2026-09-26 02:41:52] [INFO] Evaluating solution 9: [0, 1, 1, 1, 1, 0]
[2026-09-26 02:41:52] [INFO] Evaluating solution 10: [1, 0, 0, 1, 1, 0]
[2026-09-26 02:41:52] [INFO] Evaluating solution 11: [1, 1, 1, 0, 1, 0]
[2026-09-26 02:41:52] [INFO] Evaluating solution 12: [0, 1, 1, 0, 0, 0]
[2026-09-26 02:41:52] [INFO] Evaluating solution 13: [1, 1, 0, 0, 1, 0]
[2026-09-26 02:41:52] [INFO] Evaluating solution 14: [1, 1, 1, 1, 0, 1]
[2026-09-26 02:41:52] [INFO] Evaluating solution 15: [1, 1, 1, 0, 1, 1]
[2026-09-26 02:41:52] [INFO] Evaluating solution 16: [0, 0, 1, 1, 0, 0]
[2026-09-26 02:41:52] [INFO] Evaluating solution 17: [1, 0, 0, 1, 0, 1]
[2026-09-26 02:41:52] [INFO] Evaluating solution 18: [0, 0, 1, 0, 1, 0]
[2026-09-26 02:41:52] [INFO] Evaluating solution 19: [0, 1, 1, 1, 0, 1]
[2026-09-26 02:41:52] [INFO] Evaluating solution 20: [0, 0, 0, 0, 1, 0]
[2026-09-26 02:41:52] [INFO] Evaluating solution 21: [0, 1, 0, 0, 0, 1]
[2026-09-26 02:41:52] [INFO] Evaluating solution 22: [0, 1, 0, 0, 1, 1][2026-09-26 02:41:52] [INFO] Evaluating solution 23: [0, 1, 0, 0, 1, 0]
[2026-09-26 02:41:52] [INFO] Evaluating solution 24: [0, 1, 1, 0, 0, 1][2026-09-26 02:41:52] [INFO] Evaluating solution 25: [1, 0, 1, 1, 1, 0]
[2026-09-26 02:41:52] [INFO] Evaluating solution 26: [0, 0, 1, 1, 1, 0]


[2026-09-26 02:41:52] [INFO] Evaluating solution 27: [1, 1, 0, 0, 0, 1]
[2026-09-26 02:41:52] [INFO] Evaluating solution 28: [1, 1, 0, 0, 1, 1]
[2026-09-26 02:41:52] [INFO] Evaluating solution 29: [0, 1, 1, 0, 1, 1]
[2026-09-26 02:41:52] [INFO] Generation 23 complete
    24 |      711 |      5 |  0.000000E+00 |  0.000000E+00 |  0.000000E+00 |             f
[2026-09-26 02:41:52] [GEN] === Generation 24 ===
[2026-09-26 02:41:52] [INFO] Evaluating solution 0: [1, 0, 1, 1, 0, 0]
[2026-09-26 02:41:52] [INFO] Evaluating solution 1: [1, 1, 0, 0, 1, 0][2026-09-26 02:41:52] [INFO] Evaluating solution 2: [0, 0, 0, 1, 1, 0]

[2026-09-26 02:41:52] [INFO] Evaluating solution 3: [1, 0, 0, 1, 0, 1]
[2026-09-26 02:41:52] [INFO] Evaluating solution 4: [0, 1, 0, 0, 0, 1]
[2026-09-26 02:41:52] [INFO] Evaluating solution 5: [0, 1, 0, 0, 1, 1]
[2026-09-26 02:41:52] [INFO] Evaluating solution 6: [1, 1, 0, 0, 0, 0]
[2026-09-26 02:41:52] [INFO] Evaluating solution 7: [0, 0, 1, 0, 0, 0][2026-09-26 02:41:52] [INFO] Evaluating solution 8: [0, 1, 1, 1, 1, 1]
[2026-09-26 02:41:52] [INFO] Evaluating solution 9: [0, 0, 1, 1, 1, 0]

[2026-09-26 02:41:52] [INFO] Evaluating solution 10: [1, 0, 0, 1, 1, 0]
[2026-09-26 02:41:52] [INFO] Evaluating solution 11: [0, 0, 1, 0, 1, 0]
[2026-09-26 02:41:52] [INFO] Evaluating solution 12: [1, 1, 1, 1, 0, 1]
[2026-09-26 02:41:52] [INFO] Evaluating solution 13: [1, 1, 1, 0, 1, 0]
[2026-09-26 02:41:52] [INFO] Evaluating solution 14: [0, 1, 1, 0, 0, 0]
[2026-09-26 02:41:52] [INFO] Evaluating solution 15: [1, 0, 0, 0, 0, 0]
[2026-09-26 02:41:52] [INFO] Evaluating solution 16: [1, 0, 0, 1, 0, 0]
[2026-09-26 02:41:52] [INFO] Evaluating solution 17: [0, 1, 0, 0, 1, 0]
[2026-09-26 02:41:52] [INFO] Evaluating solution 18: [1, 0, 1, 1, 1, 0][2026-09-26 02:41:52] [INFO] Evaluating solution 19: [0, 0, 1, 1, 0, 0]
[2026-09-26 02:41:52] [INFO] Evaluating solution 20: [0, 1, 1, 0, 0, 1]

[2026-09-26 02:41:52] [INFO] Evaluating solution 21: [1, 1, 0, 0, 0, 1][2026-09-26 02:41:52] [INFO] Evaluating solution 22: [0, 1, 0, 1, 1, 1]
[2026-09-26 02:41:52] [INFO] Evaluating solution 23: [0, 1, 1, 0, 1, 0]
[2026-09-26 02:41:52] [INFO] Evaluating solution 24: [1, 0, 1, 1, 0, 1]

[2026-09-26 02:41:52] [INFO] Evaluating solution 25: [1, 1, 0, 0, 1, 1]
[2026-09-26 02:41:52] [INFO] Evaluating solution 26: [0, 1, 1, 1, 0, 1]
[2026-09-26 02:41:52] [INFO] Evaluating solution 27: [0, 1, 1, 1, 1, 0]
[2026-09-26 02:41:52] [INFO] Evaluating solution 28: [0, 1, 1, 0, 1, 1]
[2026-09-26 02:41:52] [INFO] Evaluating solution 29: [1, 1, 1, 0, 0, 0]
[2026-09-26 02:41:52] [INFO] Generation 24 complete
    25 |      741 |      5 |  0.000000E+00 |  0.000000E+00 |  0.000000E+00 |             f
[2026-09-26 02:41:52] [GEN] === Generation 25 ===
[2026-09-26 02:41:52] [INFO] Evaluating solution 0: [1, 1, 1, 1, 0, 1][2026-09-26 02:41:52] [INFO] Evaluating solution 1: [1, 1, 1, 0, 1, 1]
[2026-09-26 02:41:52] [INFO] Evaluating solution 2: [1, 1, 0, 0, 1, 0]

[2026-09-26 02:41:52] [INFO] Evaluating solution 3: [0, 0, 1, 1, 1, 0]
[2026-09-26 02:41:52] [INFO] Evaluating solution 4: [1, 1, 0, 0, 0, 0][2026-09-26 02:41:52] [INFO] Evaluating solution 5: [1, 0, 0, 1, 0, 0]
[2026-09-26 02:41:52] [INFO] Evaluating solution 6: [1, 1, 0, 0, 1, 1]
[2026-09-26 02:41:52] [INFO] Evaluating solution 7: [1, 0, 1, 1, 0, 0]

[2026-09-26 02:41:52] [INFO] Evaluating solution 8: [0, 1, 0, 1, 1, 0]
[2026-09-26 02:41:52] [INFO] Evaluating solution 9: [1, 1, 1, 0, 1, 0][2026-09-26 02:41:52] [INFO] Evaluating solution 10: [0, 0, 1, 1, 0, 0]
[2026-09-26 02:41:52] [INFO] Evaluating solution 11: [1, 1, 0, 0, 0, 1][2026-09-26 02:41:52] [INFO] Evaluating solution 12: [0, 1, 1, 1, 1, 0]


[2026-09-26 02:41:52] [INFO] Evaluating solution 13: [1, 0, 0, 1, 1, 1]
[2026-09-26 02:41:52] [INFO] Evaluating solution 14: [0, 1, 0, 0, 0, 1]
[2026-09-26 02:41:52] [INFO] Evaluating solution 15: [1, 1, 0, 1, 0, 1][2026-09-26 02:41:52] [INFO] Evaluating solution 16: [1, 0, 1, 1, 1, 0]
[2026-09-26 02:41:52] [INFO] Evaluating solution 17: [1, 1, 1, 0, 0, 0]

[2026-09-26 02:41:52] [INFO] Evaluating solution 18: [0, 0, 1, 0, 1, 0]
[2026-09-26 02:41:52] [INFO] Evaluating solution 19: [0, 1, 0, 0, 1, 1]
[2026-09-26 02:41:52] [INFO] Evaluating solution 20: [1, 0, 0, 1, 0, 1][2026-09-26 02:41:52] [INFO] Evaluating solution 21: [0, 0, 0, 0, 1, 0]

[2026-09-26 02:41:52] [INFO] Evaluating solution 22: [0, 1, 1, 1, 1, 1]
[2026-09-26 02:41:52] [INFO] Evaluating solution 23: [0, 0, 0, 1, 1, 0]
[2026-09-26 02:41:52] [INFO] Evaluating solution 24: [0, 1, 1, 0, 0, 0]
[2026-09-26 02:41:52] [INFO] Evaluating solution 25: [0, 1, 0, 0, 1, 0]
[2026-09-26 02:41:52] [INFO] Evaluating solution 26: [0, 1, 1, 0, 1, 0]
[2026-09-26 02:41:52] [INFO] Evaluating solution 27: [0, 1, 1, 0, 1, 1]
[2026-09-26 02:41:52] [INFO] Evaluating solution 28: [0, 1, 1, 1, 0, 1]
[2026-09-26 02:41:52] [INFO] Evaluating solution 29: [0, 1, 0, 1, 1, 1]
[2026-09-26 02:41:52] [INFO] Generation 25 complete
    26 |      771 |      5 |  0.000000E+00 |  0.000000E+00 |  0.000000E+00 |             f
[2026-09-26 02:41:52] [GEN] === Generation 26 ===
[2026-09-26 02:41:52] [INFO] Evaluating solution 0: [0, 1, 0, 1, 1, 1]
[2026-09-26 02:41:52] [INFO] Evaluating solution 1: [0, 1, 0, 1, 1, 0]
[2026-09-26 02:41:52] [INFO] Evaluating solution 2: [1, 0, 0, 1, 0, 0][2026-09-26 02:41:52] [INFO] Evaluating solution 3: [1, 1, 1, 0, 1, 1]
[2026-09-26 02:41:52] [INFO] Evaluating solution 4: [0, 0, 0, 1, 1, 0]

[2026-09-26 02:41:52] [INFO] Evaluating solution 5: [1, 0, 1, 1, 0, 1]
[2026-09-26 02:41:52] [INFO] Evaluating solution 6: [1, 0, 1, 1, 1, 0]
[2026-09-26 02:41:52] [INFO] Evaluating solution 7: [0, 1, 1, 1, 0, 1]
[2026-09-26 02:41:52] [INFO] Evaluating solution 8: [0, 1, 1, 1, 1, 1][2026-09-26 02:41:52] [INFO] Evaluating solution 9: [0, 1, 1, 1, 1, 0]
[2026-09-26 02:41:52] [INFO] Evaluating solution 10: [1, 0, 0, 1, 0, 1]
[2026-09-26 02:41:52] [INFO] Evaluating solution 11: [1, 1, 0, 1, 0, 1]

[2026-09-26 02:41:52] [INFO] Evaluating solution 12: [0, 1, 1, 0, 0, 1]
[2026-09-26 02:41:52] [INFO] Evaluating solution 13: [0, 1, 0, 0, 0, 1]
[2026-09-26 02:41:52] [INFO] Evaluating solution 14: [0, 0, 1, 1, 0, 0][2026-09-26 02:41:52] [INFO] Evaluating solution 15: [1, 0, 0, 0, 0, 0]
[2026-09-26 02:41:52] [INFO] Evaluating solution 16: [0, 0, 1, 0, 1, 0][2026-09-26 02:41:52] [INFO] Evaluating solution 17: [0, 1, 0, 0, 1, 1]
[2026-09-26 02:41:52] [INFO] Evaluating solution 18: [0, 1, 1, 0, 1, 1]

[2026-09-26 02:41:52] [INFO] Evaluating solution 19: [1, 0, 0, 1, 1, 0]
[2026-09-26 02:41:52] [INFO] Evaluating solution 20: [0, 0, 1, 1, 1, 0]
[2026-09-26 02:41:52] [INFO] Evaluating solution 21: [1, 1, 0, 0, 0, 1]
[2026-09-26 02:41:52] [INFO] Evaluating solution 22: [1, 0, 1, 1, 0, 0]
[2026-09-26 02:41:52] [INFO] Evaluating solution 23: [1, 1, 1, 0, 0, 1]

[2026-09-26 02:41:52] [INFO] Evaluating solution 24: [1, 1, 1, 0, 0, 0]
[2026-09-26 02:41:52] [INFO] Evaluating solution 25: [0, 0, 1, 0, 0, 0]
[2026-09-26 02:41:52] [INFO] Evaluating solution 26: [1, 1, 0, 0, 1, 1]
[2026-09-26 02:41:52] [INFO] Evaluating solution 27: [1, 1, 0, 0, 0, 0]
[2026-09-26 02:41:52] [INFO] Evaluating solution 28: [1, 1, 0, 0, 1, 0]
[2026-09-26 02:41:52] [INFO] Evaluating solution 29: [0, 1, 1, 0, 0, 0]
[2026-09-26 02:41:52] [INFO] Generation 26 complete
    27 |      801 |      5 |  0.000000E+00 |  0.000000E+00 |  0.000000E+00 |             f
[2026-09-26 02:41:52] [GEN] === Generation 27 ===
[2026-09-26 02:41:52] [INFO] Evaluating solution 0: [1, 0, 1, 1, 1, 0]
[2026-09-26 02:41:52] [INFO] Evaluating solution 1: [1, 0, 0, 0, 0, 0]
[2026-09-26 02:41:52] [INFO] Evaluating solution 2: [1, 1, 0, 0, 0, 1]
[2026-09-26 02:41:52] [INFO] Evaluating solution 3: [0, 0, 1, 0, 1, 0]
[2026-09-26 02:41:52] [INFO] Evaluating solution 4: [0, 1, 0, 0, 1, 1]
[2026-09-26 02:41:52] [INFO] Evaluating solution 5: [0, 1, 1, 1, 1, 1]
[2026-09-26 02:41:52] [INFO] Evaluating solution 6: [1, 0, 0, 1, 0, 1][2026-09-26 02:41:52] [INFO] Evaluating solution 7: [0, 1, 0, 1, 1, 1]

[2026-09-26 02:41:52] [INFO] Evaluating solution 8: [1, 0, 0, 1, 1, 1]
[2026-09-26 02:41:52] [INFO] Evaluating solution 9: [0, 1, 1, 1, 0, 1][2026-09-26 02:41:52] [INFO] Evaluating solution 10: [1, 1, 0, 0, 0, 0][2026-09-26 02:41:52] [INFO] Evaluating solution 11: [1, 1, 0, 1, 0, 1]


[2026-09-26 02:41:52] [INFO] Evaluating solution 12: [0, 1, 0, 0, 1, 0]
[2026-09-26 02:41:52] [INFO] Evaluating solution 13: [0, 0, 1, 1, 0, 0]
[2026-09-26 02:41:52] [INFO] Evaluating solution 14: [1, 1, 1, 0, 1, 1]
[2026-09-26 02:41:52] [INFO] Evaluating solution 15: [1, 0, 1, 1, 0, 0]
[2026-09-26 02:41:52] [INFO] Evaluating solution 16: [0, 0, 0, 0, 1, 0]
[2026-09-26 02:41:52] [INFO] Evaluating solution 17: [1, 1, 1, 0, 1, 0]
[2026-09-26 02:41:52] [INFO] Evaluating solution 18: [1, 1, 1, 1, 0, 1]
[2026-09-26 02:41:52] [INFO] Evaluating solution 19: [0, 1, 0, 0, 0, 1]
[2026-09-26 02:41:52] [INFO] Evaluating solution 20: [1, 1, 1, 0, 0, 0][2026-09-26 02:41:52] [INFO] Evaluating solution 21: [0, 0, 1, 1, 1, 0]
[2026-09-26 02:41:52] [INFO] Evaluating solution 22: [0, 1, 1, 1, 1, 0]
[2026-09-26 02:41:52] [INFO] Evaluating solution 23: [0, 1, 1, 0, 0, 0]
[2026-09-26 02:41:52] [INFO] Evaluating solution 24: [1, 0, 0, 1, 1, 0]
[2026-09-26 02:41:52] [INFO] Evaluating solution 25: [0, 1, 1, 0, 0, 1]
[2026-09-26 02:41:52] [INFO] Evaluating solution 26: [1, 1, 1, 0, 0, 1][2026-09-26 02:41:52] [INFO] Evaluating solution 27: [0, 1, 0, 1, 1, 0]
[2026-09-26 02:41:52] [INFO] Evaluating solution 28: [0, 0, 0, 1, 1, 0]
[2026-09-26 02:41:52] [INFO] Evaluating solution 29: [1, 0, 0, 1, 0, 0]


[2026-09-26 02:41:52] [INFO] Generation 27 complete
    28 |      831 |      5 |  0.000000E+00 |  0.000000E+00 |  0.000000E+00 |             f
[2026-09-26 02:41:52] [GEN] === Generation 28 ===
[2026-09-26 02:41:52] [INFO] Evaluating solution 0: [0, 1, 0, 0, 1, 1][2026-09-26 02:41:52] [INFO] Evaluating solution 1: [0, 0, 1, 1, 1, 0]

[2026-09-26 02:41:52] [INFO] Evaluating solution 2: [1, 0, 0, 0, 0, 0]
[2026-09-26 02:41:52] [INFO] Evaluating solution 3: [1, 0, 1, 1, 1, 0]
[2026-09-26 02:41:52] [INFO] Evaluating solution 4: [0, 1, 0, 1, 1, 1]
[2026-09-26 02:41:52] [INFO] Evaluating solution 5: [1, 0, 0, 1, 1, 0][2026-09-26 02:41:52] [INFO] Evaluating solution 6: [0, 0, 1, 1, 0, 0]

[2026-09-26 02:41:52] [INFO] Evaluating solution 7: [0, 1, 0, 0, 0, 1]
[2026-09-26 02:41:52] [INFO] Evaluating solution 8: [0, 0, 1, 0, 0, 0]
[2026-09-26 02:41:52] [INFO] Evaluating solution 9: [1, 1, 0, 0, 1, 0]
[2026-09-26 02:41:52] [INFO] Evaluating solution 10: [1, 1, 0, 0, 1, 1]
[2026-09-26 02:41:52] [INFO] Evaluating solution 11: [0, 0, 1, 0, 1, 0]
[2026-09-26 02:41:52] [INFO] Evaluating solution 12: [1, 0, 0, 1, 0, 1]
[2026-09-26 02:41:52] [INFO] Evaluating solution 13: [0, 0, 0, 1, 1, 0]
[2026-09-26 02:41:52] [INFO] Evaluating solution 14: [1, 1, 1, 1, 0, 1]
[2026-09-26 02:41:52] [INFO] Evaluating solution 15: [0, 1, 0, 1, 1, 0][2026-09-26 02:41:52] [INFO] Evaluating solution 16: [1, 1, 0, 0, 0, 0]
[2026-09-26 02:41:52] [INFO] Evaluating solution 17: [0, 1, 1, 1, 0, 1]
[2026-09-26 02:41:52] [INFO] Evaluating solution 18: [0, 1, 1, 0, 0, 1]
[2026-09-26 02:41:52] [INFO] Evaluating solution 19: [1, 1, 1, 0, 1, 0]

[2026-09-26 02:41:52] [INFO] Evaluating solution 20: [1, 0, 1, 1, 0, 0]
[2026-09-26 02:41:52] [INFO] Evaluating solution 21: [0, 1, 1, 0, 0, 0]
[2026-09-26 02:41:52] [INFO] Evaluating solution 22: [1, 1, 1, 0, 1, 1]
[2026-09-26 02:41:52] [INFO] Evaluating solution 23: [1, 1, 0, 1, 0, 1][2026-09-26 02:41:52] [INFO] Evaluating solution 24: [1, 0, 0, 1, 0, 0]
[2026-09-26 02:41:52] [INFO] Evaluating solution 25: [0, 1, 1, 1, 1, 1]
[2026-09-26 02:41:52] [INFO] Evaluating solution 26: [1, 1, 1, 0, 0, 0]
[2026-09-26 02:41:52] [INFO] Evaluating solution 27: [0, 1, 1, 0, 1, 0]

[2026-09-26 02:41:52] [INFO] Evaluating solution 28: [1, 1, 0, 0, 0, 1]
[2026-09-26 02:41:52] [INFO] Evaluating solution 29: [1, 0, 1, 1, 0, 1]
[2026-09-26 02:41:52] [INFO] Generation 28 complete
    29 |      861 |      5 |  0.000000E+00 |  0.000000E+00 |  0.000000E+00 |             f
[2026-09-26 02:41:52] [GEN] === Generation 29 ===
[2026-09-26 02:41:52] [INFO] Evaluating solution 0: [1, 1, 1, 1, 0, 1]
[2026-09-26 02:41:52] [INFO] Evaluating solution 1: [1, 0, 0, 1, 0, 0]
[2026-09-26 02:41:52] [INFO] Evaluating solution 2: [1, 1, 0, 0, 0, 0]
[2026-09-26 02:41:52] [INFO] Evaluating solution 3: [0, 1, 0, 0, 1, 0]
[2026-09-26 02:41:52] [INFO] Evaluating solution 4: [1, 1, 0, 1, 0, 1]
[2026-09-26 02:41:52] [INFO] Evaluating solution 5: [0, 0, 1, 1, 0, 0]
[2026-09-26 02:41:52] [INFO] Evaluating solution 6: [0, 0, 0, 1, 1, 0]
[2026-09-26 02:41:52] [INFO] Evaluating solution 7: [0, 0, 1, 1, 1, 0]
[2026-09-26 02:41:52] [INFO] Evaluating solution 8: [0, 0, 0, 0, 1, 0]
[2026-09-26 02:41:52] [INFO] Evaluating solution 9: [0, 1, 1, 1, 0, 1]
[2026-09-26 02:41:52] [INFO] Evaluating solution 10: [1, 0, 0, 0, 0, 0]
[2026-09-26 02:41:52] [INFO] Evaluating solution 11: [1, 1, 1, 0, 1, 1]
[2026-09-26 02:41:52] [INFO] Evaluating solution 12: [0, 1, 0, 1, 1, 1]
[2026-09-26 02:41:52] [INFO] Evaluating solution 13: [0, 0, 1, 0, 0, 0]
[2026-09-26 02:41:52] [INFO] Evaluating solution 14: [0, 1, 1, 1, 1, 1]
[2026-09-26 02:41:52] [INFO] Evaluating solution 15: [0, 1, 0, 0, 0, 1]
[2026-09-26 02:41:52] [INFO] Evaluating solution 16: [1, 1, 1, 0, 0, 0]
[2026-09-26 02:41:52] [INFO] Evaluating solution 17: [1, 0, 1, 1, 1, 0][2026-09-26 02:41:52] [INFO] Evaluating solution 18: [0, 1, 1, 0, 0, 0]
[2026-09-26 02:41:52] [INFO] Evaluating solution 19: [1, 1, 0, 0, 1, 0]
[2026-09-26 02:41:52] [INFO] Evaluating solution 20: [1, 1, 0, 0, 1, 1]
[2026-09-26 02:41:52] [INFO] Evaluating solution 21: [1, 1, 1, 0, 1, 0]
[2026-09-26 02:41:52] [INFO] Evaluating solution 22: [1, 0, 1, 1, 0, 1]
[2026-09-26 02:41:52] [INFO] Evaluating solution 23: [0, 1, 1, 0, 1, 1]
[2026-09-26 02:41:52] [INFO] Evaluating solution 24: [0, 1, 1, 0, 1, 0][2026-09-26 02:41:52] [INFO] Evaluating solution 25: [1, 1, 0, 0, 0, 1]

[2026-09-26 02:41:52] [INFO] Evaluating solution 26: [1, 0, 1, 1, 0, 0]

[2026-09-26 02:41:52] [INFO] Evaluating solution 27: [1, 0, 1, 1, 1, 1]
[2026-09-26 02:41:52] [INFO] Evaluating solution 28: [0, 1, 0, 0, 1, 1]
[2026-09-26 02:41:52] [INFO] Evaluating solution 29: [1, 0, 0, 1, 1, 0]
[2026-09-26 02:41:52] [INFO] Generation 29 complete
    30 |      891 |      5 |  0.000000E+00 |  0.000000E+00 |  0.000000E+00 |             f
[2026-09-26 02:41:52] [GEN] === Generation 30 ===
[2026-09-26 02:41:52] [INFO] Evaluating solution 0: [0, 1, 0, 0, 0, 1][2026-09-26 02:41:52] [INFO] Evaluating solution 1: [1, 1, 0, 0, 0, 1]
[2026-09-26 02:41:52] [INFO] Evaluating solution 2: [1, 0, 1, 1, 0, 1]
[2026-09-26 02:41:52] [INFO] Evaluating solution 3: [1, 1, 0, 0, 1, 0]
[2026-09-26 02:41:52] [INFO] Evaluating solution 4: [0, 1, 1, 0, 1, 1]
[2026-09-26 02:41:52] [INFO] Evaluating solution 5: [1, 1, 0, 0, 0, 0]
[2026-09-26 02:41:52] [INFO] Evaluating solution 6: [0, 1, 1, 1, 1, 0]
[2026-09-26 02:41:52] [INFO] Evaluating solution 7: [1, 0, 0, 1, 0, 1][2026-09-26 02:41:52] [INFO] Evaluating solution 8: [0, 0, 0, 1, 1, 0]


[2026-09-26 02:41:52] [INFO] Evaluating solution 9: [1, 0, 0, 0, 0, 0]
[2026-09-26 02:41:52] [INFO] Evaluating solution 10: [0, 0, 0, 0, 1, 0]
[2026-09-26 02:41:52] [INFO] Evaluating solution 11: [1, 1, 0, 1, 0, 1]
[2026-09-26 02:41:52] [INFO] Evaluating solution 12: [1, 1, 1, 1, 0, 1]
[2026-09-26 02:41:52] [INFO] Evaluating solution 13: [0, 0, 1, 1, 0, 0]
[2026-09-26 02:41:52] [INFO] Evaluating solution 14: [1, 1, 0, 0, 1, 1]
[2026-09-26 02:41:52] [INFO] Evaluating solution 15: [0, 1, 0, 0, 1, 1]
[2026-09-26 02:41:52] [INFO] Evaluating solution 16: [0, 1, 1, 0, 1, 0]
[2026-09-26 02:41:52] [INFO] Evaluating solution 17: [1, 0, 1, 1, 1, 1]
[2026-09-26 02:41:52] [INFO] Evaluating solution 18: [0, 1, 1, 1, 1, 1]
[2026-09-26 02:41:52] [INFO] Evaluating solution 19: [1, 0, 1, 1, 1, 0]
[2026-09-26 02:41:52] [INFO] Evaluating solution 20: [1, 1, 1, 0, 1, 0]
[2026-09-26 02:41:52] [INFO] Evaluating solution 21: [0, 1, 0, 1, 1, 1]
[2026-09-26 02:41:52] [INFO] Evaluating solution 22: [1, 0, 0, 1, 1, 0]
[2026-09-26 02:41:52] [INFO] Evaluating solution 23: [1, 0, 0, 1, 0, 0]
[2026-09-26 02:41:52] [INFO] Evaluating solution 24: [1, 1, 1, 0, 1, 1]
[2026-09-26 02:41:52] [INFO] Evaluating solution 25: [1, 0, 1, 1, 0, 0]
[2026-09-26 02:41:52] [INFO] Evaluating solution 26: [0, 1, 1, 0, 0, 0][2026-09-26 02:41:52] [INFO] Evaluating solution 27: [0, 1, 1, 1, 0, 1]
[2026-09-26 02:41:52] [INFO] Evaluating solution 28: [0, 0, 1, 0, 1, 0]

[2026-09-26 02:41:52] [INFO] Evaluating solution 29: [1, 1, 1, 0, 0, 0]
[2026-09-26 02:41:52] [INFO] Generation 30 complete
    31 |      921 |      5 |  0.000000E+00 |  0.000000E+00 |  0.000000E+00 |             f
[2026-09-26 02:41:52] [GEN] === Generation 31 ===
[2026-09-26 02:41:52] [INFO] Evaluating solution 0: [1, 1, 0, 0, 1, 0][2026-09-26 02:41:52] [INFO] Evaluating solution 1: [0, 1, 1, 1, 1, 1]

[2026-09-26 02:41:52] [INFO] Evaluating solution 2: [1, 0, 0, 0, 0, 0]
[2026-09-26 02:41:52] [INFO] Evaluating solution 3: [0, 0, 1, 1, 1, 0]
[2026-09-26 02:41:52] [INFO] Evaluating solution 4: [1, 0, 1, 1, 1, 0]
[2026-09-26 02:41:52] [INFO] Evaluating solution 5: [1, 1, 1, 0, 1, 1]
[2026-09-26 02:41:52] [INFO] Evaluating solution 6: [0, 0, 1, 1, 0, 0]
[2026-09-26 02:41:52] [INFO] Evaluating solution 7: [0, 1, 0, 1, 1, 1][2026-09-26 02:41:52] [INFO] Evaluating solution 8: [0, 1, 0, 0, 1, 1]
[2026-09-26 02:41:52] [INFO] Evaluating solution 9: [1, 0, 0, 1, 0, 1]
[2026-09-26 02:41:52] [INFO] Evaluating solution 10: [1, 0, 1, 1, 0, 0]

[2026-09-26 02:41:52] [INFO] Evaluating solution 11: [1, 1, 0, 0, 0, 0]
[2026-09-26 02:41:52] [INFO] Evaluating solution 12: [1, 0, 0, 1, 0, 0]
[2026-09-26 02:41:52] [INFO] Evaluating solution 13: [0, 1, 1, 0, 1, 0]
[2026-09-26 02:41:52] [INFO] Evaluating solution 14: [0, 0, 0, 1, 1, 0]
[2026-09-26 02:41:52] [INFO] Evaluating solution 15: [1, 1, 0, 0, 1, 1]
[2026-09-26 02:41:52] [INFO] Evaluating solution 16: [1, 1, 1, 0, 1, 0]
[2026-09-26 02:41:52] [INFO] Evaluating solution 17: [0, 1, 0, 0, 0, 1]
[2026-09-26 02:41:52] [INFO] Evaluating solution 18: [1, 1, 0, 0, 0, 1][2026-09-26 02:41:52] [INFO] Evaluating solution 19: [0, 1, 1, 0, 0, 0]
[2026-09-26 02:41:52] [INFO] Evaluating solution 20: [1, 1, 0, 1, 0, 1]
[2026-09-26 02:41:52] [INFO] Evaluating solution 21: [0, 1, 0, 0, 1, 0]
[2026-09-26 02:41:52] [INFO] Evaluating solution 22: [0, 0, 0, 0, 1, 0]
[2026-09-26 02:41:52] [INFO] Evaluating solution 23: [0, 0, 1, 0, 0, 0]
[2026-09-26 02:41:52] [INFO] Evaluating solution 24: [0, 1, 0, 1, 1, 0]
[2026-09-26 02:41:52] [INFO] Evaluating solution 25: [1, 0, 0, 1, 1, 0]

[2026-09-26 02:41:52] [INFO] Evaluating solution 26: [1, 1, 1, 1, 0, 1]
[2026-09-26 02:41:52] [INFO] Evaluating solution 27: [1, 0, 1, 1, 0, 1]
[2026-09-26 02:41:52] [INFO] Evaluating solution 28: [0, 1, 1, 1, 0, 1]
[2026-09-26 02:41:52] [INFO] Evaluating solution 29: [0, 1, 1, 0, 0, 1]
[2026-09-26 02:41:52] [INFO] Generation 31 complete
    32 |      951 |      5 |  0.000000E+00 |  0.000000E+00 |  0.000000E+00 |             f
[2026-09-26 02:41:52] [GEN] === Generation 32 ===
[2026-09-26 02:41:52] [INFO] Evaluating solution 0: [1, 0, 0, 1, 0, 1][2026-09-26 02:41:52] [INFO] Evaluating solution 1: [1, 1, 0, 1, 0, 1]
[2026-09-26 02:41:52] [INFO] Evaluating solution 2: [1, 1, 0, 0, 0, 1]

[2026-09-26 02:41:52] [INFO] Evaluating solution 3: [1, 0, 0, 0, 0, 0]
[2026-09-26 02:41:52] [INFO] Evaluating solution 4: [1, 0, 0, 1, 0, 0]
[2026-09-26 02:41:52] [INFO] Evaluating solution 5: [1, 1, 1, 0, 0, 0]
[2026-09-26 02:41:52] [INFO] Evaluating solution 6: [0, 1, 1, 0, 0, 0]
[2026-09-26 02:41:52] [INFO] Evaluating solution 7: [0, 1, 1, 1, 0, 1]
[2026-09-26 02:41:52] [INFO] Evaluating solution 8: [0, 1, 0, 1, 1, 1]
[2026-09-26 02:41:52] [INFO] Evaluating solution 9: [1, 0, 1, 1, 1, 0]
[2026-09-26 02:41:52] [INFO] Evaluating solution 10: [1, 0, 1, 1, 0, 1]
[2026-09-26 02:41:52] [INFO] Evaluating solution 11: [0, 0, 0, 0, 1, 0]
[2026-09-26 02:41:52] [INFO] Evaluating solution 12: [0, 0, 0, 1, 1, 0]
[2026-09-26 02:41:52] [INFO] Evaluating solution 13: [0, 1, 0, 0, 1, 1][2026-09-26 02:41:52] [INFO] Evaluating solution 14: [0, 0, 1, 0, 1, 0]

[2026-09-26 02:41:52] [INFO] Evaluating solution 15: [0, 1, 1, 0, 1, 0]
[2026-09-26 02:41:52] [INFO] Evaluating solution 16: [1, 0, 0, 1, 1, 0]
[2026-09-26 02:41:52] [INFO] Evaluating solution 17: [0, 0, 1, 1, 1, 0]
[2026-09-26 02:41:52] [INFO] Evaluating solution 18: [1, 1, 0, 0, 1, 0]
[2026-09-26 02:41:52] [INFO] Evaluating solution 19: [1, 1, 0, 0, 1, 1]
[2026-09-26 02:41:52] [INFO] Evaluating solution 20: [0, 1, 0, 0, 0, 1][2026-09-26 02:41:52] [INFO] Evaluating solution 21: [1, 0, 1, 1, 1, 1]
[2026-09-26 02:41:52] [INFO] Evaluating solution 22: [0, 1, 1, 0, 0, 1]

[2026-09-26 02:41:52] [INFO] Evaluating solution 23: [0, 0, 1, 1, 0, 0]
[2026-09-26 02:41:52] [INFO] Evaluating solution 24: [1, 1, 1, 0, 1, 1]
[2026-09-26 02:41:52] [INFO] Evaluating solution 25: [1, 1, 0, 0, 0, 0]
[2026-09-26 02:41:52] [INFO] Evaluating solution 26: [1, 1, 1, 0, 0, 1]
[2026-09-26 02:41:52] [INFO] Evaluating solution 27: [1, 1, 1, 0, 1, 0]
[2026-09-26 02:41:52] [INFO] Evaluating solution 28: [1, 0, 1, 1, 0, 0]
[2026-09-26 02:41:52] [INFO] Evaluating solution 29: [1, 1, 1, 1, 0, 1]
[2026-09-26 02:41:52] [INFO] Generation 32 complete
    33 |      981 |      5 |  0.000000E+00 |  0.000000E+00 |  0.000000E+00 |             f
[2026-09-26 02:41:52] [GEN] === Generation 33 ===
[2026-09-26 02:41:52] [INFO] Evaluating solution 0: [0, 0, 1, 1, 1, 0]
[2026-09-26 02:41:52] [INFO] Evaluating solution 1: [0, 1, 0, 0, 0, 1]
[2026-09-26 02:41:52] [INFO] Evaluating solution 2: [1, 1, 0, 0, 0, 1]
[2026-09-26 02:41:52] [INFO] Evaluating solution 3: [0, 0, 1, 1, 0, 0]
[2026-09-26 02:41:52] [INFO] Evaluating solution 4: [0, 1, 0, 0, 1, 1]
[2026-09-26 02:41:52] [INFO] Evaluating solution 5: [1, 0, 1, 1, 1, 0]
[2026-09-26 02:41:52] [INFO] Evaluating solution 6: [1, 1, 1, 1, 0, 1]
[2026-09-26 02:41:52] [INFO] Evaluating solution 7: [1, 0, 0, 1, 0, 1]
[2026-09-26 02:41:52] [INFO] Evaluating solution 8: [1, 1, 0, 1, 0, 1]
[2026-09-26 02:41:52] [INFO] Evaluating solution 9: [1, 0, 0, 0, 0, 0]
[2026-09-26 02:41:52] [INFO] Evaluating solution 10: [0, 1, 0, 1, 1, 1]
[2026-09-26 02:41:52] [INFO] Evaluating solution 11: [1, 1, 0, 0, 1, 1]
[2026-09-26 02:41:52] [INFO] Evaluating solution 12: [1, 1, 1, 0, 1, 0]
[2026-09-26 02:41:52] [INFO] Evaluating solution 13: [0, 0, 0, 0, 1, 0]
[2026-09-26 02:41:52] [INFO] Evaluating solution 14: [0, 0, 0, 1, 1, 0]
[2026-09-26 02:41:52] [INFO] Evaluating solution 15: [1, 0, 0, 1, 1, 0]
[2026-09-26 02:41:52] [INFO] Evaluating solution 16: [1, 1, 0, 0, 0, 0]
[2026-09-26 02:41:52] [INFO] Evaluating solution 17: [1, 1, 1, 0, 1, 1]
[2026-09-26 02:41:52] [INFO] Evaluating solution 18: [1, 0, 1, 1, 0, 0]
[2026-09-26 02:41:52] [INFO] Evaluating solution 19: [0, 1, 1, 1, 1, 0]
[2026-09-26 02:41:52] [INFO] Evaluating solution 20: [1, 0, 1, 1, 0, 1]
[2026-09-26 02:41:52] [INFO] Evaluating solution 21: [1, 0, 0, 1, 0, 0]
[2026-09-26 02:41:52] [INFO] Evaluating solution 22: [1, 1, 1, 0, 0, 0]
[2026-09-26 02:41:52] [INFO] Evaluating solution 23: [0, 1, 1, 0, 1, 0]
[2026-09-26 02:41:52] [INFO] Evaluating solution 24: [0, 0, 1, 0, 0, 0]
[2026-09-26 02:41:52] [INFO] Evaluating solution 25: [0, 1, 1, 1, 0, 1]
[2026-09-26 02:41:52] [INFO] Evaluating solution 26: [1, 0, 1, 1, 1, 1]
[2026-09-26 02:41:52] [INFO] Evaluating solution 27: [1, 1, 0, 0, 1, 0]
[2026-09-26 02:41:52] [INFO] Evaluating solution 28: [0, 1, 1, 0, 0, 1]
[2026-09-26 02:41:52] [INFO] Evaluating solution 29: [0, 1, 0, 0, 1, 0]
[2026-09-26 02:41:52] [INFO] Generation 33 complete
    34 |     1011 |      5 |  0.000000E+00 |  0.000000E+00 |  0.000000E+00 |             f
[2026-09-26 02:41:52] [GEN] === Generation 34 ===
[2026-09-26 02:41:52] [INFO] Evaluating solution 0: [0, 0, 1, 1, 0, 0]
[2026-09-26 02:41:52] [INFO] Evaluating solution 1: [1, 0, 0, 1, 0, 1][2026-09-26 02:41:52] [INFO] Evaluating solution 2: [1, 0, 0, 0, 0, 0]
[2026-09-26 02:41:52] [INFO] Evaluating solution 3: [1, 0, 0, 1, 1, 0]

[2026-09-26 02:41:52] [INFO] Evaluating solution 4: [1, 1, 1, 0, 1, 1]
[2026-09-26 02:41:52] [INFO] Evaluating solution 5: [0, 0, 0, 0, 1, 0]
[2026-09-26 02:41:52] [INFO] Evaluating solution 6: [0, 1, 1, 1, 1, 1]
[2026-09-26 02:41:52] [INFO] Evaluating solution 7: [1, 0, 1, 1, 0, 0]
[2026-09-26 02:41:52] [INFO] Evaluating solution 8: [1, 1, 0, 0, 0, 1]
[2026-09-26 02:41:52] [INFO] Evaluating solution 9: [1, 0, 0, 1, 0, 0][2026-09-26 02:41:52] [INFO] Evaluating solution 10: [0, 0, 1, 1, 1, 0]
[2026-09-26 02:41:52] [INFO] Evaluating solution 11: [0, 1, 0, 0, 1, 1]
[2026-09-26 02:41:52] [INFO] Evaluating solution 12: [1, 1, 1, 0, 0, 0]
[2026-09-26 02:41:52] [INFO] Evaluating solution 13: [0, 0, 1, 0, 1, 0]

[2026-09-26 02:41:52] [INFO] Evaluating solution 14: [1, 1, 0, 1, 0, 1]
[2026-09-26 02:41:52] [INFO] Evaluating solution 15: [0, 1, 0, 1, 1, 1][2026-09-26 02:41:52] [INFO] Evaluating solution 16: [0, 1, 0, 1, 1, 0]
[2026-09-26 02:41:52] [INFO] Evaluating solution 17: [0, 1, 1, 0, 1, 0]
[2026-09-26 02:41:52] [INFO] Evaluating solution 18: [0, 1, 1, 0, 1, 1]
[2026-09-26 02:41:52] [INFO] Evaluating solution 19: [0, 1, 0, 0, 1, 0]
[2026-09-26 02:41:52] [INFO] Evaluating solution 20: [0, 1, 0, 0, 0, 1]

[2026-09-26 02:41:52] [INFO] Evaluating solution 21: [0, 1, 1, 1, 0, 1]
[2026-09-26 02:41:52] [INFO] Evaluating solution 22: [1, 1, 0, 0, 1, 0]
[2026-09-26 02:41:52] [INFO] Evaluating solution 23: [1, 0, 1, 1, 1, 0]
[2026-09-26 02:41:52] [INFO] Evaluating solution 24: [1, 1, 0, 0, 1, 1]
[2026-09-26 02:41:52] [INFO] Evaluating solution 25: [1, 1, 0, 0, 0, 0][2026-09-26 02:41:52] [INFO] Evaluating solution 26: [1, 0, 1, 1, 0, 1]

[2026-09-26 02:41:52] [INFO] Evaluating solution 27: [0, 1, 1, 0, 0, 0]
[2026-09-26 02:41:52] [INFO] Evaluating solution 28: [1, 1, 1, 1, 0, 1]
[2026-09-26 02:41:52] [INFO] Evaluating solution 29: [0, 0, 0, 1, 1, 0]
[2026-09-26 02:41:52] [INFO] Generation 34 complete
    35 |     1041 |      5 |  0.000000E+00 |  0.000000E+00 |  0.000000E+00 |             f
[2026-09-26 02:41:52] [GEN] === Generation 35 ===
[2026-09-26 02:41:52] [INFO] Evaluating solution 0: [0, 0, 0, 0, 1, 0]
[2026-09-26 02:41:52] [INFO] Evaluating solution 1: [1, 0, 0, 1, 0, 0]
[2026-09-26 02:41:52] [INFO] Evaluating solution 2: [1, 1, 0, 1, 0, 1]
[2026-09-26 02:41:52] [INFO] Evaluating solution 3: [0, 1, 0, 0, 1, 1]
[2026-09-26 02:41:52] [INFO] Evaluating solution 4: [1, 1, 1, 1, 0, 1]
[2026-09-26 02:41:52] [INFO] Evaluating solution 5: [1, 1, 0, 0, 0, 1][2026-09-26 02:41:52] [INFO] Evaluating solution 6: [0, 1, 1, 0, 1, 0]

[2026-09-26 02:41:52] [INFO] Evaluating solution 7: [0, 0, 1, 1, 0, 0][2026-09-26 02:41:52] [INFO] Evaluating solution 8: [1, 0, 0, 1, 1, 0]

[2026-09-26 02:41:52] [INFO] Evaluating solution 9: [1, 0, 1, 1, 1, 0][2026-09-26 02:41:52] [INFO] Evaluating solution 10: [0, 1, 1, 0, 0, 0]

[2026-09-26 02:41:52] [INFO] Evaluating solution 11: [1, 0, 0, 1, 1, 1]
[2026-09-26 02:41:52] [INFO] Evaluating solution 12: [0, 1, 0, 0, 0, 1]
[2026-09-26 02:41:52] [INFO] Evaluating solution 13: [0, 0, 1, 1, 1, 0]
[2026-09-26 02:41:52] [INFO] Evaluating solution 14: [1, 1, 1, 0, 1, 1]
[2026-09-26 02:41:52] [INFO] Evaluating solution 15: [1, 0, 0, 1, 0, 1]
[2026-09-26 02:41:52] [INFO] Evaluating solution 16: [1, 0, 0, 0, 0, 0]
[2026-09-26 02:41:52] [INFO] Evaluating solution 17: [1, 0, 1, 1, 0, 0]
[2026-09-26 02:41:52] [INFO] Evaluating solution 18: [0, 1, 1, 1, 1, 1]
[2026-09-26 02:41:52] [INFO] Evaluating solution 19: [0, 1, 1, 1, 1, 0]
[2026-09-26 02:41:52] [INFO] Evaluating solution 20: [1, 1, 0, 0, 1, 1]
[2026-09-26 02:41:52] [INFO] Evaluating solution 21: [0, 1, 1, 1, 0, 1]
[2026-09-26 02:41:52] [INFO] Evaluating solution 22: [0, 1, 0, 1, 1, 1][2026-09-26 02:41:52] [INFO] Evaluating solution 23: [0, 1, 0, 0, 1, 0]
[2026-09-26 02:41:52] [INFO] Evaluating solution 24: [1, 1, 0, 0, 1, 0]
[2026-09-26 02:41:52] [INFO] Evaluating solution 25: [1, 1, 0, 0, 0, 0]

[2026-09-26 02:41:52] [INFO] Evaluating solution 26: [0, 1, 1, 0, 1, 1]
[2026-09-26 02:41:52] [INFO] Evaluating solution 27: [1, 0, 1, 1, 0, 1]
[2026-09-26 02:41:52] [INFO] Evaluating solution 28: [0, 0, 0, 1, 1, 0]
[2026-09-26 02:41:52] [INFO] Evaluating solution 29: [1, 1, 1, 0, 0, 0]
[2026-09-26 02:41:52] [INFO] Generation 35 complete
    36 |     1071 |      5 |  0.000000E+00 |  0.000000E+00 |  0.000000E+00 |             f
[2026-09-26 02:41:52] [GEN] === Generation 36 ===
[2026-09-26 02:41:52] [INFO] Evaluating solution 0: [1, 1, 0, 0, 0, 0]
[2026-09-26 02:41:52] [INFO] Evaluating solution 1: [0, 1, 0, 1, 1, 1]
[2026-09-26 02:41:52] [INFO] Evaluating solution 2: [0, 0, 1, 1, 0, 0]
[2026-09-26 02:41:52] [INFO] Evaluating solution 3: [1, 0, 0, 1, 1, 1]
[2026-09-26 02:41:52] [INFO] Evaluating solution 4: [1, 0, 0, 1, 0, 0]
[2026-09-26 02:41:52] [INFO] Evaluating solution 5: [1, 1, 1, 0, 1, 1][2026-09-26 02:41:52] [INFO] Evaluating solution 6: [0, 1, 0, 1, 1, 0]

[2026-09-26 02:41:52] [INFO] Evaluating solution 7: [0, 0, 0, 0, 1, 0]
[2026-09-26 02:41:52] [INFO] Evaluating solution 8: [1, 1, 0, 0, 0, 1][2026-09-26 02:41:52] [INFO] Evaluating solution 9: [1, 1, 0, 1, 0, 1]

[2026-09-26 02:41:52] [INFO] Evaluating solution 10: [0, 1, 0, 0, 1, 1][2026-09-26 02:41:52] [INFO] Evaluating solution 11: [1, 0, 0, 1, 0, 1][2026-09-26 02:41:52] [INFO] Evaluating solution 12: [1, 1, 1, 1, 0, 1]


[2026-09-26 02:41:52] [INFO] Evaluating solution 13: [1, 1, 0, 0, 1, 1]
[2026-09-26 02:41:52] [INFO] Evaluating solution 14: [0, 1, 0, 0, 0, 1]
[2026-09-26 02:41:52] [INFO] Evaluating solution 15: [1, 0, 1, 1, 1, 0]
[2026-09-26 02:41:52] [INFO] Evaluating solution 16: [0, 0, 1, 0, 0, 0]
[2026-09-26 02:41:52] [INFO] Evaluating solution 17: [0, 1, 1, 0, 1, 1]
[2026-09-26 02:41:52] [INFO] Evaluating solution 18: [0, 1, 1, 0, 0, 0]
[2026-09-26 02:41:52] [INFO] Evaluating solution 19: [1, 0, 1, 1, 0, 0]
[2026-09-26 02:41:52] [INFO] Evaluating solution 20: [1, 1, 0, 0, 1, 0]
[2026-09-26 02:41:52] [INFO] Evaluating solution 21: [0, 0, 1, 0, 1, 0]
[2026-09-26 02:41:52] [INFO] Evaluating solution 22: [0, 0, 0, 1, 1, 0]
[2026-09-26 02:41:52] [INFO] Evaluating solution 23: [0, 1, 1, 1, 0, 1]
[2026-09-26 02:41:52] [INFO] Evaluating solution 24: [0, 0, 1, 1, 1, 0]
[2026-09-26 02:41:52] [INFO] Evaluating solution 25: [1, 1, 1, 0, 0, 0]
[2026-09-26 02:41:52] [INFO] Evaluating solution 26: [0, 1, 1, 1, 1, 1]
[2026-09-26 02:41:52] [INFO] Evaluating solution 27: [0, 1, 0, 0, 1, 0]
[2026-09-26 02:41:52] [INFO] Evaluating solution 28: [1, 1, 1, 0, 1, 0]
[2026-09-26 02:41:52] [INFO] Evaluating solution 29: [0, 1, 1, 1, 1, 0]
[2026-09-26 02:41:52] [INFO] Generation 36 complete
    37 |     1101 |      5 |  0.000000E+00 |  0.000000E+00 |  0.000000E+00 |             f
[2026-09-26 02:41:52] [GEN] === Generation 37 ===
[2026-09-26 02:41:52] [INFO] Evaluating solution 0: [1, 1, 0, 1, 0, 1]
[2026-09-26 02:41:52] [INFO] Evaluating solution 1: [0, 1, 0, 1, 1, 1]
[2026-09-26 02:41:52] [INFO] Evaluating solution 2: [0, 1, 1, 0, 0, 0][2026-09-26 02:41:52] [INFO] Evaluating solution 3: [1, 0, 0, 0, 0, 0]

[2026-09-26 02:41:52] [INFO] Evaluating solution 4: [0, 0, 0, 0, 1, 0]
[2026-09-26 02:41:52] [INFO] Evaluating solution 5: [1, 1, 1, 0, 1, 0]
[2026-09-26 02:41:52] [INFO] Evaluating solution 6: [1, 1, 1, 1, 0, 1]
[2026-09-26 02:41:52] [INFO] Evaluating solution 7: [1, 1, 1, 0, 1, 1]
[2026-09-26 02:41:52] [INFO] Evaluating solution 8: [0, 0, 0, 1, 1, 0]
[2026-09-26 02:41:52] [INFO] Evaluating solution 9: [1, 1, 0, 0, 1, 1]
[2026-09-26 02:41:52] [INFO] Evaluating solution 10: [0, 0, 1, 1, 0, 0][2026-09-26 02:41:52] [INFO] Evaluating solution 11: [1, 0, 1, 1, 0, 1]

[2026-09-26 02:41:52] [INFO] Evaluating solution 12: [1, 0, 0, 1, 0, 1]
[2026-09-26 02:41:52] [INFO] Evaluating solution 13: [0, 1, 1, 1, 1, 0]
[2026-09-26 02:41:52] [INFO] Evaluating solution 14: [0, 1, 0, 0, 1, 0]
[2026-09-26 02:41:52] [INFO] Evaluating solution 15: [1, 0, 0, 1, 0, 0]
[2026-09-26 02:41:52] [INFO] Evaluating solution 16: [0, 1, 0, 0, 1, 1]
[2026-09-26 02:41:52] [INFO] Evaluating solution 17: [0, 1, 1, 1, 0, 1]
[2026-09-26 02:41:52] [INFO] Evaluating solution 18: [1, 1, 0, 0, 0, 1]
[2026-09-26 02:41:52] [INFO] Evaluating solution 19: [0, 0, 1, 1, 1, 0]
[2026-09-26 02:41:52] [INFO] Evaluating solution 20: [0, 1, 1, 0, 1, 1]
[2026-09-26 02:41:52] [INFO] Evaluating solution 21: [0, 1, 0, 0, 0, 1]
[2026-09-26 02:41:52] [INFO] Evaluating solution 22: [1, 0, 1, 1, 0, 0]
[2026-09-26 02:41:52] [INFO] Evaluating solution 23: [0, 0, 1, 0, 0, 0]
[2026-09-26 02:41:52] [INFO] Evaluating solution 24: [0, 1, 1, 1, 1, 1]
[2026-09-26 02:41:52] [INFO] Evaluating solution 25: [1, 0, 0, 1, 1, 0]
[2026-09-26 02:41:52] [INFO] Evaluating solution 26: [1, 0, 1, 1, 1, 0]
[2026-09-26 02:41:52] [INFO] Evaluating solution 27: [0, 1, 1, 0, 1, 0]
[2026-09-26 02:41:52] [INFO] Evaluating solution 28: [0, 1, 0, 1, 1, 0]
[2026-09-26 02:41:52] [INFO] Evaluating solution 29: [1, 1, 0, 0, 0, 0]
[2026-09-26 02:41:52] [INFO] Generation 37 complete
    38 |     1131 |      5 |  0.000000E+00 |  0.000000E+00 |  0.000000E+00 |             f
[2026-09-26 02:41:52] [GEN] === Generation 38 ===
[2026-09-26 02:41:52] [INFO] Evaluating solution 0: [1, 1, 1, 1, 0, 1][2026-09-26 02:41:52] [INFO] Evaluating solution 1: [0, 1, 0, 1, 1, 1]

[2026-09-26 02:41:52] [INFO] Evaluating solution 2: [1, 0, 1, 1, 0, 0][2026-09-26 02:41:52] [INFO] Evaluating solution 3: [0, 1, 1, 1, 1, 0]

[2026-09-26 02:41:52] [INFO] Evaluating solution 4: [1, 0, 1, 1, 1, 0]
[2026-09-26 02:41:52] [INFO] Evaluating solution 5: [0, 1, 1, 0, 1, 1]
[2026-09-26 02:41:52] [INFO] Evaluating solution 6: [1, 1, 0, 1, 0, 1]
[2026-09-26 02:41:52] [INFO] Evaluating solution 7: [0, 0, 1, 1, 0, 0]
[2026-09-26 02:41:52] [INFO] Evaluating solution 8: [1, 0, 0, 1, 0, 1]
[2026-09-26 02:41:52] [INFO] Evaluating solution 9: [0, 0, 0, 0, 1, 0]
[2026-09-26 02:41:52] [INFO] Evaluating solution 10: [1, 0, 0, 0, 0, 0]
[2026-09-26 02:41:52] [INFO] Evaluating solution 11: [0, 1, 0, 0, 1, 1]
[2026-09-26 02:41:52] [INFO] Evaluating solution 12: [1, 1, 0, 0, 1, 0]
[2026-09-26 02:41:52] [INFO] Evaluating solution 13: [1, 0, 0, 1, 0, 0]
[2026-09-26 02:41:52] [INFO] Evaluating solution 14: [0, 1, 0, 0, 0, 1]
[2026-09-26 02:41:52] [INFO] Evaluating solution 15: [1, 1, 1, 0, 1, 1]
[2026-09-26 02:41:52] [INFO] Evaluating solution 16: [0, 1, 1, 1, 1, 1][2026-09-26 02:41:52] [INFO] Evaluating solution 17: [0, 0, 1, 0, 1, 0]
[2026-09-26 02:41:52] [INFO] Evaluating solution 18: [1, 1, 0, 0, 1, 1]
[2026-09-26 02:41:52] [INFO] Evaluating solution 19: [1, 1, 1, 0, 1, 0]
[2026-09-26 02:41:52] [INFO] Evaluating solution 20: [0, 1, 0, 1, 1, 0]

[2026-09-26 02:41:52] [INFO] Evaluating solution 21: [1, 1, 0, 0, 0, 0]
[2026-09-26 02:41:52] [INFO] Evaluating solution 22: [0, 1, 1, 0, 0, 0]
[2026-09-26 02:41:52] [INFO] Evaluating solution 23: [0, 1, 0, 0, 1, 0]
[2026-09-26 02:41:52] [INFO] Evaluating solution 24: [1, 1, 1, 0, 0, 0]
[2026-09-26 02:41:52] [INFO] Evaluating solution 25: [0, 0, 1, 1, 1, 0]
[2026-09-26 02:41:52] [INFO] Evaluating solution 26: [0, 1, 1, 0, 1, 0]
[2026-09-26 02:41:52] [INFO] Evaluating solution 27: [1, 0, 0, 1, 1, 0]
[2026-09-26 02:41:52] [INFO] Evaluating solution 28: [1, 0, 0, 1, 1, 1]
[2026-09-26 02:41:52] [INFO] Evaluating solution 29: [0, 1, 1, 1, 0, 1]
[2026-09-26 02:41:52] [INFO] Generation 38 complete
    39 |     1161 |      5 |  0.000000E+00 |  0.000000E+00 |  0.000000E+00 |             f
[2026-09-26 02:41:52] [GEN] === Generation 39 ===
[2026-09-26 02:41:52] [INFO] Evaluating solution 0: [1, 1, 0, 0, 0, 0]
[2026-09-26 02:41:52] [INFO] Evaluating solution 1: [1, 0, 0, 0, 0, 0]
[2026-09-26 02:41:52] [INFO] Evaluating solution 2: [0, 1, 0, 0, 0, 1]
[2026-09-26 02:41:52] [INFO] Evaluating solution 3: [0, 1, 0, 1, 1, 1]
[2026-09-26 02:41:52] [INFO] Evaluating solution 4: [0, 0, 1, 0, 0, 0]
[2026-09-26 02:41:52] [INFO] Evaluating solution 5: [0, 0, 1, 1, 0, 0]
[2026-09-26 02:41:52] [INFO] Evaluating solution 6: [1, 0, 1, 1, 1, 0]
[2026-09-26 02:41:52] [INFO] Evaluating solution 7: [1, 1, 0, 0, 1, 1][2026-09-26 02:41:52] [INFO] Evaluating solution 8: [1, 0, 1, 1, 0, 0]

[2026-09-26 02:41:52] [INFO] Evaluating solution 9: [0, 1, 1, 0, 0, 0]
[2026-09-26 02:41:52] [INFO] Evaluating solution 10: [1, 1, 1, 0, 1, 0]
[2026-09-26 02:41:52] [INFO] Evaluating solution 11: [1, 0, 0, 1, 0, 0]
[2026-09-26 02:41:52] [INFO] Evaluating solution 12: [1, 1, 0, 0, 0, 1]
[2026-09-26 02:41:52] [INFO] Evaluating solution 13: [1, 0, 1, 1, 0, 1]
[2026-09-26 02:41:52] [INFO] Evaluating solution 14: [0, 1, 0, 0, 1, 1]
[2026-09-26 02:41:52] [INFO] Evaluating solution 15: [1, 1, 0, 1, 0, 1]
[2026-09-26 02:41:52] [INFO] Evaluating solution 16: [0, 0, 1, 1, 1, 0]
[2026-09-26 02:41:52] [INFO] Evaluating solution 17: [0, 1, 1, 1, 1, 1][2026-09-26 02:41:52] [INFO] Evaluating solution 18: [1, 0, 0, 1, 0, 1]
[2026-09-26 02:41:52] [INFO] Evaluating solution 19: [1, 1, 0, 0, 1, 0]
[2026-09-26 02:41:52] [INFO] Evaluating solution 20: [0, 1, 0, 0, 1, 0]
[2026-09-26 02:41:52] [INFO] Evaluating solution 21: [0, 1, 1, 0, 1, 1]
[2026-09-26 02:41:52] [INFO] Evaluating solution 22: [1, 1, 1, 0, 1, 1]
[2026-09-26 02:41:52] [INFO] Evaluating solution 23: [0, 1, 1, 1, 0, 1]
[2026-09-26 02:41:52] [INFO] Evaluating solution 24: [1, 1, 1, 1, 0, 1]
[2026-09-26 02:41:52] [INFO] Evaluating solution 25: [0, 0, 0, 1, 1, 0]
[2026-09-26 02:41:52] [INFO] Evaluating solution 26: [1, 0, 0, 1, 1, 0]

[2026-09-26 02:41:52] [INFO] Evaluating solution 27: [0, 1, 1, 0, 0, 1]
[2026-09-26 02:41:52] [INFO] Evaluating solution 28: [1, 1, 1, 0, 0, 0]
[2026-09-26 02:41:52] [INFO] Evaluating solution 29: [0, 0, 0, 0, 1, 0]
[2026-09-26 02:41:52] [INFO] Generation 39 complete
    40 |     1191 |      5 |  0.000000E+00 |  0.000000E+00 |  0.000000E+00 |             f
[2026-09-26 02:41:52] [GEN] === Generation 40 ===
[2026-09-26 02:41:52] [INFO] Evaluating solution 0: [1, 0, 1, 1, 0, 0]
[2026-09-26 02:41:52] [INFO] Evaluating solution 1: [1, 0, 0, 1, 0, 0]
[2026-09-26 02:41:52] [INFO] Evaluating solution 2: [0, 1, 0, 1, 1, 0][2026-09-26 02:41:52] [INFO] Evaluating solution 3: [1, 0, 0, 1, 0, 1]

[2026-09-26 02:41:52] [INFO] Evaluating solution 4: [1, 0, 0, 0, 0, 0]
[2026-09-26 02:41:52] [INFO] Evaluating solution 5: [1, 1, 1, 0, 1, 0]
[2026-09-26 02:41:52] [INFO] Evaluating solution 6: [0, 1, 1, 0, 0, 1]
[2026-09-26 02:41:52] [INFO] Evaluating solution 7: [1, 1, 1, 1, 0, 1]
[2026-09-26 02:41:52] [INFO] Evaluating solution 8: [0, 1, 0, 0, 0, 1]
[2026-09-26 02:41:52] [INFO] Evaluating solution 9: [0, 0, 1, 1, 0, 0]
[2026-09-26 02:41:52] [INFO] Evaluating solution 10: [1, 1, 1, 0, 1, 1]
[2026-09-26 02:41:52] [INFO] Evaluating solution 11: [0, 1, 1, 0, 1, 1]
[2026-09-26 02:41:52] [INFO] Evaluating solution 12: [1, 0, 1, 1, 1, 0]
[2026-09-26 02:41:52] [INFO] Evaluating solution 13: [0, 1, 0, 0, 1, 0]
[2026-09-26 02:41:52] [INFO] Evaluating solution 14: [1, 0, 0, 1, 1, 0]
[2026-09-26 02:41:52] [INFO] Evaluating solution 15: [1, 1, 0, 1, 0, 1]
[2026-09-26 02:41:52] [INFO] Evaluating solution 16: [1, 1, 0, 0, 0, 0]
[2026-09-26 02:41:52] [INFO] Evaluating solution 17: [0, 1, 1, 1, 0, 1]
[2026-09-26 02:41:52] [INFO] Evaluating solution 18: [0, 1, 0, 1, 1, 1]
[2026-09-26 02:41:52] [INFO] Evaluating solution 19: [0, 0, 1, 1, 1, 0]
[2026-09-26 02:41:52] [INFO] Evaluating solution 20: [1, 0, 1, 1, 1, 1]
[2026-09-26 02:41:52] [INFO] Evaluating solution 21: [0, 1, 1, 1, 1, 1]
[2026-09-26 02:41:52] [INFO] Evaluating solution 22: [0, 0, 1, 0, 0, 0]
[2026-09-26 02:41:52] [INFO] Evaluating solution 23: [1, 1, 0, 0, 1, 0]
[2026-09-26 02:41:52] [INFO] Evaluating solution 24: [0, 0, 1, 0, 1, 0]
[2026-09-26 02:41:52] [INFO] Evaluating solution 25: [1, 1, 1, 0, 0, 0]
[2026-09-26 02:41:52] [INFO] Evaluating solution 26: [0, 1, 1, 0, 0, 0]
[2026-09-26 02:41:52] [INFO] Evaluating solution 27: [1, 1, 0, 0, 1, 1]
[2026-09-26 02:41:52] [INFO] Evaluating solution 28: [1, 1, 0, 0, 0, 1]
[2026-09-26 02:41:52] [INFO] Evaluating solution 29: [0, 1, 0, 0, 1, 1]
[2026-09-26 02:41:52] [INFO] Generation 40 complete
    41 |     1221 |      5 |  0.000000E+00 |  0.000000E+00 |  0.000000E+00 |             f
[2026-09-26 02:41:52] [GEN] === Generation 41 ===
[2026-09-26 02:41:52] [INFO] Evaluating solution 0: [0, 0, 1, 0, 0, 0]
[2026-09-26 02:41:52] [INFO] Evaluating solution 1: [1, 0, 0, 0, 0, 0]
[2026-09-26 02:41:52] [INFO] Evaluating solution 2: [1, 0, 0, 1, 0, 0]
[2026-09-26 02:41:52] [INFO] Evaluating solution 3: [0, 1, 0, 0, 0, 1]
[2026-09-26 02:41:52] [INFO] Evaluating solution 4: [1, 1, 0, 0, 1, 0]
[2026-09-26 02:41:52] [INFO] Evaluating solution 5: [0, 1, 0, 0, 1, 1][2026-09-26 02:41:52] [INFO] Evaluating solution 6: [0, 1, 1, 0, 0, 0]
[2026-09-26 02:41:52] [INFO] Evaluating solution 7: [0, 1, 0, 1, 1, 1]
[2026-09-26 02:41:52] [INFO] Evaluating solution 8: [1, 0, 1, 1, 0, 0][2026-09-26 02:41:52] [INFO] Evaluating solution 9: [1, 0, 0, 1, 0, 1][2026-09-26 02:41:52] [INFO] Evaluating solution 10: [0, 0, 0, 0, 1, 0]

[2026-09-26 02:41:52] [INFO] Evaluating solution 11: [0, 1, 1, 0, 1, 1]


[2026-09-26 02:41:52] [INFO] Evaluating solution 12: [1, 0, 0, 1, 1, 0]
[2026-09-26 02:41:52] [INFO] Evaluating solution 13: [0, 0, 1, 1, 0, 0]
[2026-09-26 02:41:52] [INFO] Evaluating solution 14: [1, 0, 1, 1, 1, 1]
[2026-09-26 02:41:52] [INFO] Evaluating solution 15: [1, 1, 1, 0, 1, 1]
[2026-09-26 02:41:52] [INFO] Evaluating solution 16: [0, 0, 0, 1, 1, 0]
[2026-09-26 02:41:52] [INFO] Evaluating solution 17: [1, 1, 0, 0, 1, 1]
[2026-09-26 02:41:52] [INFO] Evaluating solution 18: [1, 0, 1, 1, 0, 1]
[2026-09-26 02:41:52] [INFO] Evaluating solution 19: [1, 1, 0, 0, 0, 0]
[2026-09-26 02:41:52] [INFO] Evaluating solution 20: [1, 1, 1, 1, 0, 1]
[2026-09-26 02:41:52] [INFO] Evaluating solution 21: [1, 1, 0, 1, 0, 1]
[2026-09-26 02:41:52] [INFO] Evaluating solution 22: [0, 1, 1, 1, 0, 1]
[2026-09-26 02:41:52] [INFO] Evaluating solution 23: [0, 1, 1, 1, 1, 1]
[2026-09-26 02:41:52] [INFO] Evaluating solution 24: [0, 1, 1, 0, 1, 0]
[2026-09-26 02:41:52] [INFO] Evaluating solution 25: [1, 1, 1, 0, 1, 0][2026-09-26 02:41:52] [INFO] Evaluating solution 26: [0, 1, 1, 1, 1, 0]
[2026-09-26 02:41:52] [INFO] Evaluating solution 27: [0, 0, 1, 1, 1, 0]
[2026-09-26 02:41:52] [INFO] Evaluating solution 28: [1, 1, 0, 0, 0, 1]

[2026-09-26 02:41:52] [INFO] Evaluating solution 29: [0, 1, 0, 0, 1, 0]
[2026-09-26 02:41:52] [INFO] Generation 41 complete
    42 |     1251 |      5 |  0.000000E+00 |  0.000000E+00 |  0.000000E+00 |             f
[2026-09-26 02:41:52] [GEN] === Generation 42 ===
[2026-09-26 02:41:52] [INFO] Evaluating solution 0: [0, 1, 1, 1, 0, 1]
[2026-09-26 02:41:52] [INFO] Evaluating solution 1: [1, 0, 1, 1, 1, 1]
[2026-09-26 02:41:52] [INFO] Evaluating solution 2: [1, 0, 0, 0, 0, 0]
[2026-09-26 02:41:52] [INFO] Evaluating solution 3: [1, 1, 0, 0, 1, 1]
[2026-09-26 02:41:52] [INFO] Evaluating solution 4: [0, 1, 1, 1, 1, 1][2026-09-26 02:41:52] [INFO] Evaluating solution 5: [1, 0, 0, 1, 0, 1]
[2026-09-26 02:41:52] [INFO] Evaluating solution 6: [0, 0, 1, 1, 1, 0]

[2026-09-26 02:41:52] [INFO] Evaluating solution 7: [0, 0, 1, 1, 0, 0]
[2026-09-26 02:41:52] [INFO] Evaluating solution 8: [1, 1, 0, 0, 0, 0]
[2026-09-26 02:41:52] [INFO] Evaluating solution 9: [0, 1, 0, 0, 0, 1]
[2026-09-26 02:41:52] [INFO] Evaluating solution 10: [1, 1, 0, 0, 1, 0]
[2026-09-26 02:41:52] [INFO] Evaluating solution 11: [1, 0, 1, 1, 0, 0]
[2026-09-26 02:41:52] [INFO] Evaluating solution 12: [1, 0, 1, 1, 1, 0][2026-09-26 02:41:52] [INFO] Evaluating solution 13: [1, 1, 1, 0, 1, 0]
[2026-09-26 02:41:52] [INFO] Evaluating solution 14: [1, 0, 0, 1, 0, 0]
[2026-09-26 02:41:52] [INFO] Evaluating solution 15: [0, 1, 0, 1, 1, 1][2026-09-26 02:41:52] [INFO] Evaluating solution 16: [1, 1, 0, 1, 0, 1]

[2026-09-26 02:41:52] [INFO] Evaluating solution 17: [0, 1, 1, 1, 1, 0]
[2026-09-26 02:41:52] [INFO] Evaluating solution 18: [1, 1, 1, 0, 0, 0][2026-09-26 02:41:52] [INFO] Evaluating solution 19: [1, 1, 1, 0, 1, 1]
[2026-09-26 02:41:52] [INFO] Evaluating solution 20: [0, 1, 0, 1, 1, 0]
[2026-09-26 02:41:52] [INFO] Evaluating solution 21: [1, 1, 1, 1, 0, 1]


[2026-09-26 02:41:52] [INFO] Evaluating solution 22: [0, 1, 0, 0, 1, 1]
[2026-09-26 02:41:52] [INFO] Evaluating solution 23: [0, 0, 1, 0, 1, 0]
[2026-09-26 02:41:52] [INFO] Evaluating solution 24: [0, 0, 0, 1, 1, 0]
[2026-09-26 02:41:52] [INFO] Evaluating solution 25: [0, 1, 1, 0, 0, 0]
[2026-09-26 02:41:52] [INFO] Evaluating solution 26: [0, 1, 0, 0, 1, 0]
[2026-09-26 02:41:52] [INFO] Evaluating solution 27: [1, 0, 0, 1, 1, 0]
[2026-09-26 02:41:52] [INFO] Evaluating solution 28: [0, 1, 1, 0, 1, 0]
[2026-09-26 02:41:52] [INFO] Evaluating solution 29: [1, 1, 0, 0, 0, 1]
[2026-09-26 02:41:52] [INFO] Generation 42 complete
    43 |     1281 |      5 |  0.000000E+00 |  0.000000E+00 |  0.000000E+00 |             f
[2026-09-26 02:41:52] [GEN] === Generation 43 ===
[2026-09-26 02:41:52] [INFO] Evaluating solution 0: [0, 0, 1, 0, 0, 0][2026-09-26 02:41:52] [INFO] Evaluating solution 1: [1, 1, 0, 0, 0, 1]

[2026-09-26 02:41:52] [INFO] Evaluating solution 2: [1, 0, 0, 1, 0, 0]
[2026-09-26 02:41:52] [INFO] Evaluating solution 3: [1, 1, 1, 1, 0, 1]
[2026-09-26 02:41:52] [INFO] Evaluating solution 4: [1, 0, 1, 1, 1, 0]
[2026-09-26 02:41:52] [INFO] Evaluating solution 5: [1, 0, 0, 0, 0, 0]
[2026-09-26 02:41:52] [INFO] Evaluating solution 6: [0, 1, 0, 0, 1, 1]
[2026-09-26 02:41:52] [INFO] Evaluating solution 7: [0, 1, 1, 0, 0, 1][2026-09-26 02:41:52] [INFO] Evaluating solution 8: [1, 1, 0, 1, 0, 1]

[2026-09-26 02:41:52] [INFO] Evaluating solution 9: [0, 0, 0, 0, 1, 0][2026-09-26 02:41:52] [INFO] Evaluating solution 10: [1, 1, 1, 0, 0, 1]
[2026-09-26 02:41:52] [INFO] Evaluating solution 11: [0, 0, 1, 1, 0, 0]

[2026-09-26 02:41:52] [INFO] Evaluating solution 12: [1, 1, 0, 0, 1, 0]
[2026-09-26 02:41:52] [INFO] Evaluating solution 13: [1, 0, 1, 1, 0, 1]
[2026-09-26 02:41:52] [INFO] Evaluating solution 14: [0, 1, 0, 1, 1, 0]
[2026-09-26 02:41:52] [INFO] Evaluating solution 15: [1, 1, 0, 0, 0, 0]
[2026-09-26 02:41:52] [INFO] Evaluating solution 16: [0, 1, 0, 1, 1, 1]
[2026-09-26 02:41:52] [INFO] Evaluating solution 17: [0, 0, 1, 1, 1, 0][2026-09-26 02:41:52] [INFO] Evaluating solution 18: [0, 1, 1, 1, 1, 1]

[2026-09-26 02:41:52] [INFO] Evaluating solution 19: [0, 1, 0, 0, 1, 0]
[2026-09-26 02:41:52] [INFO] Evaluating solution 20: [1, 0, 1, 1, 0, 0]
[2026-09-26 02:41:52] [INFO] Evaluating solution 21: [1, 1, 1, 0, 1, 1]
[2026-09-26 02:41:52] [INFO] Evaluating solution 22: [0, 1, 1, 0, 1, 0][2026-09-26 02:41:52] [INFO] Evaluating solution 23: [0, 1, 1, 1, 1, 0]

[2026-09-26 02:41:52] [INFO] Evaluating solution 24: [0, 1, 1, 0, 1, 1]
[2026-09-26 02:41:52] [INFO] Evaluating solution 25: [1, 0, 0, 1, 0, 1]
[2026-09-26 02:41:52] [INFO] Evaluating solution 26: [0, 1, 0, 0, 0, 1]
[2026-09-26 02:41:52] [INFO] Evaluating solution 27: [1, 1, 0, 0, 1, 1]
[2026-09-26 02:41:52] [INFO] Evaluating solution 28: [0, 0, 0, 1, 1, 0]
[2026-09-26 02:41:52] [INFO] Evaluating solution 29: [1, 1, 1, 0, 0, 0]
[2026-09-26 02:41:52] [INFO] Generation 43 complete
    44 |     1311 |      5 |  0.000000E+00 |  0.000000E+00 |  0.000000E+00 |             f
[2026-09-26 02:41:52] [GEN] === Generation 44 ===
[2026-09-26 02:41:52] [INFO] Evaluating solution 0: [0, 0, 0, 1, 1, 0]
[2026-09-26 02:41:52] [INFO] Evaluating solution 1: [0, 0, 1, 1, 0, 0]
[2026-09-26 02:41:52] [INFO] Evaluating solution 2: [1, 0, 1, 1, 0, 0]
[2026-09-26 02:41:52] [INFO] Evaluating solution 3: [0, 1, 0, 0, 1, 0]
[2026-09-26 02:41:52] [INFO] Evaluating solution 4: [0, 0, 1, 0, 1, 0]
[2026-09-26 02:41:52] [INFO] Evaluating solution 5: [1, 0, 0, 1, 1, 0]
[2026-09-26 02:41:52] [INFO] Evaluating solution 6: [1, 1, 1, 1, 0, 1]
[2026-09-26 02:41:52] [INFO] Evaluating solution 7: [1, 1, 0, 1, 0, 1][2026-09-26 02:41:52] [INFO] Evaluating solution 8: [1, 1, 1, 0, 1, 1]

[2026-09-26 02:41:52] [INFO] Evaluating solution 9: [1, 0, 0, 0, 0, 0]
[2026-09-26 02:41:52] [INFO] Evaluating solution 10: [1, 0, 1, 1, 1, 0]
[2026-09-26 02:41:52] [INFO] Evaluating solution 11: [0, 1, 0, 1, 1, 1]
[2026-09-26 02:41:52] [INFO] Evaluating solution 12: [1, 1, 0, 0, 1, 1]
[2026-09-26 02:41:52] [INFO] Evaluating solution 13: [1, 1, 0, 0, 0, 0]
[2026-09-26 02:41:52] [INFO] Evaluating solution 14: [0, 1, 0, 0, 0, 1]
[2026-09-26 02:41:52] [INFO] Evaluating solution 15: [1, 1, 0, 0, 1, 0]
[2026-09-26 02:41:52] [INFO] Evaluating solution 16: [1, 1, 0, 0, 0, 1]
[2026-09-26 02:41:52] [INFO] Evaluating solution 17: [0, 1, 0, 1, 1, 0]
[2026-09-26 02:41:52] [INFO] Evaluating solution 18: [0, 1, 1, 1, 1, 1]
[2026-09-26 02:41:52] [INFO] Evaluating solution 19: [1, 1, 1, 0, 1, 0]
[2026-09-26 02:41:52] [INFO] Evaluating solution 20: [0, 1, 1, 1, 0, 1]
[2026-09-26 02:41:52] [INFO] Evaluating solution 21: [1, 0, 0, 1, 1, 1]
[2026-09-26 02:41:52] [INFO] Evaluating solution 22: [0, 0, 1, 1, 1, 0]
[2026-09-26 02:41:52] [INFO] Evaluating solution 23: [0, 0, 1, 0, 0, 0]
[2026-09-26 02:41:52] [INFO] Evaluating solution 24: [1, 0, 0, 1, 0, 1]
[2026-09-26 02:41:52] [INFO] Evaluating solution 25: [1, 1, 1, 0, 0, 0]
[2026-09-26 02:41:52] [INFO] Evaluating solution 26: [1, 0, 0, 1, 0, 0]
[2026-09-26 02:41:52] [INFO] Evaluating solution 27: [0, 1, 1, 0, 1, 1]
[2026-09-26 02:41:52] [INFO] Evaluating solution 28: [0, 1, 1, 0, 0, 1]
[2026-09-26 02:41:52] [INFO] Generation 44 complete
    45 |     1340 |      5 |  0.000000E+00 |  0.000000E+00 |  0.000000E+00 |             f
[2026-09-26 02:41:52] [GEN] === Generation 45 ===
[2026-09-26 02:41:52] [INFO] Evaluating solution 0: [1, 0, 1, 1, 0, 0]
[2026-09-26 02:41:52] [INFO] Evaluating solution 1: [1, 1, 1, 1, 0, 1]
[2026-09-26 02:41:52] [INFO] Evaluating solution 2: [0, 1, 1, 1, 0, 1]
[2026-09-26 02:41:52] [INFO] Evaluating solution 3: [1, 1, 0, 0, 0, 0]
[2026-09-26 02:41:52] [INFO] Evaluating solution 4: [0, 1, 0, 0, 1, 1][2026-09-26 02:41:52] [INFO] Evaluating solution 5: [0, 0, 0, 0, 1, 0]

[2026-09-26 02:41:52] [INFO] Evaluating solution 6: [0, 1, 0, 1, 1, 1]
[2026-09-26 02:41:52] [INFO] Evaluating solution 7: [1, 0, 0, 0, 0, 0]
[2026-09-26 02:41:52] [INFO] Evaluating solution 8: [0, 0, 1, 1, 0, 0]
[2026-09-26 02:41:52] [INFO] Evaluating solution 9: [1, 1, 0, 0, 0, 1]
[2026-09-26 02:41:52] [INFO] Evaluating solution 10: [0, 0, 0, 1, 1, 0][2026-09-26 02:41:52] [INFO] Evaluating solution 11: [0, 1, 1, 0, 0, 0]

[2026-09-26 02:41:52] [INFO] Evaluating solution 12: [1, 1, 1, 0, 1, 1]
[2026-09-26 02:41:52] [INFO] Evaluating solution 13: [1, 0, 0, 1, 1, 0]
[2026-09-26 02:41:52] [INFO] Evaluating solution 14: [0, 1, 0, 0, 0, 1]
[2026-09-26 02:41:52] [INFO] Evaluating solution 15: [0, 1, 1, 0, 1, 0]
[2026-09-26 02:41:52] [INFO] Evaluating solution 16: [1, 0, 1, 1, 1, 0]
[2026-09-26 02:41:52] [INFO] Evaluating solution 17: [0, 1, 1, 1, 1, 1]
[2026-09-26 02:41:52] [INFO] Evaluating solution 18: [1, 0, 0, 1, 0, 1]
[2026-09-26 02:41:52] [INFO] Evaluating solution 19: [0, 0, 1, 1, 1, 0]
[2026-09-26 02:41:52] [INFO] Evaluating solution 20: [1, 1, 0, 0, 1, 0]
[2026-09-26 02:41:52] [INFO] Evaluating solution 21: [1, 0, 0, 1, 0, 0]
[2026-09-26 02:41:52] [INFO] Evaluating solution 22: [0, 1, 1, 0, 0, 1]
[2026-09-26 02:41:52] [INFO] Evaluating solution 23: [1, 0, 0, 1, 1, 1]
[2026-09-26 02:41:52] [INFO] Evaluating solution 24: [1, 1, 1, 0, 0, 0]
[2026-09-26 02:41:52] [INFO] Evaluating solution 25: [1, 0, 1, 1, 0, 1]
[2026-09-26 02:41:52] [INFO] Evaluating solution 26: [0, 1, 1, 1, 1, 0]
[2026-09-26 02:41:52] [INFO] Evaluating solution 27: [0, 1, 1, 0, 1, 1]
[2026-09-26 02:41:52] [INFO] Evaluating solution 28: [1, 1, 0, 0, 1, 1]
[2026-09-26 02:41:52] [INFO] Evaluating solution 29: [1, 1, 1, 0, 1, 0]
[2026-09-26 02:41:52] [INFO] Generation 45 complete
    46 |     1370 |      5 |  0.000000E+00 |  0.000000E+00 |  0.000000E+00 |             f
[2026-09-26 02:41:52] [GEN] === Generation 46 ===
[2026-09-26 02:41:52] [INFO] Evaluating solution 0: [0, 0, 0, 0, 1, 0]
[2026-09-26 02:41:52] [INFO] Evaluating solution 1: [1, 0, 0, 1, 0, 1]
[2026-09-26 02:41:52] [INFO] Evaluating solution 2: [0, 1, 1, 1, 1, 1]
[2026-09-26 02:41:52] [INFO] Evaluating solution 3: [0, 0, 1, 0, 1, 0]
[2026-09-26 02:41:52] [INFO] Evaluating solution 4: [0, 0, 1, 0, 0, 0]
[2026-09-26 02:41:52] [INFO] Evaluating solution 5: [0, 1, 1, 0, 0, 0]
[2026-09-26 02:41:52] [INFO] Evaluating solution 6: [0, 1, 0, 0, 1, 0]
[2026-09-26 02:41:52] [INFO] Evaluating solution 7: [1, 0, 0, 1, 1, 0]
[2026-09-26 02:41:52] [INFO] Evaluating solution 8: [1, 0, 1, 1, 0, 0]
[2026-09-26 02:41:52] [INFO] Evaluating solution 9: [1, 1, 0, 0, 1, 1]
[2026-09-26 02:41:52] [INFO] Evaluating solution 10: [0, 1, 1, 1, 0, 1][2026-09-26 02:41:52] [INFO] Evaluating solution 11: [0, 1, 0, 1, 1, 1]
[2026-09-26 02:41:52] [INFO] Evaluating solution 12: [1, 1, 1, 1, 0, 1][2026-09-26 02:41:52] [INFO] Evaluating solution 13: [0, 1, 0, 0, 0, 1]

[2026-09-26 02:41:52] [INFO] Evaluating solution 14: [0, 0, 1, 1, 0, 0]

[2026-09-26 02:41:52] [INFO] Evaluating solution 15: [1, 0, 0, 1, 1, 1]
[2026-09-26 02:41:52] [INFO] Evaluating solution 16: [1, 1, 0, 0, 1, 0]
[2026-09-26 02:41:52] [INFO] Evaluating solution 17: [0, 1, 0, 1, 1, 0]
[2026-09-26 02:41:52] [INFO] Evaluating solution 18: [1, 0, 0, 1, 0, 0]
[2026-09-26 02:41:52] [INFO] Evaluating solution 19: [1, 1, 1, 0, 1, 1]
[2026-09-26 02:41:52] [INFO] Evaluating solution 20: [1, 1, 1, 0, 1, 0]
[2026-09-26 02:41:52] [INFO] Evaluating solution 21: [0, 1, 1, 0, 1, 0]
[2026-09-26 02:41:52] [INFO] Evaluating solution 22: [0, 1, 0, 0, 1, 1]
[2026-09-26 02:41:52] [INFO] Evaluating solution 23: [1, 0, 1, 1, 1, 0]
[2026-09-26 02:41:52] [INFO] Evaluating solution 24: [1, 1, 1, 0, 0, 0]
[2026-09-26 02:41:52] [INFO] Evaluating solution 25: [0, 0, 1, 1, 1, 0]
[2026-09-26 02:41:52] [INFO] Evaluating solution 26: [1, 1, 0, 1, 0, 1]
[2026-09-26 02:41:52] [INFO] Evaluating solution 27: [0, 1, 1, 0, 1, 1]
[2026-09-26 02:41:52] [INFO] Evaluating solution 28: [0, 0, 0, 1, 1, 0]
[2026-09-26 02:41:52] [INFO] Evaluating solution 29: [1, 1, 0, 0, 0, 0]
[2026-09-26 02:41:52] [INFO] Generation 46 complete
    47 |     1400 |      5 |  0.000000E+00 |  0.000000E+00 |  0.000000E+00 |             f
[2026-09-26 02:41:52] [GEN] === Generation 47 ===
[2026-09-26 02:41:52] [INFO] Evaluating solution 0: [1, 0, 0, 1, 0, 0]
[2026-09-26 02:41:52] [INFO] Evaluating solution 1: [1, 0, 0, 0, 0, 0][2026-09-26 02:41:52] [INFO] Evaluating solution 2: [0, 1, 0, 1, 1, 1]
[2026-09-26 02:41:52] [INFO] Evaluating solution 3: [1, 0, 1, 1, 0, 1]

[2026-09-26 02:41:52] [INFO] Evaluating solution 4: [1, 1, 0, 0, 1, 0]
[2026-09-26 02:41:52] [INFO] Evaluating solution 5: [0, 0, 0, 0, 1, 0]
[2026-09-26 02:41:52] [INFO] Evaluating solution 6: [1, 1, 1, 0, 1, 0]
[2026-09-26 02:41:52] [INFO] Evaluating solution 7: [0, 0, 1, 1, 1, 0][2026-09-26 02:41:52] [INFO] Evaluating solution 8: [1, 1, 0, 1, 0, 1]
[2026-09-26 02:41:52] [INFO] Evaluating solution 9: [1, 1, 0, 0, 1, 1]
[2026-09-26 02:41:52] [INFO] Evaluating solution 10: [1, 0, 0, 1, 1, 0]

[2026-09-26 02:41:52] [INFO] Evaluating solution 11: [0, 1, 0, 0, 1, 0]
[2026-09-26 02:41:52] [INFO] Evaluating solution 12: [0, 0, 1, 1, 0, 0]
[2026-09-26 02:41:52] [INFO] Evaluating solution 13: [1, 0, 0, 1, 1, 1]
[2026-09-26 02:41:52] [INFO] Evaluating solution 14: [1, 0, 1, 1, 1, 0]
[2026-09-26 02:41:52] [INFO] Evaluating solution 15: [1, 0, 0, 1, 0, 1]
[2026-09-26 02:41:52] [INFO] Evaluating solution 16: [0, 1, 1, 1, 0, 1]
[2026-09-26 02:41:52] [INFO] Evaluating solution 17: [0, 1, 1, 0, 0, 1]
[2026-09-26 02:41:52] [INFO] Evaluating solution 18: [0, 0, 1, 0, 1, 0]
[2026-09-26 02:41:52] [INFO] Evaluating solution 19: [1, 0, 1, 1, 0, 0]
[2026-09-26 02:41:52] [INFO] Evaluating solution 20: [0, 1, 0, 0, 0, 1]
[2026-09-26 02:41:52] [INFO] Evaluating solution 21: [1, 1, 1, 1, 0, 1]
[2026-09-26 02:41:52] [INFO] Evaluating solution 22: [0, 1, 1, 1, 1, 1]
[2026-09-26 02:41:52] [INFO] Evaluating solution 23: [0, 1, 0, 0, 1, 1]
[2026-09-26 02:41:52] [INFO] Evaluating solution 24: [0, 1, 1, 0, 1, 1]
[2026-09-26 02:41:52] [INFO] Evaluating solution 25: [0, 1, 1, 0, 0, 0]
[2026-09-26 02:41:52] [INFO] Evaluating solution 26: [1, 1, 1, 0, 1, 1]
[2026-09-26 02:41:52] [INFO] Evaluating solution 27: [1, 1, 0, 0, 0, 1]
[2026-09-26 02:41:52] [INFO] Evaluating solution 28: [1, 1, 1, 0, 0, 0]
[2026-09-26 02:41:52] [INFO] Evaluating solution 29: [1, 1, 0, 0, 0, 0]
[2026-09-26 02:41:52] [INFO] Generation 47 complete
    48 |     1430 |      5 |  0.000000E+00 |  0.000000E+00 |  0.000000E+00 |             f
[2026-09-26 02:41:52] [GEN] === Generation 48 ===
[2026-09-26 02:41:52] [INFO] Evaluating solution 0: [0, 1, 1, 1, 1, 1]
[2026-09-26 02:41:52] [INFO] Evaluating solution 1: [0, 1, 0, 0, 0, 1]
[2026-09-26 02:41:52] [INFO] Evaluating solution 2: [0, 1, 1, 1, 0, 1]
[2026-09-26 02:41:52] [INFO] Evaluating solution 3: [0, 1, 1, 0, 1, 0]
[2026-09-26 02:41:52] [INFO] Evaluating solution 4: [0, 0, 1, 1, 0, 0]
[2026-09-26 02:41:52] [INFO] Evaluating solution 5: [1, 0, 0, 1, 0, 0]
[2026-09-26 02:41:52] [INFO] Evaluating solution 6: [1, 1, 0, 0, 0, 0]
[2026-09-26 02:41:52] [INFO] Evaluating solution 7: [1, 1, 1, 0, 0, 0]
[2026-09-26 02:41:52] [INFO] Evaluating solution 8: [1, 1, 0, 0, 0, 1]
[2026-09-26 02:41:52] [INFO] Evaluating solution 9: [1, 0, 0, 0, 0, 0]
[2026-09-26 02:41:52] [INFO] Evaluating solution 10: [1, 1, 1, 0, 1, 1]
[2026-09-26 02:41:52] [INFO] Evaluating solution 11: [1, 1, 1, 1, 0, 1]
[2026-09-26 02:41:52] [INFO] Evaluating solution 12: [0, 0, 0, 0, 1, 0]
[2026-09-26 02:41:52] [INFO] Evaluating solution 13: [0, 1, 1, 0, 0, 1]
[2026-09-26 02:41:52] [INFO] Evaluating solution 14: [0, 1, 0, 0, 1, 0]
[2026-09-26 02:41:52] [INFO] Evaluating solution 15: [1, 0, 1, 1, 0, 0]
[2026-09-26 02:41:52] [INFO] Evaluating solution 16: [1, 0, 0, 1, 1, 0]
[2026-09-26 02:41:52] [INFO] Evaluating solution 17: [1, 0, 0, 1, 1, 1]
[2026-09-26 02:41:52] [INFO] Evaluating solution 18: [0, 0, 1, 1, 1, 0]
[2026-09-26 02:41:52] [INFO] Evaluating solution 19: [1, 1, 1, 0, 1, 0]
[2026-09-26 02:41:52] [INFO] Evaluating solution 20: [0, 0, 0, 1, 1, 0]
[2026-09-26 02:41:52] [INFO] Evaluating solution 21: [0, 1, 0, 1, 1, 1]
[2026-09-26 02:41:52] [INFO] Evaluating solution 22: [1, 1, 0, 0, 1, 1]
[2026-09-26 02:41:52] [INFO] Evaluating solution 23: [0, 1, 0, 0, 1, 1]
[2026-09-26 02:41:52] [INFO] Evaluating solution 24: [0, 1, 1, 1, 1, 0]
[2026-09-26 02:41:52] [INFO] Evaluating solution 25: [1, 0, 1, 1, 1, 0]
[2026-09-26 02:41:52] [INFO] Evaluating solution 26: [1, 0, 1, 1, 0, 1][2026-09-26 02:41:52] [INFO] Evaluating solution 27: [0, 1, 1, 0, 0, 0]
[2026-09-26 02:41:52] [INFO] Evaluating solution 28: [0, 0, 1, 0, 0, 0]

[2026-09-26 02:41:52] [INFO] Generation 48 complete
    49 |     1459 |      5 |  0.000000E+00 |  0.000000E+00 |  0.000000E+00 |             f
[2026-09-26 02:41:52] [GEN] === Generation 49 ===
[2026-09-26 02:41:52] [INFO] Evaluating solution 0: [1, 0, 0, 0, 0, 0]
[2026-09-26 02:41:52] [INFO] Evaluating solution 1: [0, 1, 0, 0, 0, 1]
[2026-09-26 02:41:52] [INFO] Evaluating solution 2: [1, 0, 1, 1, 1, 0]
[2026-09-26 02:41:52] [INFO] Evaluating solution 3: [1, 1, 0, 0, 1, 1]
[2026-09-26 02:41:52] [INFO] Evaluating solution 4: [1, 1, 0, 0, 0, 1]
[2026-09-26 02:41:52] [INFO] Evaluating solution 5: [0, 0, 1, 1, 0, 0][2026-09-26 02:41:52] [INFO] Evaluating solution 6: [1, 1, 1, 0, 1, 1]
[2026-09-26 02:41:52] [INFO] Evaluating solution 7: [0, 1, 0, 1, 1, 1]
[2026-09-26 02:41:52] [INFO] Evaluating solution 8: [0, 0, 1, 0, 1, 0]
[2026-09-26 02:41:52] [INFO] Evaluating solution 9: [1, 0, 1, 1, 0, 0]
[2026-09-26 02:41:52] [INFO] Evaluating solution 10: [1, 1, 1, 0, 0, 0]

[2026-09-26 02:41:52] [INFO] Evaluating solution 11: [0, 0, 1, 1, 1, 0]
[2026-09-26 02:41:52] [INFO] Evaluating solution 12: [1, 0, 0, 1, 0, 0]
[2026-09-26 02:41:52] [INFO] Evaluating solution 13: [0, 1, 1, 0, 0, 1][2026-09-26 02:41:52] [INFO] Evaluating solution 14: [0, 1, 0, 0, 1, 1]
[2026-09-26 02:41:52] [INFO] Evaluating solution 15: [1, 0, 0, 1, 0, 1]

[2026-09-26 02:41:52] [INFO] Evaluating solution 16: [0, 0, 0, 1, 1, 0]
[2026-09-26 02:41:52] [INFO] Evaluating solution 17: [1, 1, 1, 1, 0, 1]
[2026-09-26 02:41:52] [INFO] Evaluating solution 18: [0, 0, 0, 0, 1, 0]
[2026-09-26 02:41:52] [INFO] Evaluating solution 19: [0, 1, 0, 1, 1, 0]
[2026-09-26 02:41:52] [INFO] Evaluating solution 20: [1, 1, 1, 0, 1, 0]
[2026-09-26 02:41:52] [INFO] Evaluating solution 21: [1, 1, 0, 1, 0, 1]
[2026-09-26 02:41:52] [INFO] Evaluating solution 22: [0, 1, 1, 1, 0, 1][2026-09-26 02:41:52] [INFO] Evaluating solution 23: [1, 1, 0, 0, 1, 0]
[2026-09-26 02:41:52] [INFO] Evaluating solution 24: [0, 1, 1, 1, 1, 1][2026-09-26 02:41:52] [INFO] Evaluating solution 25: [0, 1, 1, 0, 1, 1]
[2026-09-26 02:41:52] [INFO] Evaluating solution 26: [1, 0, 0, 1, 1, 1]
[2026-09-26 02:41:52] [INFO] Evaluating solution 27: [0, 1, 1, 0, 0, 0]
[2026-09-26 02:41:52] [INFO] Evaluating solution 28: [1, 0, 0, 1, 1, 0]
[2026-09-26 02:41:52] [INFO] Evaluating solution 29: [1, 1, 0, 0, 0, 0]


[2026-09-26 02:41:52] [INFO] Generation 49 complete
    50 |     1489 |      5 |  0.000000E+00 |  0.000000E+00 |  0.000000E+00 |             f
[2026-09-26 02:41:52] [GEN] === Generation 50 ===
[2026-09-26 02:41:52] [INFO] Evaluating solution 0: [1, 0, 0, 1, 0, 1]
[2026-09-26 02:41:52] [INFO] Evaluating solution 1: [0, 1, 1, 0, 0, 0]
[2026-09-26 02:41:52] [INFO] Evaluating solution 2: [1, 1, 1, 0, 0, 1]
[2026-09-26 02:41:52] [INFO] Evaluating solution 3: [1, 1, 0, 0, 1, 1]
[2026-09-26 02:41:52] [INFO] Evaluating solution 4: [0, 1, 0, 0, 1, 1]
[2026-09-26 02:41:52] [INFO] Evaluating solution 5: [1, 0, 0, 1, 1, 0]
[2026-09-26 02:41:52] [INFO] Evaluating solution 6: [1, 0, 1, 1, 1, 0]
[2026-09-26 02:41:52] [INFO] Evaluating solution 7: [1, 0, 1, 1, 0, 0]
[2026-09-26 02:41:52] [INFO] Evaluating solution 8: [1, 0, 1, 1, 0, 1]
[2026-09-26 02:41:52] [INFO] Evaluating solution 9: [0, 0, 0, 1, 1, 0][2026-09-26 02:41:52] [INFO] Evaluating solution 10: [1, 0, 0, 1, 1, 1]

[2026-09-26 02:41:52] [INFO] Evaluating solution 11: [0, 1, 0, 0, 0, 1]
[2026-09-26 02:41:52] [INFO] Evaluating solution 12: [0, 0, 1, 1, 1, 0]
[2026-09-26 02:41:52] [INFO] Evaluating solution 13: [0, 0, 1, 1, 0, 0]
[2026-09-26 02:41:52] [INFO] Evaluating solution 14: [1, 1, 0, 1, 0, 1]
[2026-09-26 02:41:52] [INFO] Evaluating solution 15: [0, 1, 0, 0, 1, 0]
[2026-09-26 02:41:52] [INFO] Evaluating solution 16: [1, 0, 0, 1, 0, 0]
[2026-09-26 02:41:52] [INFO] Evaluating solution 17: [1, 1, 0, 0, 0, 1]
[2026-09-26 02:41:52] [INFO] Evaluating solution 18: [1, 1, 0, 0, 0, 0]
[2026-09-26 02:41:52] [INFO] Evaluating solution 19: [0, 0, 1, 0, 1, 0][2026-09-26 02:41:52] [INFO] Evaluating solution 20: [1, 0, 0, 0, 0, 0]
[2026-09-26 02:41:52] [INFO] Evaluating solution 21: [0, 1, 1, 0, 1, 1]
[2026-09-26 02:41:52] [INFO] Evaluating solution 22: [1, 1, 1, 0, 1, 1]
[2026-09-26 02:41:52] [INFO] Evaluating solution 23: [0, 1, 1, 1, 0, 1]

[2026-09-26 02:41:52] [INFO] Evaluating solution 24: [0, 1, 0, 1, 1, 1]
[2026-09-26 02:41:52] [INFO] Evaluating solution 25: [0, 1, 1, 1, 1, 1][2026-09-26 02:41:52] [INFO] Evaluating solution 26: [0, 0, 1, 0, 0, 0]

[2026-09-26 02:41:52] [INFO] Evaluating solution 27: [1, 1, 1, 0, 1, 0]
[2026-09-26 02:41:52] [INFO] Evaluating solution 28: [0, 1, 1, 1, 1, 0]
[2026-09-26 02:41:52] [INFO] Evaluating solution 29: [0, 1, 1, 0, 1, 0]
[2026-09-26 02:41:52] [INFO] Generation 50 complete
    51 |     1519 |      5 |  0.000000E+00 |  0.000000E+00 |  0.000000E+00 |             f
[2026-09-26 02:41:52] [GEN] === Generation 51 ===
[2026-09-26 02:41:52] [INFO] Evaluating solution 0: [1, 1, 0, 0, 0, 1]
[2026-09-26 02:41:52] [INFO] Evaluating solution 1: [0, 1, 1, 1, 1, 1]
[2026-09-26 02:41:52] [INFO] Evaluating solution 2: [1, 0, 0, 1, 0, 1]
[2026-09-26 02:41:52] [INFO] Evaluating solution 3: [1, 0, 0, 0, 0, 0]
[2026-09-26 02:41:52] [INFO] Evaluating solution 4: [0, 1, 0, 0, 1, 1][2026-09-26 02:41:52] [INFO] Evaluating solution 5: [0, 0, 1, 1, 1, 0]

[2026-09-26 02:41:52] [INFO] Evaluating solution 6: [0, 0, 0, 1, 1, 0]
[2026-09-26 02:41:52] [INFO] Evaluating solution 7: [1, 1, 0, 1, 0, 1]
[2026-09-26 02:41:52] [INFO] Evaluating solution 8: [1, 0, 0, 1, 0, 0]
[2026-09-26 02:41:52] [INFO] Evaluating solution 9: [0, 1, 1, 0, 0, 0]
[2026-09-26 02:41:52] [INFO] Evaluating solution 10: [0, 1, 1, 1, 1, 0]
[2026-09-26 02:41:52] [INFO] Evaluating solution 11: [1, 0, 1, 1, 0, 1]
[2026-09-26 02:41:52] [INFO] Evaluating solution 12: [1, 0, 0, 1, 1, 0][2026-09-26 02:41:52] [INFO] Evaluating solution 13: [0, 1, 0, 1, 1, 1]
[2026-09-26 02:41:52] [INFO] Evaluating solution 14: [1, 0, 1, 1, 0, 0]

[2026-09-26 02:41:52] [INFO] Evaluating solution 15: [0, 0, 1, 0, 1, 0]
[2026-09-26 02:41:52] [INFO] Evaluating solution 16: [0, 1, 0, 0, 0, 1]
[2026-09-26 02:41:52] [INFO] Evaluating solution 17: [1, 1, 1, 1, 0, 1]
[2026-09-26 02:41:52] [INFO] Evaluating solution 18: [1, 1, 1, 0, 1, 1]
[2026-09-26 02:41:52] [INFO] Evaluating solution 19: [0, 1, 1, 0, 1, 0]
[2026-09-26 02:41:52] [INFO] Evaluating solution 20: [1, 1, 0, 0, 1, 1]
[2026-09-26 02:41:52] [INFO] Evaluating solution 21: [1, 1, 1, 0, 1, 0]
[2026-09-26 02:41:52] [INFO] Evaluating solution 22: [0, 0, 1, 1, 0, 0]
[2026-09-26 02:41:52] [INFO] Evaluating solution 23: [0, 0, 0, 0, 1, 0]
[2026-09-26 02:41:52] [INFO] Evaluating solution 24: [0, 1, 1, 1, 0, 1]
[2026-09-26 02:41:52] [INFO] Evaluating solution 25: [1, 0, 1, 1, 1, 0]
[2026-09-26 02:41:52] [INFO] Evaluating solution 26: [0, 1, 0, 0, 1, 0]
[2026-09-26 02:41:52] [INFO] Evaluating solution 27: [1, 1, 1, 0, 0, 0]
[2026-09-26 02:41:52] [INFO] Evaluating solution 28: [1, 1, 0, 0, 0, 0]
[2026-09-26 02:41:52] [INFO] Evaluating solution 29: [0, 1, 0, 1, 1, 0]
[2026-09-26 02:41:52] [INFO] Generation 51 complete
    52 |     1549 |      5 |  0.000000E+00 |  0.000000E+00 |  0.000000E+00 |             f
[2026-09-26 02:41:52] [GEN] === Generation 52 ===
[2026-09-26 02:41:52] [INFO] Evaluating solution 0: [0, 0, 1, 1, 0, 0]
[2026-09-26 02:41:52] [INFO] Evaluating solution 1: [1, 0, 1, 1, 1, 0]
[2026-09-26 02:41:52] [INFO] Evaluating solution 2: [1, 1, 0, 0, 1, 1]
[2026-09-26 02:41:52] [INFO] Evaluating solution 3: [1, 0, 0, 1, 1, 1]
[2026-09-26 02:41:52] [INFO] Evaluating solution 4: [1, 1, 1, 0, 1, 1]
[2026-09-26 02:41:52] [INFO] Evaluating solution 5: [1, 1, 0, 1, 0, 1]
[2026-09-26 02:41:52] [INFO] Evaluating solution 6: [1, 0, 0, 0, 0, 0][2026-09-26 02:41:52] [INFO] Evaluating solution 7: [0, 0, 1, 1, 1, 0]
[2026-09-26 02:41:52] [INFO] Evaluating solution 8: [0, 1, 1, 1, 1, 1]
[2026-09-26 02:41:52] [INFO] Evaluating solution 9: [0, 0, 1, 0, 1, 0]
[2026-09-26 02:41:52] [INFO] Evaluating solution 10: [1, 1, 0, 0, 1, 0]
[2026-09-26 02:41:52] [INFO] Evaluating solution 11: [0, 1, 1, 1, 1, 0]
[2026-09-26 02:41:52] [INFO] Evaluating solution 12: [1, 1, 1, 1, 0, 1][2026-09-26 02:41:52] [INFO] Evaluating solution 13: [0, 1, 0, 1, 1, 1]
[2026-09-26 02:41:52] [INFO] Evaluating solution 14: [1, 0, 0, 1, 0, 0]
[2026-09-26 02:41:52] [INFO] Evaluating solution 15: [0, 1, 1, 1, 0, 1]
[2026-09-26 02:41:52] [INFO] Evaluating solution 16: [0, 1, 0, 0, 1, 0]

[2026-09-26 02:41:52] [INFO] Evaluating solution 17: [0, 1, 0, 0, 0, 1]
[2026-09-26 02:41:52] [INFO] Evaluating solution 18: [1, 1, 0, 0, 0, 0]

[2026-09-26 02:41:52] [INFO] Evaluating solution 19: [1, 0, 1, 1, 0, 0][2026-09-26 02:41:52] [INFO] Evaluating solution 20: [0, 0, 0, 1, 1, 0]
[2026-09-26 02:41:52] [INFO] Evaluating solution 21: [0, 1, 1, 0, 0, 1]
[2026-09-26 02:41:52] [INFO] Evaluating solution 22: [0, 0, 1, 0, 0, 0]
[2026-09-26 02:41:52] [INFO] Evaluating solution 23: [0, 1, 1, 0, 1, 1]

[2026-09-26 02:41:52] [INFO] Evaluating solution 24: [1, 0, 0, 1, 1, 0][2026-09-26 02:41:52] [INFO] Evaluating solution 25: [0, 1, 0, 1, 1, 0]
[2026-09-26 02:41:52] [INFO] Evaluating solution 26: [1, 0, 0, 1, 0, 1]
[2026-09-26 02:41:52] [INFO] Evaluating solution 27: [1, 1, 1, 0, 1, 0]

[2026-09-26 02:41:52] [INFO] Evaluating solution 28: [1, 1, 1, 0, 0, 0]
[2026-09-26 02:41:52] [INFO] Evaluating solution 29: [1, 1, 0, 0, 0, 1]
[2026-09-26 02:41:52] [INFO] Generation 52 complete
    53 |     1579 |      5 |  0.000000E+00 |  0.000000E+00 |  0.000000E+00 |             f
[2026-09-26 02:41:52] [GEN] === Generation 53 ===
[2026-09-26 02:41:52] [INFO] Evaluating solution 0: [1, 1, 0, 0, 0, 0]
[2026-09-26 02:41:52] [INFO] Evaluating solution 1: [1, 1, 1, 1, 0, 1]
[2026-09-26 02:41:52] [INFO] Evaluating solution 2: [1, 0, 1, 1, 1, 0]
[2026-09-26 02:41:52] [INFO] Evaluating solution 3: [1, 0, 1, 1, 0, 0]
[2026-09-26 02:41:52] [INFO] Evaluating solution 4: [1, 1, 0, 0, 1, 1][2026-09-26 02:41:52] [INFO] Evaluating solution 5: [1, 1, 1, 0, 1, 1]

[2026-09-26 02:41:52] [INFO] Evaluating solution 6: [0, 0, 1, 1, 0, 0][2026-09-26 02:41:52] [INFO] Evaluating solution 7: [0, 1, 0, 1, 1, 1]

[2026-09-26 02:41:52] [INFO] Evaluating solution 8: [0, 1, 0, 0, 0, 1]
[2026-09-26 02:41:52] [INFO] Evaluating solution 9: [0, 1, 1, 1, 1, 1]
[2026-09-26 02:41:52] [INFO] Evaluating solution 10: [1, 0, 0, 1, 0, 0]
[2026-09-26 02:41:52] [INFO] Evaluating solution 11: [1, 0, 0, 1, 0, 1][2026-09-26 02:41:52] [INFO] Evaluating solution 12: [1, 0, 0, 0, 0, 0]

[2026-09-26 02:41:52] [INFO] Evaluating solution 13: [0, 0, 0, 1, 1, 0]
[2026-09-26 02:41:52] [INFO] Evaluating solution 14: [0, 1, 0, 1, 1, 0]
[2026-09-26 02:41:52] [INFO] Evaluating solution 15: [0, 0, 1, 1, 1, 0]
[2026-09-26 02:41:52] [INFO] Evaluating solution 16: [1, 0, 1, 1, 0, 1]
[2026-09-26 02:41:52] [INFO] Evaluating solution 17: [0, 0, 0, 0, 1, 0]
[2026-09-26 02:41:52] [INFO] Evaluating solution 18: [0, 1, 1, 0, 0, 0]
[2026-09-26 02:41:52] [INFO] Evaluating solution 19: [1, 1, 0, 0, 1, 0]
[2026-09-26 02:41:52] [INFO] Evaluating solution 20: [0, 1, 1, 0, 1, 1]
[2026-09-26 02:41:52] [INFO] Evaluating solution 21: [1, 1, 0, 1, 0, 1]
[2026-09-26 02:41:52] [INFO] Evaluating solution 22: [0, 1, 0, 0, 1, 0][2026-09-26 02:41:52] [INFO] Evaluating solution 23: [1, 1, 1, 0, 1, 0]

[2026-09-26 02:41:52] [INFO] Evaluating solution 24: [0, 1, 1, 0, 1, 0]
[2026-09-26 02:41:52] [INFO] Evaluating solution 25: [0, 1, 0, 0, 1, 1][2026-09-26 02:41:52] [INFO] Evaluating solution 26: [0, 0, 1, 0, 1, 0]
[2026-09-26 02:41:52] [INFO] Evaluating solution 27: [1, 1, 0, 0, 0, 1]
[2026-09-26 02:41:52] [INFO] Evaluating solution 28: [1, 1, 1, 0, 0, 0]

[2026-09-26 02:41:52] [INFO] Generation 53 complete
    54 |     1608 |      5 |  0.000000E+00 |  0.000000E+00 |  0.000000E+00 |             f
[2026-09-26 02:41:53] [GEN] === Generation 54 ===
[2026-09-26 02:41:53] [INFO] Evaluating solution 0: [1, 0, 0, 1, 1, 0]
[2026-09-26 02:41:53] [INFO] Evaluating solution 1: [0, 1, 0, 1, 1, 1][2026-09-26 02:41:53] [INFO] Evaluating solution 2: [1, 1, 1, 1, 0, 1]

[2026-09-26 02:41:53] [INFO] Evaluating solution 3: [1, 0, 0, 0, 0, 0][2026-09-26 02:41:53] [INFO] Evaluating solution 4: [0, 1, 1, 1, 1, 0][2026-09-26 02:41:53] [INFO] Evaluating solution 5: [1, 1, 0, 1, 0, 1]


[2026-09-26 02:41:53] [INFO] Evaluating solution 6: [0, 0, 0, 0, 1, 0][2026-09-26 02:41:53] [INFO] Evaluating solution 7: [1, 1, 0, 0, 0, 0]
[2026-09-26 02:41:53] [INFO] Evaluating solution 8: [1, 0, 0, 1, 0, 0]
[2026-09-26 02:41:53] [INFO] Evaluating solution 9: [0, 1, 1, 1, 0, 1]

[2026-09-26 02:41:53] [INFO] Evaluating solution 10: [1, 0, 1, 1, 1, 1]
[2026-09-26 02:41:53] [INFO] Evaluating solution 11: [1, 1, 0, 0, 1, 0]
[2026-09-26 02:41:53] [INFO] Evaluating solution 12: [0, 1, 1, 0, 1, 0]
[2026-09-26 02:41:53] [INFO] Evaluating solution 13: [0, 0, 1, 1, 0, 0][2026-09-26 02:41:53] [INFO] Evaluating solution 14: [1, 1, 1, 0, 0, 0]
[2026-09-26 02:41:53] [INFO] Evaluating solution 15: [1, 0, 1, 1, 1, 0]
[2026-09-26 02:41:53] [INFO] Evaluating solution 16: [1, 1, 0, 0, 0, 1]
[2026-09-26 02:41:53] [INFO] Evaluating solution 17: [0, 1, 0, 0, 1, 1]

[2026-09-26 02:41:53] [INFO] Evaluating solution 18: [1, 1, 1, 0, 1, 1]
[2026-09-26 02:41:53] [INFO] Evaluating solution 19: [1, 1, 0, 0, 1, 1]
[2026-09-26 02:41:53] [INFO] Evaluating solution 20: [0, 1, 1, 1, 1, 1]
[2026-09-26 02:41:53] [INFO] Evaluating solution 21: [0, 1, 0, 0, 0, 1]
[2026-09-26 02:41:53] [INFO] Evaluating solution 22: [1, 0, 0, 1, 0, 1]
[2026-09-26 02:41:53] [INFO] Evaluating solution 23: [0, 0, 1, 0, 0, 0]
[2026-09-26 02:41:53] [INFO] Evaluating solution 24: [0, 0, 1, 1, 1, 0]
[2026-09-26 02:41:53] [INFO] Evaluating solution 25: [1, 1, 1, 0, 1, 0]
[2026-09-26 02:41:53] [INFO] Evaluating solution 26: [0, 1, 1, 0, 0, 1]
[2026-09-26 02:41:53] [INFO] Evaluating solution 27: [1, 0, 1, 1, 0, 1]
[2026-09-26 02:41:53] [INFO] Evaluating solution 28: [0, 1, 1, 0, 0, 0]
[2026-09-26 02:41:53] [INFO] Evaluating solution 29: [1, 0, 1, 1, 0, 0]
[2026-09-26 02:41:53] [INFO] Generation 54 complete
    55 |     1638 |      5 |  0.000000E+00 |  0.000000E+00 |  0.000000E+00 |             f
[2026-09-26 02:41:53] [GEN] === Generation 55 ===
[2026-09-26 02:41:53] [INFO] Evaluating solution 0: [1, 1, 0, 1, 0, 1]
[2026-09-26 02:41:53] [INFO] Evaluating solution 1: [1, 0, 1, 1, 1, 1]
[2026-09-26 02:41:53] [INFO] Evaluating solution 2: [0, 1, 0, 0, 0, 1]
[2026-09-26 02:41:53] [INFO] Evaluating solution 3: [0, 1, 1, 0, 0, 0]
[2026-09-26 02:41:53] [INFO] Evaluating solution 4: [0, 0, 0, 0, 1, 0]
[2026-09-26 02:41:53] [INFO] Evaluating solution 5: [1, 0, 0, 0, 0, 0]
[2026-09-26 02:41:53] [INFO] Evaluating solution 6: [1, 1, 0, 0, 1, 1]
[2026-09-26 02:41:53] [INFO] Evaluating solution 7: [1, 0, 0, 1, 0, 1][2026-09-26 02:41:53] [INFO] Evaluating solution 8: [0, 1, 1, 1, 1, 1][2026-09-26 02:41:53] [INFO] Evaluating solution 9: [1, 1, 0, 0, 0, 0]
[2026-09-26 02:41:53] [INFO] Evaluating solution 10: [1, 1, 1, 1, 0, 1]

[2026-09-26 02:41:53] [INFO] Evaluating solution 11: [0, 1, 0, 0, 1, 1]
[2026-09-26 02:41:53] [INFO] Evaluating solution 12: [0, 1, 0, 1, 1, 0]
[2026-09-26 02:41:53] [INFO] Evaluating solution 13: [1, 0, 1, 1, 0, 0]
[2026-09-26 02:41:53] [INFO] Evaluating solution 14: [0, 1, 1, 1, 1, 0]
[2026-09-26 02:41:53] [INFO] Evaluating solution 15: [1, 0, 0, 1, 0, 0][2026-09-26 02:41:53] [INFO] Evaluating solution 16: [0, 1, 1, 0, 1, 1]

[2026-09-26 02:41:53] [INFO] Evaluating solution 17: [0, 0, 1, 1, 0, 0]
[2026-09-26 02:41:53] [INFO] Evaluating solution 18: [0, 0, 1, 0, 1, 0]
[2026-09-26 02:41:53] [INFO] Evaluating solution 19: [0, 1, 0, 1, 1, 1]
[2026-09-26 02:41:53] [INFO] Evaluating solution 20: [1, 1, 1, 0, 0, 0]
[2026-09-26 02:41:53] [INFO] Evaluating solution 21: [1, 0, 0, 1, 1, 0]

[2026-09-26 02:41:53] [INFO] Evaluating solution 22: [0, 1, 1, 1, 0, 1]
[2026-09-26 02:41:53] [INFO] Evaluating solution 23: [1, 0, 1, 1, 1, 0]
[2026-09-26 02:41:53] [INFO] Evaluating solution 24: [1, 1, 1, 0, 1, 0]
[2026-09-26 02:41:53] [INFO] Evaluating solution 25: [1, 1, 0, 0, 1, 0]
[2026-09-26 02:41:53] [INFO] Evaluating solution 26: [1, 1, 0, 0, 0, 1]
[2026-09-26 02:41:53] [INFO] Evaluating solution 27: [1, 1, 1, 0, 1, 1]
[2026-09-26 02:41:53] [INFO] Evaluating solution 28: [0, 1, 1, 0, 0, 1][2026-09-26 02:41:53] [INFO] Evaluating solution 29: [1, 1, 1, 0, 0, 1]

[2026-09-26 02:41:53] [INFO] Generation 55 complete
    56 |     1668 |      5 |  0.000000E+00 |  0.000000E+00 |  0.000000E+00 |             f
[2026-09-26 02:41:53] [GEN] === Generation 56 ===
[2026-09-26 02:41:53] [INFO] Evaluating solution 0: [1, 1, 1, 1, 0, 1]
[2026-09-26 02:41:53] [INFO] Evaluating solution 1: [0, 1, 1, 0, 0, 0][2026-09-26 02:41:53] [INFO] Evaluating solution 2: [1, 0, 1, 1, 0, 0]
[2026-09-26 02:41:53] [INFO] Evaluating solution 3: [1, 0, 0, 0, 0, 0]

[2026-09-26 02:41:53] [INFO] Evaluating solution 4: [0, 0, 0, 0, 1, 0]
[2026-09-26 02:41:53] [INFO] Evaluating solution 5: [1, 0, 1, 1, 1, 0]
[2026-09-26 02:41:53] [INFO] Evaluating solution 6: [0, 1, 0, 0, 1, 1][2026-09-26 02:41:53] [INFO] Evaluating solution 7: [0, 1, 0, 0, 0, 1]
[2026-09-26 02:41:53] [INFO] Evaluating solution 8: [1, 0, 1, 1, 0, 1]

[2026-09-26 02:41:53] [INFO] Evaluating solution 9: [1, 0, 0, 1, 1, 0]
[2026-09-26 02:41:53] [INFO] Evaluating solution 10: [1, 0, 0, 1, 0, 0]
[2026-09-26 02:41:53] [INFO] Evaluating solution 11: [1, 1, 0, 0, 0, 0]
[2026-09-26 02:41:53] [INFO] Evaluating solution 12: [1, 1, 0, 0, 1, 1]
[2026-09-26 02:41:53] [INFO] Evaluating solution 13: [0, 0, 1, 1, 1, 0]
[2026-09-26 02:41:53] [INFO] Evaluating solution 14: [0, 0, 1, 1, 0, 0]
[2026-09-26 02:41:53] [INFO] Evaluating solution 15: [1, 1, 0, 1, 0, 1]
[2026-09-26 02:41:53] [INFO] Evaluating solution 16: [0, 0, 1, 0, 0, 0]
[2026-09-26 02:41:53] [INFO] Evaluating solution 17: [0, 0, 0, 1, 1, 0]
[2026-09-26 02:41:53] [INFO] Evaluating solution 18: [0, 1, 0, 0, 1, 0]
[2026-09-26 02:41:53] [INFO] Evaluating solution 19: [1, 1, 1, 0, 0, 0]
[2026-09-26 02:41:53] [INFO] Evaluating solution 20: [0, 1, 1, 0, 1, 1]
[2026-09-26 02:41:53] [INFO] Evaluating solution 21: [1, 1, 1, 0, 1, 0]
[2026-09-26 02:41:53] [INFO] Evaluating solution 22: [0, 1, 1, 1, 1, 0]
[2026-09-26 02:41:53] [INFO] Evaluating solution 23: [0, 1, 0, 1, 1, 0]
[2026-09-26 02:41:53] [INFO] Evaluating solution 24: [1, 1, 0, 0, 1, 0]
[2026-09-26 02:41:53] [INFO] Evaluating solution 25: [0, 1, 1, 0, 1, 0]
[2026-09-26 02:41:53] [INFO] Evaluating solution 26: [0, 1, 0, 1, 1, 1]
[2026-09-26 02:41:53] [INFO] Evaluating solution 27: [0, 1, 1, 1, 1, 1]
[2026-09-26 02:41:53] [INFO] Evaluating solution 28: [1, 1, 0, 0, 0, 1]
[2026-09-26 02:41:53] [INFO] Evaluating solution 29: [0, 1, 1, 1, 0, 1]
[2026-09-26 02:41:53] [INFO] Generation 56 complete
    57 |     1698 |      5 |  0.000000E+00 |  0.000000E+00 |  0.000000E+00 |             f
[2026-09-26 02:41:53] [GEN] === Generation 57 ===
[2026-09-26 02:41:53] [INFO] Evaluating solution 0: [0, 1, 0, 0, 0, 1]
[2026-09-26 02:41:53] [INFO] Evaluating solution 1: [1, 1, 0, 0, 1, 0]
[2026-09-26 02:41:53] [INFO] Evaluating solution 2: [1, 1, 0, 0, 0, 0]
[2026-09-26 02:41:53] [INFO] Evaluating solution 3: [1, 0, 0, 1, 0, 1]
[2026-09-26 02:41:53] [INFO] Evaluating solution 4: [0, 1, 0, 1, 1, 0]
[2026-09-26 02:41:53] [INFO] Evaluating solution 5: [1, 0, 0, 1, 1, 0]
[2026-09-26 02:41:53] [INFO] Evaluating solution 6: [0, 0, 1, 1, 0, 0]
[2026-09-26 02:41:53] [INFO] Evaluating solution 7: [0, 1, 1, 0, 1, 1]
[2026-09-26 02:41:53] [INFO] Evaluating solution 8: [1, 1, 0, 0, 1, 1][2026-09-26 02:41:53] [INFO] Evaluating solution 9: [0, 0, 0, 0, 1, 0]
[2026-09-26 02:41:53] [INFO] Evaluating solution 10: [1, 1, 1, 1, 0, 1]
[2026-09-26 02:41:53] [INFO] Evaluating solution 11: [0, 1, 0, 1, 1, 1]

[2026-09-26 02:41:53] [INFO] Evaluating solution 12: [0, 0, 0, 1, 1, 0]
[2026-09-26 02:41:53] [INFO] Evaluating solution 13: [1, 1, 1, 0, 1, 0]
[2026-09-26 02:41:53] [INFO] Evaluating solution 14: [0, 1, 1, 1, 0, 1]
[2026-09-26 02:41:53] [INFO] Evaluating solution 15: [1, 0, 0, 0, 0, 0]
[2026-09-26 02:41:53] [INFO] Evaluating solution 16: [1, 0, 1, 1, 1, 0]
[2026-09-26 02:41:53] [INFO] Evaluating solution 17: [0, 0, 1, 1, 1, 0][2026-09-26 02:41:53] [INFO] Evaluating solution 18: [0, 1, 1, 0, 0, 0][2026-09-26 02:41:53] [INFO] Evaluating solution 19: [0, 1, 1, 1, 1, 1][2026-09-26 02:41:53] [INFO] Evaluating solution 20: [1, 1, 1, 0, 0, 0]



[2026-09-26 02:41:53] [INFO] Evaluating solution 21: [1, 0, 0, 1, 0, 0]
[2026-09-26 02:41:53] [INFO] Evaluating solution 22: [1, 0, 0, 1, 1, 1]
[2026-09-26 02:41:53] [INFO] Evaluating solution 23: [1, 0, 1, 1, 0, 0][2026-09-26 02:41:53] [INFO] Evaluating solution 24: [0, 1, 0, 0, 1, 1]
[2026-09-26 02:41:53] [INFO] Evaluating solution 25: [1, 1, 0, 1, 0, 1][2026-09-26 02:41:53] [INFO] Evaluating solution 26: [0, 1, 1, 1, 1, 0]


[2026-09-26 02:41:53] [INFO] Evaluating solution 27: [1, 1, 1, 0, 1, 1]
[2026-09-26 02:41:53] [INFO] Evaluating solution 28: [1, 1, 0, 0, 0, 1]
[2026-09-26 02:41:53] [INFO] Evaluating solution 29: [0, 0, 1, 0, 1, 0]
[2026-09-26 02:41:53] [INFO] Generation 57 complete
    58 |     1728 |      5 |  0.000000E+00 |  0.000000E+00 |  0.000000E+00 |             f
[2026-09-26 02:41:53] [GEN] === Generation 58 ===
[2026-09-26 02:41:53] [INFO] Evaluating solution 0: [1, 0, 1, 1, 0, 0]
[2026-09-26 02:41:53] [INFO] Evaluating solution 1: [0, 0, 0, 0, 1, 0][2026-09-26 02:41:53] [INFO] Evaluating solution 2: [0, 1, 0, 0, 0, 1]
[2026-09-26 02:41:53] [INFO] Evaluating solution 3: [1, 1, 1, 0, 1, 0]
[2026-09-26 02:41:53] [INFO] Evaluating solution 4: [0, 1, 0, 1, 1, 1]
[2026-09-26 02:41:53] [INFO] Evaluating solution 5: [1, 1, 1, 0, 0, 1]
[2026-09-26 02:41:53] [INFO] Evaluating solution 6: [1, 0, 1, 1, 0, 1]

[2026-09-26 02:41:53] [INFO] Evaluating solution 7: [1, 0, 1, 1, 1, 0]
[2026-09-26 02:41:53] [INFO] Evaluating solution 8: [0, 1, 0, 0, 1, 0]
[2026-09-26 02:41:53] [INFO] Evaluating solution 9: [1, 1, 0, 0, 0, 0]
[2026-09-26 02:41:53] [INFO] Evaluating solution 10: [1, 1, 0, 0, 1, 1]
[2026-09-26 02:41:53] [INFO] Evaluating solution 11: [1, 0, 0, 1, 0, 0]
[2026-09-26 02:41:53] [INFO] Evaluating solution 12: [1, 0, 0, 1, 1, 0][2026-09-26 02:41:53] [INFO] Evaluating solution 13: [1, 1, 1, 1, 0, 1]
[2026-09-26 02:41:53] [INFO] Evaluating solution 14: [1, 1, 1, 0, 0, 0]

[2026-09-26 02:41:53] [INFO] Evaluating solution 15: [0, 0, 1, 1, 1, 0]
[2026-09-26 02:41:53] [INFO] Evaluating solution 16: [0, 0, 1, 0, 0, 0]
[2026-09-26 02:41:53] [INFO] Evaluating solution 17: [0, 1, 0, 1, 1, 0][2026-09-26 02:41:53] [INFO] Evaluating solution 18: [1, 1, 0, 1, 0, 1]

[2026-09-26 02:41:53] [INFO] Evaluating solution 19: [1, 0, 0, 1, 0, 1]
[2026-09-26 02:41:53] [INFO] Evaluating solution 20: [0, 1, 1, 1, 1, 0]
[2026-09-26 02:41:53] [INFO] Evaluating solution 21: [1, 0, 0, 0, 0, 0]
[2026-09-26 02:41:53] [INFO] Evaluating solution 22: [1, 1, 0, 0, 0, 1]
[2026-09-26 02:41:53] [INFO] Evaluating solution 23: [0, 0, 1, 1, 0, 0]
[2026-09-26 02:41:53] [INFO] Evaluating solution 24: [0, 1, 0, 0, 1, 1]
[2026-09-26 02:41:53] [INFO] Evaluating solution 25: [0, 1, 1, 0, 0, 0]
[2026-09-26 02:41:53] [INFO] Evaluating solution 26: [0, 1, 1, 1, 0, 1][2026-09-26 02:41:53] [INFO] Evaluating solution 27: [1, 1, 1, 0, 1, 1]

[2026-09-26 02:41:53] [INFO] Evaluating solution 28: [0, 1, 1, 1, 1, 1]
[2026-09-26 02:41:53] [INFO] Evaluating solution 29: [0, 1, 1, 0, 1, 0]
[2026-09-26 02:41:53] [INFO] Generation 58 complete
    59 |     1758 |      5 |  0.000000E+00 |  0.000000E+00 |  0.000000E+00 |             f
[2026-09-26 02:41:53] [GEN] === Generation 59 ===
[2026-09-26 02:41:53] [INFO] Evaluating solution 0: [0, 1, 0, 0, 1, 0]
[2026-09-26 02:41:53] [INFO] Evaluating solution 1: [0, 0, 1, 1, 1, 0][2026-09-26 02:41:53] [INFO] Evaluating solution 2: [1, 0, 0, 1, 0, 1]

[2026-09-26 02:41:53] [INFO] Evaluating solution 3: [0, 1, 0, 0, 1, 1]
[2026-09-26 02:41:53] [INFO] Evaluating solution 4: [0, 0, 1, 0, 1, 0]
[2026-09-26 02:41:53] [INFO] Evaluating solution 5: [1, 0, 1, 1, 0, 0]
[2026-09-26 02:41:53] [INFO] Evaluating solution 6: [0, 1, 1, 1, 1, 1]
[2026-09-26 02:41:53] [INFO] Evaluating solution 7: [0, 1, 1, 0, 1, 1][2026-09-26 02:41:53] [INFO] Evaluating solution 8: [1, 0, 0, 1, 1, 0]

[2026-09-26 02:41:53] [INFO] Evaluating solution 9: [1, 0, 1, 1, 1, 0]
[2026-09-26 02:41:53] [INFO] Evaluating solution 10: [1, 1, 0, 0, 0, 0][2026-09-26 02:41:53] [INFO] Evaluating solution 11: [1, 1, 0, 0, 1, 0]

[2026-09-26 02:41:53] [INFO] Evaluating solution 12: [1, 1, 1, 0, 0, 0]
[2026-09-26 02:41:53] [INFO] Evaluating solution 13: [1, 1, 0, 0, 1, 1]
[2026-09-26 02:41:53] [INFO] Evaluating solution 14: [0, 0, 0, 0, 1, 0]
[2026-09-26 02:41:53] [INFO] Evaluating solution 15: [0, 1, 0, 1, 1, 1]
[2026-09-26 02:41:53] [INFO] Evaluating solution 16: [1, 1, 0, 0, 0, 1]
[2026-09-26 02:41:53] [INFO] Evaluating solution 17: [0, 1, 1, 1, 0, 1]
[2026-09-26 02:41:53] [INFO] Evaluating solution 18: [0, 0, 1, 0, 0, 0]
[2026-09-26 02:41:53] [INFO] Evaluating solution 19: [1, 0, 1, 1, 1, 1]
[2026-09-26 02:41:53] [INFO] Evaluating solution 20: [1, 0, 0, 1, 0, 0]
[2026-09-26 02:41:53] [INFO] Evaluating solution 21: [0, 0, 0, 1, 1, 0]
[2026-09-26 02:41:53] [INFO] Evaluating solution 22: [0, 1, 0, 1, 1, 0]
[2026-09-26 02:41:53] [INFO] Evaluating solution 23: [0, 1, 1, 0, 0, 0]
[2026-09-26 02:41:53] [INFO] Evaluating solution 24: [0, 1, 1, 1, 1, 0]
[2026-09-26 02:41:53] [INFO] Evaluating solution 25: [1, 1, 1, 1, 0, 1]
[2026-09-26 02:41:53] [INFO] Evaluating solution 26: [0, 0, 1, 1, 0, 0]
[2026-09-26 02:41:53] [INFO] Evaluating solution 27: [1, 1, 0, 1, 0, 1]
[2026-09-26 02:41:53] [INFO] Evaluating solution 28: [1, 1, 1, 0, 1, 1]
[2026-09-26 02:41:53] [INFO] Evaluating solution 29: [0, 1, 0, 0, 0, 1]
[2026-09-26 02:41:53] [INFO] Generation 59 complete
    60 |     1788 |      5 |  0.000000E+00 |  0.000000E+00 |  0.000000E+00 |             f
[2026-09-26 02:41:53] [GEN] === Generation 60 ===
[2026-09-26 02:41:53] [INFO] Evaluating solution 0: [1, 1, 1, 0, 1, 1]
[2026-09-26 02:41:53] [INFO] Evaluating solution 1: [1, 0, 0, 0, 0, 0]
[2026-09-26 02:41:53] [INFO] Evaluating solution 2: [1, 0, 1, 1, 1, 0]
[2026-09-26 02:41:53] [INFO] Evaluating solution 3: [1, 0, 1, 1, 0, 0]
[2026-09-26 02:41:53] [INFO] Evaluating solution 4: [1, 1, 0, 0, 1, 0]
[2026-09-26 02:41:53] [INFO] Evaluating solution 5: [0, 0, 0, 0, 1, 0]
[2026-09-26 02:41:53] [INFO] Evaluating solution 6: [1, 1, 0, 0, 0, 1]
[2026-09-26 02:41:53] [INFO] Evaluating solution 7: [0, 1, 0, 0, 0, 1]
[2026-09-26 02:41:53] [INFO] Evaluating solution 8: [0, 1, 1, 0, 1, 1]
[2026-09-26 02:41:53] [INFO] Evaluating solution 9: [1, 1, 1, 1, 0, 1]
[2026-09-26 02:41:53] [INFO] Evaluating solution 10: [0, 0, 1, 1, 1, 0]
[2026-09-26 02:41:53] [INFO] Evaluating solution 11: [1, 0, 0, 1, 0, 1]
[2026-09-26 02:41:53] [INFO] Evaluating solution 12: [1, 1, 0, 0, 1, 1]
[2026-09-26 02:41:53] [INFO] Evaluating solution 13: [0, 1, 0, 0, 1, 1]
[2026-09-26 02:41:53] [INFO] Evaluating solution 14: [1, 1, 0, 0, 0, 0]
[2026-09-26 02:41:53] [INFO] Evaluating solution 15: [0, 0, 1, 1, 0, 0]
[2026-09-26 02:41:53] [INFO] Evaluating solution 16: [0, 1, 1, 1, 0, 1]
[2026-09-26 02:41:53] [INFO] Evaluating solution 17: [0, 1, 0, 0, 1, 0]
[2026-09-26 02:41:53] [INFO] Evaluating solution 18: [0, 1, 1, 1, 1, 1]
[2026-09-26 02:41:53] [INFO] Evaluating solution 19: [0, 1, 0, 1, 1, 1]
[2026-09-26 02:41:53] [INFO] Evaluating solution 20: [1, 1, 0, 1, 0, 1][2026-09-26 02:41:53] [INFO] Evaluating solution 21: [0, 0, 0, 1, 1, 0]

[2026-09-26 02:41:53] [INFO] Evaluating solution 22: [0, 1, 1, 0, 0, 0]
[2026-09-26 02:41:53] [INFO] Evaluating solution 23: [1, 0, 0, 1, 0, 0]
[2026-09-26 02:41:53] [INFO] Evaluating solution 24: [1, 1, 1, 0, 0, 0]
[2026-09-26 02:41:53] [INFO] Evaluating solution 25: [1, 0, 0, 1, 1, 0][2026-09-26 02:41:53] [INFO] Evaluating solution 26: [0, 1, 0, 1, 1, 0]
[2026-09-26 02:41:53] [INFO] Evaluating solution 27: [1, 1, 1, 0, 1, 0]
[2026-09-26 02:41:53] [INFO] Evaluating solution 28: [0, 0, 1, 0, 1, 0]
[2026-09-26 02:41:53] [INFO] Evaluating solution 29: [0, 1, 1, 1, 1, 0]

[2026-09-26 02:41:53] [INFO] Generation 60 complete
    61 |     1818 |      5 |  0.000000E+00 |  0.000000E+00 |  0.000000E+00 |             f
[2026-09-26 02:41:53] [GEN] === Generation 61 ===
[2026-09-26 02:41:53] [INFO] Evaluating solution 0: [0, 1, 0, 0, 1, 1]
[2026-09-26 02:41:53] [INFO] Evaluating solution 1: [0, 1, 1, 0, 1, 0][2026-09-26 02:41:53] [INFO] Evaluating solution 2: [0, 1, 1, 1, 1, 1]
[2026-09-26 02:41:53] [INFO] Evaluating solution 3: [0, 0, 1, 1, 0, 0]

[2026-09-26 02:41:53] [INFO] Evaluating solution 4: [0, 1, 0, 0, 0, 1]
[2026-09-26 02:41:53] [INFO] Evaluating solution 5: [0, 1, 1, 1, 0, 1]
[2026-09-26 02:41:53] [INFO] Evaluating solution 6: [1, 0, 0, 1, 0, 0]
[2026-09-26 02:41:53] [INFO] Evaluating solution 7: [1, 0, 1, 1, 0, 0]
[2026-09-26 02:41:53] [INFO] Evaluating solution 8: [1, 1, 0, 0, 0, 0]
[2026-09-26 02:41:53] [INFO] Evaluating solution 9: [1, 0, 0, 0, 0, 0]
[2026-09-26 02:41:53] [INFO] Evaluating solution 10: [0, 1, 0, 1, 1, 1]
[2026-09-26 02:41:53] [INFO] Evaluating solution 11: [0, 0, 0, 0, 1, 0]
[2026-09-26 02:41:53] [INFO] Evaluating solution 12: [0, 0, 1, 0, 0, 0]
[2026-09-26 02:41:53] [INFO] Evaluating solution 13: [1, 1, 0, 0, 1, 0]
[2026-09-26 02:41:53] [INFO] Evaluating solution 14: [0, 0, 1, 1, 1, 0]
[2026-09-26 02:41:53] [INFO] Evaluating solution 15: [1, 0, 1, 1, 1, 0][2026-09-26 02:41:53] [INFO] Evaluating solution 16: [1, 1, 0, 1, 0, 1]
[2026-09-26 02:41:53] [INFO] Evaluating solution 17: [1, 1, 0, 0, 1, 1]

[2026-09-26 02:41:53] [INFO] Evaluating solution 18: [0, 1, 0, 1, 1, 0]
[2026-09-26 02:41:53] [INFO] Evaluating solution 19: [0, 1, 0, 0, 1, 0]
[2026-09-26 02:41:53] [INFO] Evaluating solution 20: [1, 0, 1, 1, 1, 1]
[2026-09-26 02:41:53] [INFO] Evaluating solution 21: [1, 1, 1, 1, 0, 1][2026-09-26 02:41:53] [INFO] Evaluating solution 22: [1, 0, 0, 1, 1, 0]
[2026-09-26 02:41:53] [INFO] Evaluating solution 23: [1, 1, 1, 0, 1, 0]
[2026-09-26 02:41:53] [INFO] Evaluating solution 24: [1, 0, 1, 1, 0, 1]
[2026-09-26 02:41:53] [INFO] Evaluating solution 25: [1, 1, 1, 0, 0, 0]
[2026-09-26 02:41:53] [INFO] Evaluating solution 26: [0, 1, 1, 1, 1, 0]

[2026-09-26 02:41:53] [INFO] Evaluating solution 27: [1, 1, 1, 0, 1, 1]
[2026-09-26 02:41:53] [INFO] Evaluating solution 28: [0, 1, 1, 0, 0, 1]
[2026-09-26 02:41:53] [INFO] Evaluating solution 29: [1, 1, 0, 0, 0, 1]
[2026-09-26 02:41:53] [INFO] Generation 61 complete
    62 |     1848 |      5 |  0.000000E+00 |  0.000000E+00 |  0.000000E+00 |             f
[2026-09-26 02:41:53] [GEN] === Generation 62 ===
[2026-09-26 02:41:53] [INFO] Evaluating solution 0: [1, 0, 0, 1, 1, 0][2026-09-26 02:41:53] [INFO] Evaluating solution 1: [0, 1, 1, 0, 1, 0]
[2026-09-26 02:41:53] [INFO] Evaluating solution 2: [1, 1, 0, 0, 0, 0]
[2026-09-26 02:41:53] [INFO] Evaluating solution 3: [1, 0, 0, 1, 0, 1]

[2026-09-26 02:41:53] [INFO] Evaluating solution 4: [1, 0, 1, 1, 1, 1]
[2026-09-26 02:41:53] [INFO] Evaluating solution 5: [1, 1, 0, 0, 1, 0]
[2026-09-26 02:41:53] [INFO] Evaluating solution 6: [0, 0, 0, 0, 1, 0][2026-09-26 02:41:53] [INFO] Evaluating solution 7: [1, 0, 1, 1, 1, 0]
[2026-09-26 02:41:53] [INFO] Evaluating solution 8: [1, 0, 0, 1, 0, 0]

[2026-09-26 02:41:53] [INFO] Evaluating solution 9: [0, 0, 1, 1, 0, 0]
[2026-09-26 02:41:53] [INFO] Evaluating solution 10: [1, 1, 1, 0, 1, 1]
[2026-09-26 02:41:53] [INFO] Evaluating solution 11: [0, 0, 1, 0, 1, 0]
[2026-09-26 02:41:53] [INFO] Evaluating solution 12: [1, 0, 1, 1, 0, 0]
[2026-09-26 02:41:53] [INFO] Evaluating solution 13: [0, 0, 1, 1, 1, 0][2026-09-26 02:41:53] [INFO] Evaluating solution 14: [0, 1, 0, 1, 1, 1]

[2026-09-26 02:41:53] [INFO] Evaluating solution 15: [1, 1, 1, 0, 0, 0]
[2026-09-26 02:41:53] [INFO] Evaluating solution 16: [1, 1, 0, 1, 0, 1]
[2026-09-26 02:41:53] [INFO] Evaluating solution 17: [0, 1, 1, 1, 1, 1]
[2026-09-26 02:41:53] [INFO] Evaluating solution 18: [1, 1, 0, 0, 1, 1]
[2026-09-26 02:41:53] [INFO] Evaluating solution 19: [1, 1, 1, 0, 1, 0]
[2026-09-26 02:41:53] [INFO] Evaluating solution 20: [0, 1, 0, 0, 0, 1]
[2026-09-26 02:41:53] [INFO] Evaluating solution 21: [1, 1, 0, 0, 0, 1]
[2026-09-26 02:41:53] [INFO] Evaluating solution 22: [0, 1, 1, 0, 0, 0]
[2026-09-26 02:41:53] [INFO] Evaluating solution 23: [1, 1, 1, 1, 0, 1][2026-09-26 02:41:53] [INFO] Evaluating solution 24: [0, 1, 0, 0, 1, 1]

[2026-09-26 02:41:53] [INFO] Evaluating solution 25: [0, 1, 1, 0, 0, 1]
[2026-09-26 02:41:53] [INFO] Evaluating solution 26: [0, 1, 1, 0, 1, 1]
[2026-09-26 02:41:53] [INFO] Evaluating solution 27: [1, 0, 0, 0, 0, 0][2026-09-26 02:41:53] [INFO] Evaluating solution 28: [0, 0, 0, 1, 1, 0]

[2026-09-26 02:41:53] [INFO] Evaluating solution 29: [0, 1, 1, 1, 0, 1]
[2026-09-26 02:41:53] [INFO] Generation 62 complete
    63 |     1878 |      5 |  0.000000E+00 |  0.000000E+00 |  0.000000E+00 |             f
[2026-09-26 02:41:53] [GEN] === Generation 63 ===
[2026-09-26 02:41:53] [INFO] Evaluating solution 0: [0, 1, 0, 1, 1, 1][2026-09-26 02:41:53] [INFO] Evaluating solution 1: [1, 1, 1, 1, 0, 1]

[2026-09-26 02:41:53] [INFO] Evaluating solution 2: [1, 0, 0, 1, 0, 1]
[2026-09-26 02:41:53] [INFO] Evaluating solution 3: [1, 1, 0, 0, 0, 0]
[2026-09-26 02:41:53] [INFO] Evaluating solution 4: [0, 1, 0, 0, 1, 1]
[2026-09-26 02:41:53] [INFO] Evaluating solution 5: [0, 1, 1, 1, 0, 1]
[2026-09-26 02:41:53] [INFO] Evaluating solution 6: [0, 1, 1, 1, 1, 1]
[2026-09-26 02:41:53] [INFO] Evaluating solution 7: [0, 0, 1, 1, 0, 0]
[2026-09-26 02:41:53] [INFO] Evaluating solution 8: [1, 1, 1, 0, 1, 1]
[2026-09-26 02:41:53] [INFO] Evaluating solution 9: [0, 1, 0, 0, 0, 1]
[2026-09-26 02:41:53] [INFO] Evaluating solution 10: [1, 0, 0, 1, 1, 0]
[2026-09-26 02:41:53] [INFO] Evaluating solution 11: [1, 1, 0, 0, 1, 1][2026-09-26 02:41:53] [INFO] Evaluating solution 12: [1, 1, 1, 0, 1, 0]
[2026-09-26 02:41:53] [INFO] Evaluating solution 13: [1, 0, 1, 1, 0, 0]
[2026-09-26 02:41:53] [INFO] Evaluating solution 14: [0, 0, 0, 0, 1, 0][2026-09-26 02:41:53] [INFO] Evaluating solution 15: [0, 0, 0, 1, 1, 0]
[2026-09-26 02:41:53] [INFO] Evaluating solution 16: [0, 0, 1, 0, 1, 0]


[2026-09-26 02:41:53] [INFO] Evaluating solution 17: [1, 1, 0, 1, 0, 1]
[2026-09-26 02:41:53] [INFO] Evaluating solution 18: [1, 1, 0, 0, 1, 0]
[2026-09-26 02:41:53] [INFO] Evaluating solution 19: [0, 1, 1, 1, 1, 0]
[2026-09-26 02:41:53] [INFO] Evaluating solution 20: [1, 0, 0, 1, 0, 0]
[2026-09-26 02:41:53] [INFO] Evaluating solution 21: [0, 1, 1, 0, 0, 1]
[2026-09-26 02:41:53] [INFO] Evaluating solution 22: [0, 1, 1, 0, 0, 0][2026-09-26 02:41:53] [INFO] Evaluating solution 23: [0, 0, 1, 1, 1, 0]

[2026-09-26 02:41:53] [INFO] Evaluating solution 24: [0, 0, 1, 0, 0, 0]
[2026-09-26 02:41:53] [INFO] Evaluating solution 25: [0, 1, 1, 0, 1, 1]
[2026-09-26 02:41:53] [INFO] Evaluating solution 26: [0, 1, 1, 0, 1, 0]
[2026-09-26 02:41:53] [INFO] Evaluating solution 27: [0, 1, 0, 1, 1, 0]
[2026-09-26 02:41:53] [INFO] Evaluating solution 28: [0, 1, 0, 0, 1, 0]
[2026-09-26 02:41:53] [INFO] Evaluating solution 29: [1, 0, 1, 1, 1, 0]
[2026-09-26 02:41:53] [INFO] Generation 63 complete
    64 |     1908 |      5 |  0.000000E+00 |  0.000000E+00 |  0.000000E+00 |             f
[2026-09-26 02:41:53] [GEN] === Generation 64 ===
[2026-09-26 02:41:53] [INFO] Evaluating solution 0: [0, 1, 1, 1, 0, 1]
[2026-09-26 02:41:53] [INFO] Evaluating solution 1: [0, 1, 1, 1, 1, 1][2026-09-26 02:41:53] [INFO] Evaluating solution 2: [1, 1, 0, 0, 0, 0]
[2026-09-26 02:41:53] [INFO] Evaluating solution 3: [1, 0, 0, 0, 0, 0]
[2026-09-26 02:41:53] [INFO] Evaluating solution 4: [1, 1, 1, 1, 0, 1]
[2026-09-26 02:41:53] [INFO] Evaluating solution 5: [0, 0, 1, 1, 0, 0]

[2026-09-26 02:41:53] [INFO] Evaluating solution 6: [1, 0, 0, 1, 1, 1]
[2026-09-26 02:41:53] [INFO] Evaluating solution 7: [1, 1, 0, 0, 1, 0]
[2026-09-26 02:41:53] [INFO] Evaluating solution 8: [0, 1, 0, 0, 0, 1]
[2026-09-26 02:41:53] [INFO] Evaluating solution 9: [0, 1, 0, 0, 1, 1]
[2026-09-26 02:41:53] [INFO] Evaluating solution 10: [1, 0, 0, 1, 1, 0]
[2026-09-26 02:41:53] [INFO] Evaluating solution 11: [0, 1, 0, 1, 1, 1]
[2026-09-26 02:41:53] [INFO] Evaluating solution 12: [1, 0, 1, 1, 1, 0]
[2026-09-26 02:41:53] [INFO] Evaluating solution 13: [1, 1, 0, 0, 1, 1]
[2026-09-26 02:41:53] [INFO] Evaluating solution 14: [1, 1, 1, 0, 1, 1]
[2026-09-26 02:41:53] [INFO] Evaluating solution 15: [1, 1, 1, 0, 0, 0]
[2026-09-26 02:41:53] [INFO] Evaluating solution 16: [1, 0, 0, 1, 0, 0]
[2026-09-26 02:41:53] [INFO] Evaluating solution 17: [0, 1, 1, 0, 0, 1][2026-09-26 02:41:53] [INFO] Evaluating solution 18: [0, 1, 0, 0, 1, 0]
[2026-09-26 02:41:53] [INFO] Evaluating solution 19: [1, 1, 0, 1, 0, 1][2026-09-26 02:41:53] [INFO] Evaluating solution 20: [1, 0, 1, 1, 0, 1]
[2026-09-26 02:41:53] [INFO] Evaluating solution 21: [0, 0, 0, 1, 1, 0]

[2026-09-26 02:41:53] [INFO] Evaluating solution 22: [0, 1, 1, 0, 1, 0]
[2026-09-26 02:41:53] [INFO] Evaluating solution 23: [1, 0, 1, 1, 0, 0]
[2026-09-26 02:41:53] [INFO] Evaluating solution 24: [0, 0, 0, 0, 1, 0]
[2026-09-26 02:41:53] [INFO] Evaluating solution 25: [0, 0, 1, 1, 1, 0]
[2026-09-26 02:41:53] [INFO] Evaluating solution 26: [0, 1, 1, 0, 1, 1]
[2026-09-26 02:41:53] [INFO] Evaluating solution 27: [0, 1, 1, 1, 1, 0]

[2026-09-26 02:41:53] [INFO] Evaluating solution 28: [1, 1, 0, 0, 0, 1]
[2026-09-26 02:41:53] [INFO] Evaluating solution 29: [0, 1, 1, 0, 0, 0]
[2026-09-26 02:41:53] [INFO] Generation 64 complete
    65 |     1938 |      5 |  0.000000E+00 |  0.000000E+00 |  0.000000E+00 |             f
[2026-09-26 02:41:53] [GEN] === Generation 65 ===
[2026-09-26 02:41:53] [INFO] Evaluating solution 0: [1, 1, 1, 0, 1, 1]
[2026-09-26 02:41:53] [INFO] Evaluating solution 1: [1, 0, 0, 1, 0, 0][2026-09-26 02:41:53] [INFO] Evaluating solution 2: [0, 1, 0, 1, 1, 0]

[2026-09-26 02:41:53] [INFO] Evaluating solution 3: [1, 0, 0, 0, 0, 0]
[2026-09-26 02:41:53] [INFO] Evaluating solution 4: [1, 1, 0, 0, 1, 1]
[2026-09-26 02:41:53] [INFO] Evaluating solution 5: [1, 0, 1, 1, 1, 0][2026-09-26 02:41:53] [INFO] Evaluating solution 6: [1, 1, 0, 0, 0, 0]
[2026-09-26 02:41:53] [INFO] Evaluating solution 7: [0, 1, 0, 0, 0, 1]
[2026-09-26 02:41:53] [INFO] Evaluating solution 8: [1, 1, 0, 1, 0, 1]

[2026-09-26 02:41:53] [INFO] Evaluating solution 9: [0, 1, 0, 0, 1, 1]
[2026-09-26 02:41:53] [INFO] Evaluating solution 10: [1, 0, 0, 1, 1, 1]
[2026-09-26 02:41:53] [INFO] Evaluating solution 11: [0, 1, 1, 1, 0, 1]
[2026-09-26 02:41:53] [INFO] Evaluating solution 12: [1, 1, 1, 1, 0, 1]
[2026-09-26 02:41:53] [INFO] Evaluating solution 13: [0, 1, 0, 1, 1, 1][2026-09-26 02:41:53] [INFO] Evaluating solution 14: [0, 0, 1, 1, 0, 0]
[2026-09-26 02:41:53] [INFO] Evaluating solution 15: [1, 1, 0, 0, 1, 0]
[2026-09-26 02:41:53] [INFO] Evaluating solution 16: [0, 0, 1, 0, 0, 0]

[2026-09-26 02:41:53] [INFO] Evaluating solution 17: [1, 0, 0, 1, 0, 1]
[2026-09-26 02:41:53] [INFO] Evaluating solution 18: [0, 1, 1, 1, 1, 0]
[2026-09-26 02:41:53] [INFO] Evaluating solution 19: [1, 0, 0, 1, 1, 0]
[2026-09-26 02:41:53] [INFO] Evaluating solution 20: [0, 1, 1, 1, 1, 1]
[2026-09-26 02:41:53] [INFO] Evaluating solution 21: [1, 1, 1, 0, 0, 0]
[2026-09-26 02:41:53] [INFO] Evaluating solution 22: [1, 0, 1, 1, 0, 0]
[2026-09-26 02:41:53] [INFO] Evaluating solution 23: [0, 0, 1, 0, 1, 0]
[2026-09-26 02:41:53] [INFO] Evaluating solution 24: [0, 0, 0, 1, 1, 0][2026-09-26 02:41:53] [INFO] Evaluating solution 25: [0, 1, 1, 0, 0, 0]
[2026-09-26 02:41:53] [INFO] Evaluating solution 26: [0, 0, 1, 1, 1, 0]
[2026-09-26 02:41:53] [INFO] Evaluating solution 27: [0, 1, 0, 0, 1, 0]
[2026-09-26 02:41:53] [INFO] Evaluating solution 28: [1, 1, 0, 0, 0, 1]

[2026-09-26 02:41:53] [INFO] Generation 65 complete
    66 |     1967 |      5 |  0.000000E+00 |  0.000000E+00 |  0.000000E+00 |             f
[2026-09-26 02:41:53] [GEN] === Generation 66 ===
[2026-09-26 02:41:53] [INFO] Evaluating solution 0: [0, 0, 1, 1, 0, 0]
[2026-09-26 02:41:53] [INFO] Evaluating solution 1: [0, 1, 0, 1, 1, 1]
[2026-09-26 02:41:53] [INFO] Evaluating solution 2: [0, 1, 0, 0, 1, 0]
[2026-09-26 02:41:53] [INFO] Evaluating solution 3: [1, 1, 0, 0, 1, 1]
[2026-09-26 02:41:53] [INFO] Evaluating solution 4: [1, 0, 0, 1, 1, 0]
[2026-09-26 02:41:53] [INFO] Evaluating solution 5: [0, 1, 0, 0, 1, 1]
[2026-09-26 02:41:53] [INFO] Evaluating solution 6: [1, 0, 0, 1, 0, 0]
[2026-09-26 02:41:53] [INFO] Evaluating solution 7: [1, 1, 0, 1, 0, 1]
[2026-09-26 02:41:53] [INFO] Evaluating solution 8: [1, 0, 1, 1, 0, 1]
[2026-09-26 02:41:53] [INFO] Evaluating solution 9: [1, 0, 1, 1, 0, 0]
[2026-09-26 02:41:53] [INFO] Evaluating solution 10: [1, 1, 0, 0, 1, 0]
[2026-09-26 02:41:53] [INFO] Evaluating solution 11: [0, 0, 1, 1, 1, 0]
[2026-09-26 02:41:53] [INFO] Evaluating solution 12: [0, 0, 1, 0, 0, 0][2026-09-26 02:41:53] [INFO] Evaluating solution 13: [0, 1, 0, 1, 1, 0]

[2026-09-26 02:41:53] [INFO] Evaluating solution 14: [1, 1, 1, 0, 0, 0]
[2026-09-26 02:41:53] [INFO] Evaluating solution 15: [1, 1, 0, 0, 0, 0]
[2026-09-26 02:41:53] [INFO] Evaluating solution 16: [1, 0, 0, 1, 0, 1]
[2026-09-26 02:41:53] [INFO] Evaluating solution 17: [0, 0, 0, 0, 1, 0]
[2026-09-26 02:41:53] [INFO] Evaluating solution 18: [0, 1, 1, 0, 0, 0]
[2026-09-26 02:41:53] [INFO] Evaluating solution 19: [0, 1, 1, 1, 1, 1]
[2026-09-26 02:41:53] [INFO] Evaluating solution 20: [1, 0, 0, 0, 0, 0]
[2026-09-26 02:41:53] [INFO] Evaluating solution 21: [0, 1, 0, 0, 0, 1]
[2026-09-26 02:41:53] [INFO] Evaluating solution 22: [1, 1, 1, 0, 1, 1][2026-09-26 02:41:53] [INFO] Evaluating solution 23: [0, 1, 1, 1, 0, 1]
[2026-09-26 02:41:53] [INFO] Evaluating solution 24: [1, 1, 1, 0, 1, 0]
[2026-09-26 02:41:53] [INFO] Evaluating solution 25: [1, 1, 1, 1, 0, 1]
[2026-09-26 02:41:53] [INFO] Evaluating solution 26: [0, 0, 0, 1, 1, 0]
[2026-09-26 02:41:53] [INFO] Evaluating solution 27: [0, 1, 1, 0, 1, 0]

[2026-09-26 02:41:53] [INFO] Evaluating solution 28: [0, 1, 1, 1, 1, 0]
[2026-09-26 02:41:53] [INFO] Evaluating solution 29: [1, 1, 0, 0, 0, 1]
[2026-09-26 02:41:53] [INFO] Generation 66 complete
    67 |     1997 |      5 |  0.000000E+00 |  0.000000E+00 |  0.000000E+00 |             f
[2026-09-26 02:41:53] [GEN] === Generation 67 ===
[2026-09-26 02:41:53] [INFO] Evaluating solution 0: [0, 1, 1, 0, 0, 1]
[2026-09-26 02:41:53] [INFO] Evaluating solution 1: [0, 0, 0, 0, 1, 0]
[2026-09-26 02:41:53] [INFO] Evaluating solution 2: [1, 1, 1, 0, 1, 0]
[2026-09-26 02:41:53] [INFO] Evaluating solution 3: [0, 0, 1, 0, 0, 0]
[2026-09-26 02:41:53] [INFO] Evaluating solution 4: [1, 0, 0, 1, 0, 0]
[2026-09-26 02:41:53] [INFO] Evaluating solution 5: [1, 1, 1, 0, 1, 1]
[2026-09-26 02:41:53] [INFO] Evaluating solution 6: [1, 0, 1, 1, 1, 1]
[2026-09-26 02:41:53] [INFO] Evaluating solution 7: [1, 0, 0, 1, 1, 0]
[2026-09-26 02:41:53] [INFO] Evaluating solution 8: [1, 0, 1, 1, 1, 0][2026-09-26 02:41:53] [INFO] Evaluating solution 9: [1, 0, 1, 1, 0, 0]
[2026-09-26 02:41:53] [INFO] Evaluating solution 10: [0, 1, 0, 0, 1, 1][2026-09-26 02:41:53] [INFO] Evaluating solution 11: [1, 1, 0, 0, 0, 0]

[2026-09-26 02:41:53] [INFO] Evaluating solution 12: [1, 1, 0, 0, 1, 1]

[2026-09-26 02:41:53] [INFO] Evaluating solution 13: [0, 1, 1, 0, 0, 0][2026-09-26 02:41:53] [INFO] Evaluating solution 14: [0, 1, 0, 1, 1, 1]
[2026-09-26 02:41:53] [INFO] Evaluating solution 15: [0, 0, 1, 1, 0, 0]

[2026-09-26 02:41:53] [INFO] Evaluating solution 16: [0, 1, 0, 0, 0, 1]
[2026-09-26 02:41:53] [INFO] Evaluating solution 17: [1, 0, 0, 1, 0, 1]
[2026-09-26 02:41:53] [INFO] Evaluating solution 18: [0, 1, 1, 1, 1, 0]
[2026-09-26 02:41:53] [INFO] Evaluating solution 19: [0, 1, 1, 1, 0, 1]
[2026-09-26 02:41:53] [INFO] Evaluating solution 20: [0, 0, 0, 1, 1, 0]
[2026-09-26 02:41:53] [INFO] Evaluating solution 21: [0, 1, 0, 0, 1, 0]
[2026-09-26 02:41:53] [INFO] Evaluating solution 22: [1, 1, 1, 1, 0, 1]
[2026-09-26 02:41:53] [INFO] Evaluating solution 23: [1, 1, 0, 0, 1, 0]
[2026-09-26 02:41:53] [INFO] Evaluating solution 24: [0, 1, 1, 1, 1, 1]
[2026-09-26 02:41:53] [INFO] Evaluating solution 25: [1, 1, 0, 0, 0, 1]
[2026-09-26 02:41:53] [INFO] Evaluating solution 26: [1, 1, 0, 1, 0, 1]
[2026-09-26 02:41:53] [INFO] Evaluating solution 27: [0, 1, 1, 0, 1, 0]
[2026-09-26 02:41:53] [INFO] Evaluating solution 28: [0, 1, 0, 1, 1, 0]
[2026-09-26 02:41:53] [INFO] Evaluating solution 29: [0, 1, 1, 0, 1, 1]
[2026-09-26 02:41:53] [INFO] Generation 67 complete
    68 |     2027 |      5 |  0.000000E+00 |  0.000000E+00 |  0.000000E+00 |             f
[2026-09-26 02:41:53] [GEN] === Generation 68 ===
[2026-09-26 02:41:53] [INFO] Evaluating solution 0: [0, 1, 0, 1, 1, 1]
[2026-09-26 02:41:53] [INFO] Evaluating solution 1: [1, 0, 0, 0, 0, 0]
[2026-09-26 02:41:53] [INFO] Evaluating solution 2: [0, 0, 1, 0, 1, 0]
[2026-09-26 02:41:53] [INFO] Evaluating solution 3: [1, 1, 0, 0, 1, 0]
[2026-09-26 02:41:53] [INFO] Evaluating solution 4: [1, 0, 1, 1, 0, 1][2026-09-26 02:41:53] [INFO] Evaluating solution 5: [1, 0, 1, 1, 1, 0]
[2026-09-26 02:41:53] [INFO] Evaluating solution 6: [0, 1, 0, 0, 1, 1]
[2026-09-26 02:41:53] [INFO] Evaluating solution 7: [1, 1, 1, 0, 1, 0]

[2026-09-26 02:41:53] [INFO] Evaluating solution 8: [1, 0, 0, 1, 1, 0]
[2026-09-26 02:41:53] [INFO] Evaluating solution 9: [0, 1, 0, 1, 1, 0]
[2026-09-26 02:41:53] [INFO] Evaluating solution 10: [1, 1, 0, 0, 0, 0]
[2026-09-26 02:41:53] [INFO] Evaluating solution 11: [1, 1, 0, 0, 1, 1]
[2026-09-26 02:41:53] [INFO] Evaluating solution 12: [1, 0, 1, 1, 0, 0]
[2026-09-26 02:41:53] [INFO] Evaluating solution 13: [0, 1, 0, 0, 0, 1]
[2026-09-26 02:41:53] [INFO] Evaluating solution 14: [0, 0, 0, 0, 1, 0]
[2026-09-26 02:41:53] [INFO] Evaluating solution 15: [1, 0, 0, 1, 0, 1]
[2026-09-26 02:41:53] [INFO] Evaluating solution 16: [0, 1, 1, 0, 0, 0]
[2026-09-26 02:41:53] [INFO] Evaluating solution 17: [1, 0, 0, 1, 0, 0][2026-09-26 02:41:53] [INFO] Evaluating solution 18: [0, 1, 0, 0, 1, 0]
[2026-09-26 02:41:53] [INFO] Evaluating solution 19: [0, 1, 1, 1, 1, 1]
[2026-09-26 02:41:53] [INFO] Evaluating solution 20: [0, 0, 0, 1, 1, 0]

[2026-09-26 02:41:53] [INFO] Evaluating solution 21: [1, 1, 0, 0, 0, 1]
[2026-09-26 02:41:53] [INFO] Evaluating solution 22: [0, 1, 1, 1, 0, 1][2026-09-26 02:41:53] [INFO] Evaluating solution 23: [1, 1, 1, 0, 0, 0]

[2026-09-26 02:41:53] [INFO] Evaluating solution 24: [1, 1, 1, 1, 0, 1]
[2026-09-26 02:41:53] [INFO] Evaluating solution 25: [0, 0, 1, 1, 1, 0]
[2026-09-26 02:41:53] [INFO] Evaluating solution 26: [1, 1, 1, 0, 1, 1]
[2026-09-26 02:41:53] [INFO] Evaluating solution 27: [1, 1, 0, 1, 0, 1][2026-09-26 02:41:53] [INFO] Evaluating solution 28: [0, 0, 1, 1, 0, 0]
[2026-09-26 02:41:53] [INFO] Evaluating solution 29: [0, 1, 1, 1, 1, 0]

[2026-09-26 02:41:53] [INFO] Generation 68 complete
    69 |     2057 |      5 |  0.000000E+00 |  0.000000E+00 |  0.000000E+00 |             f
[2026-09-26 02:41:53] [GEN] === Generation 69 ===
[2026-09-26 02:41:53] [INFO] Evaluating solution 0: [1, 0, 0, 1, 0, 0]
[2026-09-26 02:41:53] [INFO] Evaluating solution 1: [0, 1, 0, 0, 1, 1]
[2026-09-26 02:41:53] [INFO] Evaluating solution 2: [1, 1, 0, 0, 1, 1]
[2026-09-26 02:41:53] [INFO] Evaluating solution 3: [0, 1, 1, 1, 1, 1]
[2026-09-26 02:41:53] [INFO] Evaluating solution 4: [1, 0, 1, 1, 0, 0][2026-09-26 02:41:53] [INFO] Evaluating solution 5: [0, 0, 0, 1, 1, 0]
[2026-09-26 02:41:53] [INFO] Evaluating solution 6: [1, 0, 0, 0, 0, 0]

[2026-09-26 02:41:53] [INFO] Evaluating solution 7: [0, 1, 0, 0, 0, 1]
[2026-09-26 02:41:53] [INFO] Evaluating solution 8: [1, 0, 0, 1, 1, 1]
[2026-09-26 02:41:53] [INFO] Evaluating solution 9: [0, 1, 0, 0, 1, 0]
[2026-09-26 02:41:53] [INFO] Evaluating solution 10: [1, 1, 0, 0, 1, 0]
[2026-09-26 02:41:53] [INFO] Evaluating solution 11: [1, 1, 1, 0, 1, 0][2026-09-26 02:41:53] [INFO] Evaluating solution 12: [0, 0, 1, 1, 1, 0][2026-09-26 02:41:53] [INFO] Evaluating solution 13: [1, 1, 0, 0, 0, 0]

[2026-09-26 02:41:53] [INFO] Evaluating solution 14: [0, 0, 1, 0, 0, 0]
[2026-09-26 02:41:53] [INFO] Evaluating solution 15: [1, 1, 0, 1, 0, 1]

[2026-09-26 02:41:53] [INFO] Evaluating solution 16: [1, 1, 1, 1, 0, 1]
[2026-09-26 02:41:53] [INFO] Evaluating solution 17: [1, 0, 0, 1, 0, 1]
[2026-09-26 02:41:53] [INFO] Evaluating solution 18: [0, 1, 0, 1, 1, 1]
[2026-09-26 02:41:53] [INFO] Evaluating solution 19: [1, 0, 1, 1, 1, 0]
[2026-09-26 02:41:53] [INFO] Evaluating solution 20: [1, 1, 0, 0, 0, 1]
[2026-09-26 02:41:53] [INFO] Evaluating solution 21: [1, 1, 1, 0, 0, 0]
[2026-09-26 02:41:53] [INFO] Evaluating solution 22: [0, 1, 1, 0, 0, 1]
[2026-09-26 02:41:53] [INFO] Evaluating solution 23: [0, 1, 1, 1, 0, 1]
[2026-09-26 02:41:53] [INFO] Evaluating solution 24: [1, 0, 0, 1, 1, 0]
[2026-09-26 02:41:53] [INFO] Evaluating solution 25: [1, 1, 1, 0, 1, 1]
[2026-09-26 02:41:53] [INFO] Evaluating solution 26: [0, 0, 1, 1, 0, 0]
[2026-09-26 02:41:53] [INFO] Evaluating solution 27: [0, 1, 1, 0, 0, 0]
[2026-09-26 02:41:53] [INFO] Evaluating solution 28: [0, 1, 1, 1, 1, 0]
[2026-09-26 02:41:53] [INFO] Evaluating solution 29: [0, 1, 0, 1, 1, 0]
[2026-09-26 02:41:53] [INFO] Generation 69 complete
    70 |     2087 |      5 |  0.000000E+00 |  0.000000E+00 |  0.000000E+00 |             f
[2026-09-26 02:41:53] [GEN] === Generation 70 ===
[2026-09-26 02:41:53] [INFO] Evaluating solution 0: [1, 1, 0, 0, 1, 0]
[2026-09-26 02:41:53] [INFO] Evaluating solution 1: [0, 1, 0, 0, 0, 1]
[2026-09-26 02:41:53] [INFO] Evaluating solution 2: [1, 0, 1, 1, 1, 0][2026-09-26 02:41:53] [INFO] Evaluating solution 3: [1, 1, 0, 0, 1, 1]

[2026-09-26 02:41:53] [INFO] Evaluating solution 4: [0, 0, 1, 1, 1, 0]
[2026-09-26 02:41:53] [INFO] Evaluating solution 5: [1, 0, 0, 1, 0, 1]
[2026-09-26 02:41:53] [INFO] Evaluating solution 6: [0, 0, 1, 1, 0, 0]
[2026-09-26 02:41:53] [INFO] Evaluating solution 7: [1, 1, 0, 0, 0, 0]
[2026-09-26 02:41:53] [INFO] Evaluating solution 8: [0, 1, 0, 1, 1, 1]
[2026-09-26 02:41:53] [INFO] Evaluating solution 9: [1, 0, 0, 1, 0, 0]
[2026-09-26 02:41:53] [INFO] Evaluating solution 10: [0, 1, 0, 1, 1, 0]
[2026-09-26 02:41:53] [INFO] Evaluating solution 11: [1, 0, 1, 1, 0, 0]
[2026-09-26 02:41:53] [INFO] Evaluating solution 12: [1, 0, 0, 0, 0, 0]
[2026-09-26 02:41:53] [INFO] Evaluating solution 13: [1, 1, 0, 0, 0, 1]
[2026-09-26 02:41:53] [INFO] Evaluating solution 14: [0, 0, 0, 0, 1, 0]
[2026-09-26 02:41:53] [INFO] Evaluating solution 15: [1, 1, 1, 0, 1, 0]
[2026-09-26 02:41:53] [INFO] Evaluating solution 16: [0, 0, 1, 0, 1, 0]
[2026-09-26 02:41:53] [INFO] Evaluating solution 17: [0, 1, 0, 0, 1, 1]
[2026-09-26 02:41:53] [INFO] Evaluating solution 18: [1, 1, 1, 1, 0, 1]
[2026-09-26 02:41:53] [INFO] Evaluating solution 19: [0, 1, 1, 0, 0, 1]
[2026-09-26 02:41:53] [INFO] Evaluating solution 20: [0, 0, 0, 1, 1, 0]
[2026-09-26 02:41:53] [INFO] Evaluating solution 21: [1, 1, 1, 0, 0, 0][2026-09-26 02:41:53] [INFO] Evaluating solution 22: [1, 0, 0, 1, 1, 0]
[2026-09-26 02:41:53] [INFO] Evaluating solution 23: [1, 1, 1, 0, 1, 1]
[2026-09-26 02:41:53] [INFO] Evaluating solution 24: [0, 1, 1, 0, 1, 1]

[2026-09-26 02:41:53] [INFO] Evaluating solution 25: [0, 1, 1, 1, 1, 1]
[2026-09-26 02:41:53] [INFO] Evaluating solution 26: [1, 1, 0, 1, 0, 1]
[2026-09-26 02:41:53] [INFO] Evaluating solution 27: [1, 0, 1, 1, 0, 1]
[2026-09-26 02:41:53] [INFO] Evaluating solution 28: [0, 1, 1, 1, 0, 1][2026-09-26 02:41:53] [INFO] Evaluating solution 29: [0, 1, 1, 0, 0, 0]

[2026-09-26 02:41:53] [INFO] Generation 70 complete
    71 |     2117 |      5 |  0.000000E+00 |  0.000000E+00 |  0.000000E+00 |             f
[2026-09-26 02:41:53] [GEN] === Generation 71 ===
[2026-09-26 02:41:53] [INFO] Evaluating solution 0: [1, 0, 0, 1, 0, 0]
[2026-09-26 02:41:53] [INFO] Evaluating solution 1: [1, 1, 0, 1, 0, 1]
[2026-09-26 02:41:53] [INFO] Evaluating solution 2: [1, 0, 0, 0, 0, 0]
[2026-09-26 02:41:53] [INFO] Evaluating solution 3: [0, 0, 1, 1, 0, 0]
[2026-09-26 02:41:53] [INFO] Evaluating solution 4: [1, 1, 0, 0, 0, 0]
[2026-09-26 02:41:53] [INFO] Evaluating solution 5: [1, 0, 1, 1, 0, 0]
[2026-09-26 02:41:53] [INFO] Evaluating solution 6: [1, 0, 0, 1, 1, 0]
[2026-09-26 02:41:53] [INFO] Evaluating solution 7: [0, 1, 0, 0, 1, 0]
[2026-09-26 02:41:53] [INFO] Evaluating solution 8: [0, 0, 1, 1, 1, 0]
[2026-09-26 02:41:53] [INFO] Evaluating solution 9: [1, 1, 0, 0, 1, 1]
[2026-09-26 02:41:53] [INFO] Evaluating solution 10: [1, 1, 1, 0, 1, 1]
[2026-09-26 02:41:53] [INFO] Evaluating solution 11: [1, 1, 0, 0, 0, 1]
[2026-09-26 02:41:53] [INFO] Evaluating solution 12: [0, 1, 0, 1, 1, 1][2026-09-26 02:41:53] [INFO] Evaluating solution 13: [1, 0, 0, 1, 0, 1]
[2026-09-26 02:41:53] [INFO] Evaluating solution 14: [0, 1, 1, 1, 1, 1]
[2026-09-26 02:41:53] [INFO] Evaluating solution 15: [1, 1, 1, 1, 0, 1]
[2026-09-26 02:41:53] [INFO] Evaluating solution 16: [1, 0, 1, 1, 1, 1]

[2026-09-26 02:41:53] [INFO] Evaluating solution 17: [1, 1, 1, 0, 1, 0]
[2026-09-26 02:41:53] [INFO] Evaluating solution 18: [0, 0, 0, 0, 1, 0]
[2026-09-26 02:41:53] [INFO] Evaluating solution 19: [1, 0, 1, 1, 1, 0]
[2026-09-26 02:41:53] [INFO] Evaluating solution 20: [0, 0, 1, 0, 0, 0]
[2026-09-26 02:41:53] [INFO] Evaluating solution 21: [0, 1, 0, 0, 0, 1]
[2026-09-26 02:41:53] [INFO] Evaluating solution 22: [0, 1, 0, 0, 1, 1]
[2026-09-26 02:41:53] [INFO] Evaluating solution 23: [1, 1, 1, 0, 0, 0]
[2026-09-26 02:41:53] [INFO] Evaluating solution 24: [1, 0, 1, 1, 0, 1]
[2026-09-26 02:41:53] [INFO] Evaluating solution 25: [0, 1, 1, 0, 1, 1]
[2026-09-26 02:41:53] [INFO] Evaluating solution 26: [0, 1, 1, 0, 0, 0]
[2026-09-26 02:41:53] [INFO] Evaluating solution 27: [0, 1, 1, 1, 0, 1]
[2026-09-26 02:41:53] [INFO] Evaluating solution 28: [0, 0, 0, 1, 1, 0]
[2026-09-26 02:41:53] [INFO] Evaluating solution 29: [0, 1, 1, 1, 1, 0]
[2026-09-26 02:41:53] [INFO] Generation 71 complete
    72 |     2147 |      5 |  0.000000E+00 |  0.000000E+00 |  0.000000E+00 |             f
[2026-09-26 02:41:53] [GEN] === Generation 72 ===
[2026-09-26 02:41:53] [INFO] Evaluating solution 0: [1, 1, 0, 1, 0, 1]
[2026-09-26 02:41:53] [INFO] Evaluating solution 1: [1, 1, 1, 1, 0, 1]
[2026-09-26 02:41:53] [INFO] Evaluating solution 2: [0, 0, 1, 1, 0, 0][2026-09-26 02:41:53] [INFO] Evaluating solution 3: [0, 1, 0, 1, 1, 0]

[2026-09-26 02:41:53] [INFO] Evaluating solution 4: [1, 0, 1, 1, 1, 1][2026-09-26 02:41:53] [INFO] Evaluating solution 5: [1, 1, 0, 0, 0, 0]

[2026-09-26 02:41:53] [INFO] Evaluating solution 6: [0, 0, 1, 0, 1, 0]
[2026-09-26 02:41:53] [INFO] Evaluating solution 7: [1, 1, 1, 0, 1, 1]
[2026-09-26 02:41:53] [INFO] Evaluating solution 8: [0, 1, 1, 1, 0, 1]
[2026-09-26 02:41:53] [INFO] Evaluating solution 9: [1, 0, 0, 1, 1, 0]
[2026-09-26 02:41:53] [INFO] Evaluating solution 10: [1, 0, 1, 1, 0, 0]
[2026-09-26 02:41:53] [INFO] Evaluating solution 11: [1, 1, 0, 0, 1, 0]
[2026-09-26 02:41:53] [INFO] Evaluating solution 12: [0, 0, 1, 1, 1, 0]
[2026-09-26 02:41:53] [INFO] Evaluating solution 13: [0, 1, 1, 1, 1, 0]
[2026-09-26 02:41:53] [INFO] Evaluating solution 14: [0, 1, 1, 0, 0, 0]
[2026-09-26 02:41:53] [INFO] Evaluating solution 15: [0, 0, 0, 0, 1, 0]
[2026-09-26 02:41:53] [INFO] Evaluating solution 16: [0, 0, 0, 1, 1, 0]
[2026-09-26 02:41:53] [INFO] Evaluating solution 17: [0, 1, 0, 1, 1, 1]
[2026-09-26 02:41:53] [INFO] Evaluating solution 18: [0, 1, 0, 0, 0, 1]
[2026-09-26 02:41:53] [INFO] Evaluating solution 19: [1, 0, 0, 0, 0, 0][2026-09-26 02:41:53] [INFO] Evaluating solution 20: [1, 1, 0, 0, 1, 1]
[2026-09-26 02:41:53] [INFO] Evaluating solution 21: [1, 0, 0, 1, 0, 0]

[2026-09-26 02:41:53] [INFO] Evaluating solution 22: [0, 1, 0, 0, 1, 0]
[2026-09-26 02:41:53] [INFO] Evaluating solution 23: [1, 0, 0, 1, 0, 1]
[2026-09-26 02:41:53] [INFO] Evaluating solution 24: [0, 1, 1, 0, 0, 1][2026-09-26 02:41:53] [INFO] Evaluating solution 25: [1, 1, 1, 0, 1, 0]
[2026-09-26 02:41:53] [INFO] Evaluating solution 26: [0, 1, 1, 1, 1, 1]

[2026-09-26 02:41:53] [INFO] Evaluating solution 27: [1, 1, 0, 0, 0, 1]
[2026-09-26 02:41:53] [INFO] Evaluating solution 28: [1, 1, 1, 0, 0, 0]
[2026-09-26 02:41:53] [INFO] Evaluating solution 29: [0, 1, 0, 0, 1, 1]
[2026-09-26 02:41:53] [INFO] Generation 72 complete
    73 |     2177 |      5 |  0.000000E+00 |  0.000000E+00 |  0.000000E+00 |             f
[2026-09-26 02:41:53] [GEN] === Generation 73 ===
[2026-09-26 02:41:53] [INFO] Evaluating solution 0: [0, 1, 1, 0, 1, 0][2026-09-26 02:41:53] [INFO] Evaluating solution 1: [1, 0, 1, 1, 0, 1]

[2026-09-26 02:41:53] [INFO] Evaluating solution 2: [1, 1, 1, 1, 0, 1]
[2026-09-26 02:41:53] [INFO] Evaluating solution 3: [0, 0, 0, 1, 1, 0]
[2026-09-26 02:41:53] [INFO] Evaluating solution 4: [0, 1, 0, 1, 1, 1][2026-09-26 02:41:53] [INFO] Evaluating solution 5: [0, 1, 0, 0, 1, 0]
[2026-09-26 02:41:53] [INFO] Evaluating solution 6: [1, 1, 0, 1, 0, 1]

[2026-09-26 02:41:53] [INFO] Evaluating solution 7: [1, 0, 0, 1, 0, 0][2026-09-26 02:41:53] [INFO] Evaluating solution 8: [0, 0, 1, 1, 0, 0]
[2026-09-26 02:41:53] [INFO] Evaluating solution 9: [1, 1, 0, 0, 0, 1]
[2026-09-26 02:41:53] [INFO] Evaluating solution 10: [0, 1, 1, 1, 1, 1]

[2026-09-26 02:41:53] [INFO] Evaluating solution 11: [0, 1, 1, 0, 0, 0]
[2026-09-26 02:41:53] [INFO] Evaluating solution 12: [1, 1, 0, 0, 0, 0][2026-09-26 02:41:53] [INFO] Evaluating solution 13: [0, 0, 0, 0, 1, 0]
[2026-09-26 02:41:53] [INFO] Evaluating solution 14: [1, 0, 1, 1, 1, 0]
[2026-09-26 02:41:53] [INFO] Evaluating solution 15: [1, 0, 0, 1, 0, 1]
[2026-09-26 02:41:53] [INFO] Evaluating solution 16: [1, 1, 1, 0, 1, 0]
[2026-09-26 02:41:53] [INFO] Evaluating solution 17: [0, 0, 1, 0, 1, 0]
[2026-09-26 02:41:53] [INFO] Evaluating solution 18: [0, 1, 0, 0, 1, 1]
[2026-09-26 02:41:53] [INFO] Evaluating solution 19: [1, 0, 0, 1, 1, 0]
[2026-09-26 02:41:53] [INFO] Evaluating solution 20: [0, 1, 1, 1, 0, 1][2026-09-26 02:41:53] [INFO] Evaluating solution 21: [0, 1, 0, 1, 1, 0]
[2026-09-26 02:41:53] [INFO] Evaluating solution 22: [0, 1, 1, 1, 1, 0]

[2026-09-26 02:41:53] [INFO] Evaluating solution 23: [1, 1, 0, 0, 1, 1]
[2026-09-26 02:41:53] [INFO] Evaluating solution 24: [0, 1, 0, 0, 0, 1]
[2026-09-26 02:41:53] [INFO] Evaluating solution 25: [1, 0, 1, 1, 0, 0]
[2026-09-26 02:41:53] [INFO] Evaluating solution 26: [1, 1, 1, 0, 1, 1]
[2026-09-26 02:41:53] [INFO] Evaluating solution 27: [1, 1, 0, 0, 1, 0]
[2026-09-26 02:41:53] [INFO] Evaluating solution 28: [0, 0, 1, 1, 1, 0]
[2026-09-26 02:41:53] [INFO] Evaluating solution 29: [1, 1, 1, 0, 0, 0]

[2026-09-26 02:41:53] [INFO] Generation 73 complete
    74 |     2207 |      5 |  0.000000E+00 |  0.000000E+00 |  0.000000E+00 |             f
[2026-09-26 02:41:53] [GEN] === Generation 74 ===
[2026-09-26 02:41:53] [INFO] Evaluating solution 0: [0, 0, 1, 1, 0, 0][2026-09-26 02:41:53] [INFO] Evaluating solution 1: [0, 1, 0, 1, 1, 1]

[2026-09-26 02:41:53] [INFO] Evaluating solution 2: [1, 1, 1, 0, 0, 0]
[2026-09-26 02:41:53] [INFO] Evaluating solution 3: [1, 0, 0, 0, 0, 0]
[2026-09-26 02:41:53] [INFO] Evaluating solution 4: [1, 0, 0, 1, 1, 0]
[2026-09-26 02:41:53] [INFO] Evaluating solution 5: [1, 1, 0, 0, 1, 1]
[2026-09-26 02:41:53] [INFO] Evaluating solution 6: [0, 1, 1, 1, 1, 1]
[2026-09-26 02:41:53] [INFO] Evaluating solution 7: [0, 0, 0, 0, 1, 0]
[2026-09-26 02:41:53] [INFO] Evaluating solution 8: [1, 0, 0, 1, 0, 0]
[2026-09-26 02:41:53] [INFO] Evaluating solution 9: [1, 1, 0, 0, 1, 0]
[2026-09-26 02:41:53] [INFO] Evaluating solution 10: [0, 1, 1, 1, 0, 1]
[2026-09-26 02:41:53] [INFO] Evaluating solution 11: [0, 0, 1, 0, 0, 0]
[2026-09-26 02:41:53] [INFO] Evaluating solution 12: [1, 0, 0, 1, 0, 1]
[2026-09-26 02:41:53] [INFO] Evaluating solution 13: [0, 1, 1, 1, 1, 0]
[2026-09-26 02:41:53] [INFO] Evaluating solution 14: [0, 0, 0, 1, 1, 0]
[2026-09-26 02:41:53] [INFO] Evaluating solution 15: [1, 0, 1, 1, 1, 0]
[2026-09-26 02:41:53] [INFO] Evaluating solution 16: [1, 0, 0, 1, 1, 1][2026-09-26 02:41:53] [INFO] Evaluating solution 17: [1, 1, 0, 0, 0, 1]
[2026-09-26 02:41:53] [INFO] Evaluating solution 18: [1, 1, 1, 1, 0, 1]

[2026-09-26 02:41:53] [INFO] Evaluating solution 19: [0, 0, 1, 1, 1, 0]
[2026-09-26 02:41:53] [INFO] Evaluating solution 20: [1, 1, 1, 0, 1, 0]
[2026-09-26 02:41:53] [INFO] Evaluating solution 21: [1, 1, 0, 1, 0, 1]
[2026-09-26 02:41:53] [INFO] Evaluating solution 22: [1, 1, 0, 0, 0, 0]
[2026-09-26 02:41:53] [INFO] Evaluating solution 23: [1, 1, 1, 0, 1, 1]
[2026-09-26 02:41:53] [INFO] Evaluating solution 24: [1, 0, 1, 1, 0, 0]
[2026-09-26 02:41:53] [INFO] Evaluating solution 25: [0, 1, 0, 0, 0, 1]
[2026-09-26 02:41:53] [INFO] Evaluating solution 26: [0, 1, 1, 0, 0, 1][2026-09-26 02:41:53] [INFO] Evaluating solution 27: [0, 1, 1, 0, 0, 0]

[2026-09-26 02:41:53] [INFO] Generation 74 complete
    75 |     2235 |      5 |  0.000000E+00 |  0.000000E+00 |  0.000000E+00 |             f
[2026-09-26 02:41:53] [GEN] === Generation 75 ===
[2026-09-26 02:41:53] [INFO] Evaluating solution 0: [1, 0, 1, 1, 0, 1]
[2026-09-26 02:41:53] [INFO] Evaluating solution 1: [1, 1, 0, 0, 1, 0]
[2026-09-26 02:41:53] [INFO] Evaluating solution 2: [1, 1, 1, 1, 0, 1]
[2026-09-26 02:41:53] [INFO] Evaluating solution 3: [1, 1, 0, 1, 0, 1]
[2026-09-26 02:41:53] [INFO] Evaluating solution 4: [1, 0, 0, 1, 0, 1]
[2026-09-26 02:41:53] [INFO] Evaluating solution 5: [1, 0, 0, 1, 0, 0]
[2026-09-26 02:41:53] [INFO] Evaluating solution 6: [0, 1, 0, 0, 0, 1]
[2026-09-26 02:41:53] [INFO] Evaluating solution 7: [1, 0, 0, 0, 0, 0]
[2026-09-26 02:41:53] [INFO] Evaluating solution 8: [0, 1, 0, 1, 1, 1]
[2026-09-26 02:41:53] [INFO] Evaluating solution 9: [0, 1, 1, 0, 0, 0]
[2026-09-26 02:41:53] [INFO] Evaluating solution 10: [1, 1, 0, 0, 0, 1]
[2026-09-26 02:41:53] [INFO] Evaluating solution 11: [0, 0, 1, 0, 1, 0]
[2026-09-26 02:41:53] [INFO] Evaluating solution 12: [1, 1, 1, 0, 0, 0][2026-09-26 02:41:53] [INFO] Evaluating solution 13: [1, 1, 0, 0, 0, 0]
[2026-09-26 02:41:53] [INFO] Evaluating solution 14: [0, 1, 1, 1, 0, 1]
[2026-09-26 02:41:53] [INFO] Evaluating solution 15: [0, 1, 1, 1, 1, 1]
[2026-09-26 02:41:53] [INFO] Evaluating solution 16: [0, 0, 0, 0, 1, 0]
[2026-09-26 02:41:53] [INFO] Evaluating solution 17: [0, 0, 0, 1, 1, 0]

[2026-09-26 02:41:53] [INFO] Evaluating solution 18: [1, 1, 0, 0, 1, 1]
[2026-09-26 02:41:53] [INFO] Evaluating solution 19: [0, 1, 0, 0, 1, 1]
[2026-09-26 02:41:53] [INFO] Evaluating solution 20: [0, 0, 1, 1, 1, 0]
[2026-09-26 02:41:53] [INFO] Evaluating solution 21: [1, 0, 1, 1, 1, 0]
[2026-09-26 02:41:53] [INFO] Evaluating solution 22: [1, 1, 1, 0, 1, 1]
[2026-09-26 02:41:53] [INFO] Evaluating solution 23: [0, 1, 1, 0, 0, 1]
[2026-09-26 02:41:53] [INFO] Evaluating solution 24: [0, 0, 1, 1, 0, 0]
[2026-09-26 02:41:53] [INFO] Evaluating solution 25: [0, 1, 0, 0, 1, 0][2026-09-26 02:41:53] [INFO] Evaluating solution 26: [0, 1, 0, 1, 1, 0]
[2026-09-26 02:41:53] [INFO] Evaluating solution 27: [0, 1, 1, 0, 1, 1]
[2026-09-26 02:41:53] [INFO] Evaluating solution 28: [1, 0, 1, 1, 0, 0]

[2026-09-26 02:41:53] [INFO] Evaluating solution 29: [0, 1, 1, 0, 1, 0]
[2026-09-26 02:41:53] [INFO] Generation 75 complete
    76 |     2265 |      5 |  0.000000E+00 |  0.000000E+00 |  0.000000E+00 |             f
[2026-09-26 02:41:53] [GEN] === Generation 76 ===
[2026-09-26 02:41:53] [INFO] Evaluating solution 0: [1, 1, 0, 0, 1, 0]
[2026-09-26 02:41:53] [INFO] Evaluating solution 1: [0, 0, 1, 0, 0, 0]
[2026-09-26 02:41:53] [INFO] Evaluating solution 2: [1, 0, 0, 1, 0, 0]
[2026-09-26 02:41:53] [INFO] Evaluating solution 3: [0, 1, 1, 0, 0, 0]
[2026-09-26 02:41:53] [INFO] Evaluating solution 4: [0, 1, 1, 1, 1, 0]
[2026-09-26 02:41:53] [INFO] Evaluating solution 5: [1, 0, 0, 0, 0, 0]
[2026-09-26 02:41:53] [INFO] Evaluating solution 6: [1, 0, 1, 1, 1, 1]
[2026-09-26 02:41:53] [INFO] Evaluating solution 7: [1, 1, 0, 1, 0, 1]
[2026-09-26 02:41:53] [INFO] Evaluating solution 8: [0, 1, 1, 0, 1, 1][2026-09-26 02:41:53] [INFO] Evaluating solution 9: [1, 0, 0, 1, 1, 0]
[2026-09-26 02:41:53] [INFO] Evaluating solution 10: [1, 1, 0, 0, 0, 0]
[2026-09-26 02:41:53] [INFO] Evaluating solution 11: [0, 1, 0, 0, 1, 0]
[2026-09-26 02:41:53] [INFO] Evaluating solution 12: [1, 1, 1, 1, 0, 1]
[2026-09-26 02:41:53] [INFO] Evaluating solution 13: [0, 1, 0, 1, 1, 1]
[2026-09-26 02:41:53] [INFO] Evaluating solution 14: [0, 0, 0, 1, 1, 0]
[2026-09-26 02:41:53] [INFO] Evaluating solution 15: [0, 0, 1, 1, 0, 0]

[2026-09-26 02:41:53] [INFO] Evaluating solution 16: [1, 0, 0, 1, 0, 1]
[2026-09-26 02:41:53] [INFO] Evaluating solution 17: [0, 0, 1, 1, 1, 0][2026-09-26 02:41:53] [INFO] Evaluating solution 18: [0, 0, 1, 0, 1, 0]
[2026-09-26 02:41:53] [INFO] Evaluating solution 19: [1, 1, 0, 0, 1, 1]

[2026-09-26 02:41:53] [INFO] Evaluating solution 20: [0, 1, 1, 1, 1, 1]
[2026-09-26 02:41:53] [INFO] Evaluating solution 21: [1, 1, 1, 0, 1, 1]
[2026-09-26 02:41:53] [INFO] Evaluating solution 22: [1, 0, 1, 1, 1, 0]
[2026-09-26 02:41:53] [INFO] Evaluating solution 23: [1, 1, 1, 0, 1, 0]
[2026-09-26 02:41:53] [INFO] Evaluating solution 24: [1, 1, 0, 0, 0, 1]
[2026-09-26 02:41:53] [INFO] Evaluating solution 25: [0, 1, 0, 0, 0, 1]
[2026-09-26 02:41:53] [INFO] Evaluating solution 26: [1, 0, 1, 1, 0, 1]
[2026-09-26 02:41:53] [INFO] Evaluating solution 27: [0, 1, 0, 0, 1, 1]
[2026-09-26 02:41:53] [INFO] Evaluating solution 28: [0, 1, 1, 1, 0, 1]
[2026-09-26 02:41:53] [INFO] Evaluating solution 29: [1, 1, 1, 0, 0, 0]
[2026-09-26 02:41:53] [INFO] Generation 76 complete
    77 |     2295 |      5 |  0.000000E+00 |  0.000000E+00 |  0.000000E+00 |             f
[2026-09-26 02:41:53] [GEN] === Generation 77 ===
[2026-09-26 02:41:53] [INFO] Evaluating solution 0: [1, 1, 0, 0, 0, 0]
[2026-09-26 02:41:53] [INFO] Evaluating solution 1: [0, 1, 1, 1, 1, 1]
[2026-09-26 02:41:53] [INFO] Evaluating solution 2: [1, 1, 0, 0, 0, 1]
[2026-09-26 02:41:53] [INFO] Evaluating solution 3: [0, 0, 1, 1, 1, 0]
[2026-09-26 02:41:53] [INFO] Evaluating solution 4: [0, 0, 0, 0, 1, 0]
[2026-09-26 02:41:53] [INFO] Evaluating solution 5: [0, 0, 1, 0, 0, 0]
[2026-09-26 02:41:53] [INFO] Evaluating solution 6: [0, 1, 0, 1, 1, 0]
[2026-09-26 02:41:53] [INFO] Evaluating solution 7: [0, 0, 1, 1, 0, 0]
[2026-09-26 02:41:53] [INFO] Evaluating solution 8: [1, 1, 1, 0, 1, 0]
[2026-09-26 02:41:53] [INFO] Evaluating solution 9: [1, 0, 0, 1, 0, 1]
[2026-09-26 02:41:53] [INFO] Evaluating solution 10: [0, 1, 0, 0, 0, 1]
[2026-09-26 02:41:53] [INFO] Evaluating solution 11: [1, 0, 0, 1, 0, 0]
[2026-09-26 02:41:53] [INFO] Evaluating solution 12: [0, 1, 0, 0, 1, 0][2026-09-26 02:41:53] [INFO] Evaluating solution 13: [0, 1, 1, 0, 1, 1]
[2026-09-26 02:41:53] [INFO] Evaluating solution 14: [1, 0, 0, 1, 1, 0][2026-09-26 02:41:53] [INFO] Evaluating solution 15: [1, 1, 1, 1, 0, 1]
[2026-09-26 02:41:53] [INFO] Evaluating solution 16: [1, 1, 0, 0, 1, 1]
[2026-09-26 02:41:53] [INFO] Evaluating solution 17: [1, 0, 0, 0, 0, 0]

[2026-09-26 02:41:53] [INFO] Evaluating solution 18: [1, 0, 1, 1, 1, 1]
[2026-09-26 02:41:53] [INFO] Evaluating solution 19: [1, 1, 0, 1, 0, 1]
[2026-09-26 02:41:53] [INFO] Evaluating solution 20: [0, 1, 1, 0, 0, 0]
[2026-09-26 02:41:53] [INFO] Evaluating solution 21: [1, 0, 1, 1, 1, 0]
[2026-09-26 02:41:53] [INFO] Evaluating solution 22: [1, 1, 0, 0, 1, 0]
[2026-09-26 02:41:53] [INFO] Evaluating solution 23: [0, 1, 0, 0, 1, 1]

[2026-09-26 02:41:53] [INFO] Evaluating solution 24: [0, 1, 1, 1, 0, 1]
[2026-09-26 02:41:53] [INFO] Evaluating solution 25: [1, 1, 1, 0, 1, 1]
[2026-09-26 02:41:53] [INFO] Evaluating solution 26: [0, 1, 1, 0, 1, 0]
[2026-09-26 02:41:53] [INFO] Evaluating solution 27: [0, 0, 0, 1, 1, 0]
[2026-09-26 02:41:53] [INFO] Evaluating solution 28: [1, 0, 1, 1, 0, 0]
[2026-09-26 02:41:53] [INFO] Evaluating solution 29: [0, 1, 0, 1, 1, 1]
[2026-09-26 02:41:53] [INFO] Generation 77 complete
    78 |     2325 |      5 |  0.000000E+00 |  0.000000E+00 |  0.000000E+00 |             f
[2026-09-26 02:41:53] [GEN] === Generation 78 ===
[2026-09-26 02:41:53] [INFO] Evaluating solution 0: [1, 1, 1, 1, 0, 1][2026-09-26 02:41:53] [INFO] Evaluating solution 1: [0, 1, 0, 0, 0, 1]

[2026-09-26 02:41:53] [INFO] Evaluating solution 2: [0, 1, 1, 1, 1, 1]
[2026-09-26 02:41:53] [INFO] Evaluating solution 3: [0, 0, 1, 1, 0, 0]
[2026-09-26 02:41:53] [INFO] Evaluating solution 4: [1, 0, 1, 1, 1, 0]
[2026-09-26 02:41:53] [INFO] Evaluating solution 5: [0, 1, 0, 0, 1, 1]
[2026-09-26 02:41:53] [INFO] Evaluating solution 6: [1, 1, 0, 0, 0, 1]
[2026-09-26 02:41:53] [INFO] Evaluating solution 7: [1, 0, 1, 1, 0, 0]
[2026-09-26 02:41:53] [INFO] Evaluating solution 8: [1, 0, 0, 1, 0, 0][2026-09-26 02:41:53] [INFO] Evaluating solution 9: [0, 1, 1, 1, 1, 0]
[2026-09-26 02:41:53] [INFO] Evaluating solution 10: [0, 1, 0, 0, 1, 0]

[2026-09-26 02:41:53] [INFO] Evaluating solution 11: [1, 1, 0, 0, 0, 0]
[2026-09-26 02:41:53] [INFO] Evaluating solution 12: [0, 0, 0, 0, 1, 0]
[2026-09-26 02:41:53] [INFO] Evaluating solution 13: [0, 1, 1, 0, 0, 0][2026-09-26 02:41:53] [INFO] Evaluating solution 14: [0, 0, 1, 0, 0, 0][2026-09-26 02:41:53] [INFO] Evaluating solution 15: [1, 0, 1, 1, 1, 1]

[2026-09-26 02:41:53] [INFO] Evaluating solution 16: [0, 1, 0, 1, 1, 1]

[2026-09-26 02:41:53] [INFO] Evaluating solution 17: [1, 1, 0, 0, 1, 1]
[2026-09-26 02:41:53] [INFO] Evaluating solution 18: [1, 1, 1, 0, 1, 0]
[2026-09-26 02:41:53] [INFO] Evaluating solution 19: [1, 0, 0, 1, 0, 1]
[2026-09-26 02:41:53] [INFO] Evaluating solution 20: [0, 0, 0, 1, 1, 0]
[2026-09-26 02:41:53] [INFO] Evaluating solution 21: [1, 0, 0, 1, 1, 0][2026-09-26 02:41:53] [INFO] Evaluating solution 22: [1, 1, 0, 0, 1, 0]

[2026-09-26 02:41:53] [INFO] Evaluating solution 23: [1, 1, 1, 0, 0, 0][2026-09-26 02:41:53] [INFO] Evaluating solution 24: [0, 1, 1, 1, 0, 1]
[2026-09-26 02:41:53] [INFO] Evaluating solution 25: [1, 0, 1, 1, 0, 1]

[2026-09-26 02:41:53] [INFO] Evaluating solution 26: [0, 0, 1, 1, 1, 0]
[2026-09-26 02:41:53] [INFO] Evaluating solution 27: [1, 1, 0, 1, 0, 1]
[2026-09-26 02:41:53] [INFO] Evaluating solution 28: [0, 1, 1, 0, 1, 1]
[2026-09-26 02:41:53] [INFO] Generation 78 complete
    79 |     2354 |      5 |  0.000000E+00 |  0.000000E+00 |  0.000000E+00 |             f
[2026-09-26 02:41:53] [GEN] === Generation 79 ===
[2026-09-26 02:41:53] [INFO] Evaluating solution 0: [0, 1, 0, 0, 0, 1][2026-09-26 02:41:53] [INFO] Evaluating solution 1: [1, 0, 1, 1, 1, 0]

[2026-09-26 02:41:53] [INFO] Evaluating solution 2: [1, 0, 1, 1, 1, 1]
[2026-09-26 02:41:53] [INFO] Evaluating solution 3: [1, 0, 0, 1, 0, 1]
[2026-09-26 02:41:53] [INFO] Evaluating solution 4: [1, 1, 0, 0, 1, 0]
[2026-09-26 02:41:53] [INFO] Evaluating solution 5: [1, 1, 0, 0, 1, 1]
[2026-09-26 02:41:53] [INFO] Evaluating solution 6: [1, 0, 0, 1, 0, 0]
[2026-09-26 02:41:53] [INFO] Evaluating solution 7: [0, 0, 1, 1, 0, 0]
[2026-09-26 02:41:53] [INFO] Evaluating solution 8: [0, 0, 0, 0, 1, 0]
[2026-09-26 02:41:53] [INFO] Evaluating solution 9: [0, 1, 0, 0, 1, 1][2026-09-26 02:41:53] [INFO] Evaluating solution 10: [1, 1, 1, 1, 0, 1]
[2026-09-26 02:41:53] [INFO] Evaluating solution 11: [0, 1, 0, 1, 1, 1]

[2026-09-26 02:41:53] [INFO] Evaluating solution 12: [1, 1, 0, 1, 0, 1][2026-09-26 02:41:53] [INFO] Evaluating solution 13: [0, 1, 1, 1, 0, 1]
[2026-09-26 02:41:53] [INFO] Evaluating solution 14: [1, 1, 0, 0, 0, 1]

[2026-09-26 02:41:53] [INFO] Evaluating solution 15: [0, 1, 0, 1, 1, 0]
[2026-09-26 02:41:53] [INFO] Evaluating solution 16: [0, 0, 1, 0, 1, 0]
[2026-09-26 02:41:53] [INFO] Evaluating solution 17: [1, 1, 1, 0, 0, 0]
[2026-09-26 02:41:53] [INFO] Evaluating solution 18: [1, 0, 1, 1, 0, 0]
[2026-09-26 02:41:53] [INFO] Evaluating solution 19: [0, 0, 1, 1, 1, 0]
[2026-09-26 02:41:53] [INFO] Evaluating solution 20: [0, 1, 1, 1, 1, 0]
[2026-09-26 02:41:53] [INFO] Evaluating solution 21: [1, 0, 0, 0, 0, 0]
[2026-09-26 02:41:53] [INFO] Evaluating solution 22: [0, 1, 1, 0, 0, 0]
[2026-09-26 02:41:53] [INFO] Evaluating solution 23: [1, 1, 1, 0, 1, 1]
[2026-09-26 02:41:53] [INFO] Evaluating solution 24: [1, 0, 0, 1, 1, 0]
[2026-09-26 02:41:53] [INFO] Evaluating solution 25: [0, 1, 1, 0, 0, 1]
[2026-09-26 02:41:53] [INFO] Evaluating solution 26: [0, 0, 0, 1, 1, 0]
[2026-09-26 02:41:53] [INFO] Evaluating solution 27: [0, 1, 1, 1, 1, 1]
[2026-09-26 02:41:53] [INFO] Evaluating solution 28: [1, 1, 1, 0, 0, 1]
[2026-09-26 02:41:53] [INFO] Evaluating solution 29: [1, 1, 1, 0, 1, 0]
[2026-09-26 02:41:53] [INFO] Generation 79 complete
    80 |     2384 |      5 |  0.000000E+00 |  0.000000E+00 |  0.000000E+00 |             f
[2026-09-26 02:41:53] [GEN] === Generation 80 ===
[2026-09-26 02:41:53] [INFO] Evaluating solution 0: [1, 1, 0, 0, 1, 0]
[2026-09-26 02:41:53] [INFO] Evaluating solution 1: [0, 0, 1, 1, 0, 0]
[2026-09-26 02:41:53] [INFO] Evaluating solution 2: [1, 1, 0, 1, 0, 1]
[2026-09-26 02:41:53] [INFO] Evaluating solution 3: [0, 1, 1, 1, 0, 1]
[2026-09-26 02:41:53] [INFO] Evaluating solution 4: [1, 0, 1, 1, 1, 0]
[2026-09-26 02:41:53] [INFO] Evaluating solution 5: [1, 0, 0, 1, 0, 1]
[2026-09-26 02:41:53] [INFO] Evaluating solution 6: [1, 1, 0, 0, 0, 0]
[2026-09-26 02:41:53] [INFO] Evaluating solution 7: [1, 1, 0, 0, 1, 1]
[2026-09-26 02:41:53] [INFO] Evaluating solution 8: [0, 1, 0, 1, 1, 1]
[2026-09-26 02:41:53] [INFO] Evaluating solution 9: [1, 1, 0, 0, 0, 1][2026-09-26 02:41:53] [INFO] Evaluating solution 10: [1, 0, 0, 1, 0, 0]

[2026-09-26 02:41:53] [INFO] Evaluating solution 11: [0, 1, 0, 0, 1, 1]
[2026-09-26 02:41:53] [INFO] Evaluating solution 12: [0, 1, 0, 0, 0, 1]
[2026-09-26 02:41:53] [INFO] Evaluating solution 13: [0, 0, 1, 0, 0, 0]
[2026-09-26 02:41:53] [INFO] Evaluating solution 14: [1, 1, 1, 0, 1, 1]
[2026-09-26 02:41:53] [INFO] Evaluating solution 15: [0, 0, 1, 0, 1, 0][2026-09-26 02:41:53] [INFO] Evaluating solution 16: [1, 0, 1, 1, 0, 1]
[2026-09-26 02:41:53] [INFO] Evaluating solution 17: [0, 0, 0, 0, 1, 0]
[2026-09-26 02:41:53] [INFO] Evaluating solution 18: [0, 1, 1, 0, 0, 1]

[2026-09-26 02:41:53] [INFO] Evaluating solution 19: [0, 1, 1, 1, 1, 1]
[2026-09-26 02:41:53] [INFO] Evaluating solution 20: [1, 0, 0, 1, 1, 0][2026-09-26 02:41:53] [INFO] Evaluating solution 21: [0, 1, 1, 0, 0, 0]

[2026-09-26 02:41:53] [INFO] Evaluating solution 22: [1, 1, 1, 1, 0, 1]
[2026-09-26 02:41:53] [INFO] Evaluating solution 23: [0, 1, 1, 1, 1, 0]
[2026-09-26 02:41:53] [INFO] Evaluating solution 24: [1, 1, 1, 0, 0, 0]
[2026-09-26 02:41:53] [INFO] Evaluating solution 25: [1, 1, 1, 0, 1, 0]
[2026-09-26 02:41:53] [INFO] Evaluating solution 26: [0, 1, 1, 0, 1, 1]
[2026-09-26 02:41:53] [INFO] Evaluating solution 27: [0, 1, 0, 0, 1, 0]
[2026-09-26 02:41:53] [INFO] Evaluating solution 28: [1, 0, 1, 1, 0, 0]
[2026-09-26 02:41:53] [INFO] Evaluating solution 29: [0, 1, 0, 1, 1, 0]
[2026-09-26 02:41:53] [INFO] Generation 80 complete
    81 |     2414 |      5 |  0.000000E+00 |  0.000000E+00 |  0.000000E+00 |             f
[2026-09-26 02:41:53] [GEN] === Generation 81 ===
[2026-09-26 02:41:53] [INFO] Evaluating solution 0: [1, 0, 0, 0, 0, 0][2026-09-26 02:41:53] [INFO] Evaluating solution 1: [1, 1, 0, 0, 0, 0]

[2026-09-26 02:41:53] [INFO] Evaluating solution 2: [0, 0, 1, 1, 1, 0]
[2026-09-26 02:41:53] [INFO] Evaluating solution 3: [0, 1, 1, 1, 1, 1]
[2026-09-26 02:41:53] [INFO] Evaluating solution 4: [0, 1, 1, 1, 1, 0][2026-09-26 02:41:53] [INFO] Evaluating solution 5: [1, 1, 1, 0, 1, 0]
[2026-09-26 02:41:53] [INFO] Evaluating solution 6: [0, 0, 1, 1, 0, 0]

[2026-09-26 02:41:53] [INFO] Evaluating solution 7: [1, 0, 1, 1, 0, 0]
[2026-09-26 02:41:53] [INFO] Evaluating solution 8: [0, 1, 1, 0, 0, 1]
[2026-09-26 02:41:53] [INFO] Evaluating solution 9: [1, 0, 0, 1, 0, 0][2026-09-26 02:41:53] [INFO] Evaluating solution 10: [1, 1, 1, 1, 0, 1]
[2026-09-26 02:41:53] [INFO] Evaluating solution 11: [1, 0, 0, 1, 1, 1]
[2026-09-26 02:41:53] [INFO] Evaluating solution 12: [0, 1, 1, 0, 1, 0]

[2026-09-26 02:41:53] [INFO] Evaluating solution 13: [1, 1, 0, 0, 1, 0]
[2026-09-26 02:41:53] [INFO] Evaluating solution 14: [0, 1, 0, 1, 1, 1]
[2026-09-26 02:41:53] [INFO] Evaluating solution 15: [1, 0, 1, 1, 1, 0][2026-09-26 02:41:53] [INFO] Evaluating solution 16: [1, 1, 1, 0, 0, 0]

[2026-09-26 02:41:53] [INFO] Evaluating solution 17: [1, 0, 0, 1, 1, 0]
[2026-09-26 02:41:53] [INFO] Evaluating solution 18: [1, 0, 0, 1, 0, 1][2026-09-26 02:41:53] [INFO] Evaluating solution 19: [0, 1, 1, 1, 0, 1]

[2026-09-26 02:41:53] [INFO] Evaluating solution 20: [0, 1, 0, 0, 0, 1]
[2026-09-26 02:41:53] [INFO] Evaluating solution 21: [1, 1, 0, 1, 0, 1]
[2026-09-26 02:41:53] [INFO] Evaluating solution 22: [0, 1, 0, 0, 1, 1]
[2026-09-26 02:41:53] [INFO] Evaluating solution 23: [1, 1, 0, 0, 1, 1]
[2026-09-26 02:41:53] [INFO] Evaluating solution 24: [1, 1, 0, 0, 0, 1]
[2026-09-26 02:41:53] [INFO] Evaluating solution 25: [0, 1, 1, 0, 0, 0]
[2026-09-26 02:41:53] [INFO] Evaluating solution 26: [0, 1, 0, 0, 1, 0]
[2026-09-26 02:41:53] [INFO] Evaluating solution 27: [0, 1, 0, 1, 1, 0]
[2026-09-26 02:41:53] [INFO] Evaluating solution 28: [1, 1, 1, 0, 1, 1]
[2026-09-26 02:41:53] [INFO] Evaluating solution 29: [0, 0, 0, 1, 1, 0]
[2026-09-26 02:41:53] [INFO] Generation 81 complete
    82 |     2444 |      5 |  0.000000E+00 |  0.000000E+00 |  0.000000E+00 |             f
[2026-09-26 02:41:53] [GEN] === Generation 82 ===
[2026-09-26 02:41:53] [INFO] Evaluating solution 0: [0, 1, 1, 1, 1, 1]
[2026-09-26 02:41:53] [INFO] Evaluating solution 1: [1, 0, 1, 1, 0, 1]
[2026-09-26 02:41:53] [INFO] Evaluating solution 2: [1, 1, 1, 0, 0, 0]
[2026-09-26 02:41:53] [INFO] Evaluating solution 3: [0, 1, 0, 1, 1, 1]
[2026-09-26 02:41:53] [INFO] Evaluating solution 4: [0, 0, 1, 1, 0, 0][2026-09-26 02:41:53] [INFO] Evaluating solution 5: [1, 1, 0, 0, 1, 1]

[2026-09-26 02:41:53] [INFO] Evaluating solution 6: [1, 0, 0, 1, 0, 1][2026-09-26 02:41:53] [INFO] Evaluating solution 7: [1, 1, 0, 0, 0, 1]

[2026-09-26 02:41:53] [INFO] Evaluating solution 8: [1, 0, 0, 1, 0, 0][2026-09-26 02:41:53] [INFO] Evaluating solution 9: [1, 1, 0, 0, 0, 0]

[2026-09-26 02:41:53] [INFO] Evaluating solution 10: [1, 1, 1, 0, 1, 1]
[2026-09-26 02:41:53] [INFO] Evaluating solution 11: [0, 1, 1, 0, 1, 1][2026-09-26 02:41:53] [INFO] Evaluating solution 12: [1, 1, 0, 1, 0, 1]

[2026-09-26 02:41:53] [INFO] Evaluating solution 13: [0, 1, 1, 1, 0, 1]
[2026-09-26 02:41:53] [INFO] Evaluating solution 14: [0, 1, 1, 1, 1, 0]
[2026-09-26 02:41:53] [INFO] Evaluating solution 15: [0, 0, 0, 0, 1, 0]
[2026-09-26 02:41:53] [INFO] Evaluating solution 16: [0, 0, 1, 1, 1, 0]
[2026-09-26 02:41:53] [INFO] Evaluating solution 17: [0, 1, 0, 0, 1, 1]
[2026-09-26 02:41:53] [INFO] Evaluating solution 18: [0, 1, 0, 0, 0, 1]
[2026-09-26 02:41:53] [INFO] Evaluating solution 19: [0, 1, 1, 0, 0, 1]
[2026-09-26 02:41:53] [INFO] Evaluating solution 20: [1, 0, 1, 1, 0, 0]
[2026-09-26 02:41:53] [INFO] Evaluating solution 21: [0, 0, 1, 0, 0, 0]
[2026-09-26 02:41:53] [INFO] Evaluating solution 22: [1, 0, 1, 1, 1, 0][2026-09-26 02:41:53] [INFO] Evaluating solution 23: [1, 1, 0, 0, 1, 0]
[2026-09-26 02:41:53] [INFO] Evaluating solution 24: [1, 0, 0, 1, 1, 0]
[2026-09-26 02:41:53] [INFO] Evaluating solution 25: [1, 1, 1, 0, 1, 0]
[2026-09-26 02:41:53] [INFO] Evaluating solution 26: [1, 1, 1, 1, 0, 1]
[2026-09-26 02:41:53] [INFO] Evaluating solution 27: [0, 1, 0, 1, 1, 0]
[2026-09-26 02:41:53] [INFO] Evaluating solution 28: [0, 1, 1, 0, 0, 0]

[2026-09-26 02:41:53] [INFO] Evaluating solution 29: [0, 0, 1, 0, 1, 0]
[2026-09-26 02:41:53] [INFO] Generation 82 complete
    83 |     2474 |      5 |  0.000000E+00 |  0.000000E+00 |  0.000000E+00 |             f
[2026-09-26 02:41:53] [GEN] === Generation 83 ===
[2026-09-26 02:41:53] [INFO] Evaluating solution 0: [0, 1, 0, 1, 1, 1][2026-09-26 02:41:53] [INFO] Evaluating solution 1: [0, 1, 1, 1, 1, 0]
[2026-09-26 02:41:53] [INFO] Evaluating solution 2: [0, 0, 1, 0, 0, 0]

[2026-09-26 02:41:53] [INFO] Evaluating solution 3: [1, 0, 1, 1, 0, 0]
[2026-09-26 02:41:53] [INFO] Evaluating solution 4: [1, 1, 0, 0, 0, 0]
[2026-09-26 02:41:53] [INFO] Evaluating solution 5: [1, 0, 0, 1, 0, 0]
[2026-09-26 02:41:53] [INFO] Evaluating solution 6: [1, 0, 0, 0, 0, 0]
[2026-09-26 02:41:53] [INFO] Evaluating solution 7: [1, 0, 1, 1, 1, 1]
[2026-09-26 02:41:53] [INFO] Evaluating solution 8: [0, 0, 0, 0, 1, 0][2026-09-26 02:41:53] [INFO] Evaluating solution 9: [1, 0, 0, 1, 0, 1][2026-09-26 02:41:53] [INFO] Evaluating solution 10: [1, 1, 0, 1, 0, 1]

[2026-09-26 02:41:53] [INFO] Evaluating solution 11: [0, 0, 1, 1, 0, 0]

[2026-09-26 02:41:53] [INFO] Evaluating solution 12: [1, 0, 1, 1, 1, 0]
[2026-09-26 02:41:53] [INFO] Evaluating solution 13: [0, 1, 0, 0, 0, 1]
[2026-09-26 02:41:53] [INFO] Evaluating solution 14: [0, 1, 0, 1, 1, 0]
[2026-09-26 02:41:53] [INFO] Evaluating solution 15: [1, 1, 0, 0, 1, 0]
[2026-09-26 02:41:53] [INFO] Evaluating solution 16: [0, 0, 0, 1, 1, 0]
[2026-09-26 02:41:53] [INFO] Evaluating solution 17: [0, 1, 0, 0, 1, 0]
[2026-09-26 02:41:53] [INFO] Evaluating solution 18: [1, 1, 1, 0, 1, 0]
[2026-09-26 02:41:53] [INFO] Evaluating solution 19: [0, 1, 1, 1, 1, 1]
[2026-09-26 02:41:53] [INFO] Evaluating solution 20: [1, 1, 1, 0, 0, 1]
[2026-09-26 02:41:53] [INFO] Evaluating solution 21: [1, 1, 1, 1, 0, 1]
[2026-09-26 02:41:53] [INFO] Evaluating solution 22: [0, 1, 1, 0, 1, 1]
[2026-09-26 02:41:53] [INFO] Evaluating solution 23: [1, 1, 0, 0, 1, 1]
[2026-09-26 02:41:53] [INFO] Evaluating solution 24: [1, 1, 0, 0, 0, 1]
[2026-09-26 02:41:53] [INFO] Evaluating solution 25: [0, 1, 1, 0, 0, 0]
[2026-09-26 02:41:53] [INFO] Evaluating solution 26: [1, 1, 1, 0, 1, 1]
[2026-09-26 02:41:53] [INFO] Evaluating solution 27: [0, 1, 0, 0, 1, 1]
[2026-09-26 02:41:53] [INFO] Evaluating solution 28: [1, 1, 1, 0, 0, 0]
[2026-09-26 02:41:53] [INFO] Evaluating solution 29: [0, 0, 1, 1, 1, 0]
[2026-09-26 02:41:53] [INFO] Generation 83 complete
    84 |     2504 |      5 |  0.000000E+00 |  0.000000E+00 |  0.000000E+00 |             f
[2026-09-26 02:41:53] [GEN] === Generation 84 ===
[2026-09-26 02:41:53] [INFO] Evaluating solution 0: [0, 0, 1, 1, 1, 0]
[2026-09-26 02:41:53] [INFO] Evaluating solution 1: [1, 0, 0, 1, 1, 0]
[2026-09-26 02:41:53] [INFO] Evaluating solution 2: [1, 0, 1, 1, 1, 0]
[2026-09-26 02:41:53] [INFO] Evaluating solution 3: [1, 0, 0, 1, 0, 0]
[2026-09-26 02:41:53] [INFO] Evaluating solution 4: [0, 1, 0, 1, 1, 1]
[2026-09-26 02:41:53] [INFO] Evaluating solution 5: [1, 1, 0, 0, 1, 1][2026-09-26 02:41:53] [INFO] Evaluating solution 6: [0, 0, 1, 0, 1, 0]

[2026-09-26 02:41:53] [INFO] Evaluating solution 7: [1, 1, 1, 0, 1, 1]
[2026-09-26 02:41:53] [INFO] Evaluating solution 8: [1, 1, 0, 0, 0, 0]
[2026-09-26 02:41:53] [INFO] Evaluating solution 9: [1, 1, 1, 0, 1, 0]
[2026-09-26 02:41:53] [INFO] Evaluating solution 10: [0, 1, 0, 0, 1, 0]
[2026-09-26 02:41:53] [INFO] Evaluating solution 11: [0, 0, 1, 1, 0, 0]
[2026-09-26 02:41:53] [INFO] Evaluating solution 12: [0, 1, 1, 1, 0, 1]
[2026-09-26 02:41:53] [INFO] Evaluating solution 13: [1, 1, 0, 0, 1, 0]
[2026-09-26 02:41:53] [INFO] Evaluating solution 14: [0, 1, 1, 0, 1, 1]
[2026-09-26 02:41:53] [INFO] Evaluating solution 15: [0, 1, 0, 0, 0, 1]
[2026-09-26 02:41:53] [INFO] Evaluating solution 16: [1, 0, 0, 0, 0, 0]
[2026-09-26 02:41:53] [INFO] Evaluating solution 17: [0, 1, 1, 1, 1, 1]
[2026-09-26 02:41:53] [INFO] Evaluating solution 18: [0, 1, 0, 0, 1, 1]
[2026-09-26 02:41:53] [INFO] Evaluating solution 19: [1, 0, 0, 1, 0, 1]
[2026-09-26 02:41:53] [INFO] Evaluating solution 20: [1, 0, 1, 1, 0, 0]
[2026-09-26 02:41:53] [INFO] Evaluating solution 21: [0, 0, 1, 0, 0, 0]
[2026-09-26 02:41:53] [INFO] Evaluating solution 22: [0, 1, 1, 1, 1, 0]
[2026-09-26 02:41:53] [INFO] Evaluating solution 23: [1, 1, 0, 1, 0, 1]
[2026-09-26 02:41:53] [INFO] Evaluating solution 24: [0, 1, 1, 0, 0, 0]
[2026-09-26 02:41:53] [INFO] Evaluating solution 25: [0, 1, 0, 1, 1, 0]
[2026-09-26 02:41:53] [INFO] Evaluating solution 26: [1, 1, 0, 0, 0, 1][2026-09-26 02:41:53] [INFO] Evaluating solution 27: [1, 1, 1, 1, 0, 1]
[2026-09-26 02:41:53] [INFO] Evaluating solution 28: [1, 0, 1, 1, 0, 1]

[2026-09-26 02:41:53] [INFO] Generation 84 complete
    85 |     2533 |      5 |  0.000000E+00 |  0.000000E+00 |  0.000000E+00 |             f
[2026-09-26 02:41:53] [GEN] === Generation 85 ===
[2026-09-26 02:41:53] [INFO] Evaluating solution 0: [0, 0, 1, 1, 0, 0]
[2026-09-26 02:41:53] [INFO] Evaluating solution 1: [1, 1, 1, 0, 0, 0]
[2026-09-26 02:41:53] [INFO] Evaluating solution 2: [0, 1, 1, 1, 1, 1]
[2026-09-26 02:41:53] [INFO] Evaluating solution 3: [0, 1, 0, 1, 1, 1]
[2026-09-26 02:41:53] [INFO] Evaluating solution 4: [0, 1, 0, 0, 1, 1]
[2026-09-26 02:41:53] [INFO] Evaluating solution 5: [1, 0, 1, 1, 1, 0][2026-09-26 02:41:53] [INFO] Evaluating solution 6: [1, 0, 0, 0, 0, 0][2026-09-26 02:41:53] [INFO] Evaluating solution 7: [1, 1, 0, 1, 0, 1]
[2026-09-26 02:41:53] [INFO] Evaluating solution 8: [0, 0, 0, 0, 1, 0]

[2026-09-26 02:41:53] [INFO] Evaluating solution 9: [1, 1, 1, 1, 0, 1]
[2026-09-26 02:41:53] [INFO] Evaluating solution 10: [0, 1, 0, 0, 1, 0]
[2026-09-26 02:41:53] [INFO] Evaluating solution 11: [0, 1, 0, 0, 0, 1]
[2026-09-26 02:41:53] [INFO] Evaluating solution 12: [1, 0, 0, 1, 0, 1]
[2026-09-26 02:41:53] [INFO] Evaluating solution 13: [0, 1, 0, 1, 1, 0]
[2026-09-26 02:41:53] [INFO] Evaluating solution 14: [0, 1, 1, 1, 0, 1]

[2026-09-26 02:41:53] [INFO] Evaluating solution 15: [1, 1, 0, 0, 1, 1]
[2026-09-26 02:41:53] [INFO] Evaluating solution 16: [1, 0, 0, 1, 0, 0]
[2026-09-26 02:41:53] [INFO] Evaluating solution 17: [1, 1, 0, 0, 1, 0]
[2026-09-26 02:41:53] [INFO] Evaluating solution 18: [1, 0, 0, 1, 1, 1]
[2026-09-26 02:41:53] [INFO] Evaluating solution 19: [0, 1, 1, 0, 1, 1]
[2026-09-26 02:41:53] [INFO] Evaluating solution 20: [1, 1, 1, 0, 1, 0]
[2026-09-26 02:41:53] [INFO] Evaluating solution 21: [0, 0, 1, 0, 1, 0]
[2026-09-26 02:41:53] [INFO] Evaluating solution 22: [1, 1, 1, 0, 1, 1]
[2026-09-26 02:41:53] [INFO] Evaluating solution 23: [1, 1, 0, 0, 0, 0]
[2026-09-26 02:41:53] [INFO] Evaluating solution 24: [1, 0, 1, 1, 0, 0]
[2026-09-26 02:41:53] [INFO] Evaluating solution 25: [0, 1, 1, 0, 0, 0]
[2026-09-26 02:41:53] [INFO] Evaluating solution 26: [1, 0, 0, 1, 1, 0]
[2026-09-26 02:41:53] [INFO] Evaluating solution 27: [0, 1, 1, 1, 1, 0]
[2026-09-26 02:41:53] [INFO] Evaluating solution 28: [1, 1, 0, 0, 0, 1]
[2026-09-26 02:41:53] [INFO] Evaluating solution 29: [0, 0, 1, 1, 1, 0]
[2026-09-26 02:41:53] [INFO] Generation 85 complete
    86 |     2563 |      5 |  0.000000E+00 |  0.000000E+00 |  0.000000E+00 |             f
[2026-09-26 02:41:53] [GEN] === Generation 86 ===
[2026-09-26 02:41:53] [INFO] Evaluating solution 0: [1, 1, 0, 0, 1, 1][2026-09-26 02:41:53] [INFO] Evaluating solution 1: [1, 1, 1, 0, 1, 0]

[2026-09-26 02:41:53] [INFO] Evaluating solution 2: [0, 1, 0, 0, 1, 1]
[2026-09-26 02:41:53] [INFO] Evaluating solution 3: [1, 0, 1, 1, 1, 0]
[2026-09-26 02:41:53] [INFO] Evaluating solution 4: [1, 0, 0, 1, 0, 1][2026-09-26 02:41:53] [INFO] Evaluating solution 5: [1, 0, 0, 1, 0, 0]
[2026-09-26 02:41:53] [INFO] Evaluating solution 6: [0, 1, 0, 0, 0, 1]

[2026-09-26 02:41:53] [INFO] Evaluating solution 7: [0, 0, 1, 1, 0, 0]
[2026-09-26 02:41:53] [INFO] Evaluating solution 8: [1, 1, 1, 0, 1, 1]
[2026-09-26 02:41:53] [INFO] Evaluating solution 9: [1, 1, 0, 0, 1, 0]
[2026-09-26 02:41:53] [INFO] Evaluating solution 10: [1, 1, 0, 1, 0, 1]
[2026-09-26 02:41:53] [INFO] Evaluating solution 11: [1, 0, 1, 1, 0, 0]
[2026-09-26 02:41:53] [INFO] Evaluating solution 12: [0, 1, 1, 0, 0, 0][2026-09-26 02:41:53] [INFO] Evaluating solution 13: [1, 0, 0, 0, 0, 0]
[2026-09-26 02:41:53] [INFO] Evaluating solution 14: [1, 1, 0, 0, 0, 1]
[2026-09-26 02:41:53] [INFO] Evaluating solution 15: [0, 0, 1, 0, 0, 0]
[2026-09-26 02:41:53] [INFO] Evaluating solution 16: [0, 1, 0, 1, 1, 1]

[2026-09-26 02:41:53] [INFO] Evaluating solution 17: [0, 0, 0, 0, 1, 0]
[2026-09-26 02:41:53] [INFO] Evaluating solution 18: [0, 1, 1, 1, 1, 1][2026-09-26 02:41:53] [INFO] Evaluating solution 19: [0, 0, 1, 1, 1, 0]
[2026-09-26 02:41:53] [INFO] Evaluating solution 20: [0, 1, 1, 0, 1, 0]

[2026-09-26 02:41:53] [INFO] Evaluating solution 21: [1, 1, 1, 1, 0, 1]
[2026-09-26 02:41:53] [INFO] Evaluating solution 22: [1, 1, 0, 0, 0, 0]
[2026-09-26 02:41:53] [INFO] Evaluating solution 23: [0, 1, 1, 1, 1, 0]
[2026-09-26 02:41:53] [INFO] Evaluating solution 24: [1, 0, 1, 1, 0, 1]
[2026-09-26 02:41:53] [INFO] Evaluating solution 25: [0, 1, 0, 1, 1, 0]
[2026-09-26 02:41:53] [INFO] Evaluating solution 26: [1, 0, 0, 1, 1, 0]
[2026-09-26 02:41:53] [INFO] Evaluating solution 27: [0, 1, 1, 1, 0, 1]
[2026-09-26 02:41:53] [INFO] Generation 86 complete
    87 |     2591 |      5 |  0.000000E+00 |  0.000000E+00 |  0.000000E+00 |             f
[2026-09-26 02:41:53] [GEN] === Generation 87 ===
[2026-09-26 02:41:53] [INFO] Evaluating solution 0: [1, 1, 0, 0, 0, 1]
[2026-09-26 02:41:53] [INFO] Evaluating solution 1: [0, 1, 1, 1, 1, 1]
[2026-09-26 02:41:53] [INFO] Evaluating solution 2: [1, 0, 0, 1, 1, 0]
[2026-09-26 02:41:53] [INFO] Evaluating solution 3: [1, 1, 0, 0, 0, 0]
[2026-09-26 02:41:53] [INFO] Evaluating solution 4: [0, 1, 0, 1, 1, 0]
[2026-09-26 02:41:53] [INFO] Evaluating solution 5: [1, 0, 1, 1, 1, 0]
[2026-09-26 02:41:53] [INFO] Evaluating solution 6: [0, 0, 1, 1, 1, 0][2026-09-26 02:41:53] [INFO] Evaluating solution 7: [0, 1, 1, 0, 0, 0]
[2026-09-26 02:41:53] [INFO] Evaluating solution 8: [1, 0, 0, 0, 0, 0]

[2026-09-26 02:41:53] [INFO] Evaluating solution 9: [1, 0, 0, 1, 0, 0]
[2026-09-26 02:41:53] [INFO] Evaluating solution 10: [0, 0, 1, 1, 0, 0]
[2026-09-26 02:41:53] [INFO] Evaluating solution 11: [0, 0, 0, 1, 1, 0]
[2026-09-26 02:41:53] [INFO] Evaluating solution 12: [1, 1, 1, 1, 0, 1]
[2026-09-26 02:41:53] [INFO] Evaluating solution 13: [1, 0, 0, 1, 0, 1]
[2026-09-26 02:41:53] [INFO] Evaluating solution 14: [1, 0, 1, 1, 1, 1]
[2026-09-26 02:41:53] [INFO] Evaluating solution 15: [1, 1, 1, 0, 1, 1]
[2026-09-26 02:41:53] [INFO] Evaluating solution 16: [1, 0, 1, 1, 0, 0]
[2026-09-26 02:41:53] [INFO] Evaluating solution 17: [0, 1, 0, 1, 1, 1][2026-09-26 02:41:53] [INFO] Evaluating solution 18: [1, 1, 1, 0, 1, 0][2026-09-26 02:41:53] [INFO] Evaluating solution 19: [1, 1, 0, 0, 1, 0]
[2026-09-26 02:41:53] [INFO] Evaluating solution 20: [0, 0, 1, 0, 1, 0]
[2026-09-26 02:41:53] [INFO] Evaluating solution 21: [0, 0, 1, 0, 0, 0]
[2026-09-26 02:41:53] [INFO] Evaluating solution 22: [1, 1, 0, 0, 1, 1]


[2026-09-26 02:41:53] [INFO] Evaluating solution 23: [0, 1, 1, 0, 0, 1]
[2026-09-26 02:41:53] [INFO] Evaluating solution 24: [0, 1, 0, 0, 0, 1]
[2026-09-26 02:41:53] [INFO] Evaluating solution 25: [1, 1, 1, 0, 0, 0]
[2026-09-26 02:41:53] [INFO] Evaluating solution 26: [0, 1, 0, 0, 1, 1]
[2026-09-26 02:41:53] [INFO] Evaluating solution 27: [0, 1, 0, 0, 1, 0]
[2026-09-26 02:41:53] [INFO] Evaluating solution 28: [1, 1, 0, 1, 0, 1]
[2026-09-26 02:41:53] [INFO] Evaluating solution 29: [0, 1, 1, 1, 1, 0]
[2026-09-26 02:41:53] [INFO] Generation 87 complete
    88 |     2621 |      5 |  0.000000E+00 |  0.000000E+00 |  0.000000E+00 |             f
[2026-09-26 02:41:53] [GEN] === Generation 88 ===
[2026-09-26 02:41:53] [INFO] Evaluating solution 0: [1, 0, 0, 1, 0, 1]
[2026-09-26 02:41:53] [INFO] Evaluating solution 1: [0, 1, 0, 0, 1, 1]
[2026-09-26 02:41:53] [INFO] Evaluating solution 2: [1, 0, 0, 1, 0, 0]
[2026-09-26 02:41:53] [INFO] Evaluating solution 3: [0, 0, 1, 1, 1, 0]
[2026-09-26 02:41:53] [INFO] Evaluating solution 4: [0, 1, 0, 1, 1, 1]
[2026-09-26 02:41:53] [INFO] Evaluating solution 5: [1, 1, 0, 0, 1, 0]
[2026-09-26 02:41:53] [INFO] Evaluating solution 6: [0, 0, 0, 0, 1, 0][2026-09-26 02:41:53] [INFO] Evaluating solution 7: [0, 1, 1, 1, 0, 1]
[2026-09-26 02:41:53] [INFO] Evaluating solution 8: [1, 1, 0, 0, 1, 1]

[2026-09-26 02:41:53] [INFO] Evaluating solution 9: [1, 1, 0, 0, 0, 1][2026-09-26 02:41:53] [INFO] Evaluating solution 10: [1, 1, 1, 0, 1, 1]
[2026-09-26 02:41:53] [INFO] Evaluating solution 11: [1, 0, 0, 1, 1, 0]
[2026-09-26 02:41:53] [INFO] Evaluating solution 12: [0, 1, 0, 0, 0, 1]
[2026-09-26 02:41:53] [INFO] Evaluating solution 13: [1, 0, 1, 1, 1, 0]
[2026-09-26 02:41:53] [INFO] Evaluating solution 14: [1, 1, 1, 1, 0, 1]

[2026-09-26 02:41:53] [INFO] Evaluating solution 15: [1, 0, 1, 1, 0, 0]
[2026-09-26 02:41:53] [INFO] Evaluating solution 16: [0, 0, 1, 1, 0, 0]
[2026-09-26 02:41:53] [INFO] Evaluating solution 17: [1, 0, 0, 0, 0, 0]
[2026-09-26 02:41:53] [INFO] Evaluating solution 18: [1, 1, 1, 0, 0, 0]
[2026-09-26 02:41:53] [INFO] Evaluating solution 19: [1, 1, 1, 0, 1, 0]
[2026-09-26 02:41:53] [INFO] Evaluating solution 20: [1, 1, 0, 1, 0, 1]
[2026-09-26 02:41:53] [INFO] Evaluating solution 21: [0, 1, 0, 1, 1, 0]
[2026-09-26 02:41:53] [INFO] Evaluating solution 22: [0, 1, 1, 1, 1, 1]
[2026-09-26 02:41:53] [INFO] Evaluating solution 23: [1, 0, 1, 1, 0, 1]
[2026-09-26 02:41:53] [INFO] Evaluating solution 24: [0, 0, 0, 1, 1, 0]
[2026-09-26 02:41:53] [INFO] Evaluating solution 25: [1, 1, 0, 0, 0, 0]
[2026-09-26 02:41:53] [INFO] Evaluating solution 26: [0, 1, 1, 0, 0, 0]
[2026-09-26 02:41:53] [INFO] Evaluating solution 27: [0, 1, 1, 1, 1, 0]
[2026-09-26 02:41:53] [INFO] Evaluating solution 28: [0, 1, 0, 0, 1, 0]
[2026-09-26 02:41:53] [INFO] Generation 88 complete
    89 |     2650 |      5 |  0.000000E+00 |  0.000000E+00 |  0.000000E+00 |             f
[2026-09-26 02:41:53] [GEN] === Generation 89 ===
[2026-09-26 02:41:53] [INFO] Evaluating solution 0: [0, 1, 1, 0, 0, 1][2026-09-26 02:41:53] [INFO] Evaluating solution 1: [1, 0, 1, 1, 0, 0]

[2026-09-26 02:41:53] [INFO] Evaluating solution 2: [1, 1, 1, 0, 1, 1]
[2026-09-26 02:41:53] [INFO] Evaluating solution 3: [1, 0, 0, 1, 0, 0]
[2026-09-26 02:41:53] [INFO] Evaluating solution 4: [0, 0, 1, 1, 0, 0][2026-09-26 02:41:53] [INFO] Evaluating solution 5: [0, 1, 1, 0, 1, 1]
[2026-09-26 02:41:53] [INFO] Evaluating solution 6: [1, 1, 0, 0, 0, 0]
[2026-09-26 02:41:53] [INFO] Evaluating solution 7: [1, 0, 0, 1, 1, 1]
[2026-09-26 02:41:53] [INFO] Evaluating solution 8: [1, 1, 1, 1, 0, 1]

[2026-09-26 02:41:53] [INFO] Evaluating solution 9: [0, 0, 1, 0, 1, 0]
[2026-09-26 02:41:53] [INFO] Evaluating solution 10: [0, 1, 0, 0, 1, 1][2026-09-26 02:41:53] [INFO] Evaluating solution 11: [0, 0, 0, 0, 1, 0]

[2026-09-26 02:41:53] [INFO] Evaluating solution 12: [0, 1, 1, 1, 1, 0]
[2026-09-26 02:41:53] [INFO] Evaluating solution 13: [0, 1, 0, 0, 0, 1]
[2026-09-26 02:41:53] [INFO] Evaluating solution 14: [1, 1, 1, 0, 1, 0]
[2026-09-26 02:41:53] [INFO] Evaluating solution 15: [1, 1, 0, 0, 1, 1][2026-09-26 02:41:53] [INFO] Evaluating solution 16: [0, 1, 0, 1, 1, 1]
[2026-09-26 02:41:53] [INFO] Evaluating solution 17: [0, 0, 0, 1, 1, 0]
[2026-09-26 02:41:53] [INFO] Evaluating solution 18: [1, 0, 0, 1, 0, 1]
[2026-09-26 02:41:53] [INFO] Evaluating solution 19: [0, 0, 1, 1, 1, 0]
[2026-09-26 02:41:53] [INFO] Evaluating solution 20: [1, 1, 0, 0, 1, 0]

[2026-09-26 02:41:53] [INFO] Evaluating solution 21: [0, 1, 0, 1, 1, 0]
[2026-09-26 02:41:53] [INFO] Evaluating solution 22: [1, 1, 0, 1, 0, 1]
[2026-09-26 02:41:53] [INFO] Evaluating solution 23: [1, 0, 0, 1, 1, 0]
[2026-09-26 02:41:53] [INFO] Evaluating solution 24: [1, 0, 1, 1, 1, 0]
[2026-09-26 02:41:53] [INFO] Evaluating solution 25: [1, 1, 1, 0, 0, 0]
[2026-09-26 02:41:53] [INFO] Evaluating solution 26: [1, 1, 0, 0, 0, 1]
[2026-09-26 02:41:53] [INFO] Evaluating solution 27: [0, 1, 1, 0, 1, 0]
[2026-09-26 02:41:53] [INFO] Evaluating solution 28: [0, 1, 1, 0, 0, 0]
[2026-09-26 02:41:53] [INFO] Evaluating solution 29: [0, 0, 1, 0, 0, 0]
[2026-09-26 02:41:53] [INFO] Generation 89 complete
    90 |     2680 |      5 |  0.000000E+00 |  0.000000E+00 |  0.000000E+00 |             f
[2026-09-26 02:41:53] [GEN] === Generation 90 ===
[2026-09-26 02:41:53] [INFO] Evaluating solution 0: [1, 0, 1, 1, 1, 0]
[2026-09-26 02:41:53] [INFO] Evaluating solution 1: [1, 1, 1, 0, 1, 1]
[2026-09-26 02:41:53] [INFO] Evaluating solution 2: [1, 0, 0, 0, 0, 0][2026-09-26 02:41:53] [INFO] Evaluating solution 3: [1, 1, 0, 0, 1, 1]
[2026-09-26 02:41:53] [INFO] Evaluating solution 4: [1, 1, 0, 1, 0, 1]
[2026-09-26 02:41:53] [INFO] Evaluating solution 5: [1, 1, 0, 0, 1, 0]
[2026-09-26 02:41:53] [INFO] Evaluating solution 6: [0, 1, 0, 0, 0, 1]

[2026-09-26 02:41:53] [INFO] Evaluating solution 7: [0, 0, 1, 1, 1, 0]
[2026-09-26 02:41:53] [INFO] Evaluating solution 8: [1, 0, 0, 1, 1, 0]
[2026-09-26 02:41:53] [INFO] Evaluating solution 9: [1, 1, 1, 0, 1, 0]
[2026-09-26 02:41:53] [INFO] Evaluating solution 10: [1, 0, 0, 1, 0, 0]
[2026-09-26 02:41:53] [INFO] Evaluating solution 11: [1, 1, 0, 0, 0, 0]
[2026-09-26 02:41:53] [INFO] Evaluating solution 12: [0, 1, 0, 0, 1, 1]
[2026-09-26 02:41:53] [INFO] Evaluating solution 13: [0, 1, 1, 0, 0, 0]
[2026-09-26 02:41:53] [INFO] Evaluating solution 14: [0, 0, 1, 1, 0, 0]
[2026-09-26 02:41:53] [INFO] Evaluating solution 15: [1, 0, 1, 1, 0, 0]
[2026-09-26 02:41:53] [INFO] Evaluating solution 16: [1, 1, 1, 1, 0, 1]
[2026-09-26 02:41:53] [INFO] Evaluating solution 17: [0, 1, 0, 1, 1, 1]
[2026-09-26 02:41:53] [INFO] Evaluating solution 18: [0, 1, 1, 1, 0, 1]
[2026-09-26 02:41:53] [INFO] Evaluating solution 19: [1, 0, 1, 1, 0, 1]
[2026-09-26 02:41:53] [INFO] Evaluating solution 20: [0, 0, 0, 1, 1, 0]
[2026-09-26 02:41:53] [INFO] Evaluating solution 21: [1, 1, 1, 0, 0, 0]
[2026-09-26 02:41:53] [INFO] Evaluating solution 22: [1, 0, 0, 1, 0, 1]
[2026-09-26 02:41:53] [INFO] Evaluating solution 23: [0, 1, 1, 1, 1, 1]
[2026-09-26 02:41:53] [INFO] Evaluating solution 24: [0, 1, 0, 1, 1, 0]
[2026-09-26 02:41:53] [INFO] Evaluating solution 25: [0, 1, 1, 0, 0, 1]
[2026-09-26 02:41:53] [INFO] Evaluating solution 26: [0, 0, 0, 0, 1, 0]
[2026-09-26 02:41:53] [INFO] Evaluating solution 27: [0, 1, 1, 1, 1, 0]
[2026-09-26 02:41:53] [INFO] Evaluating solution 28: [1, 1, 0, 0, 0, 1]
[2026-09-26 02:41:53] [INFO] Generation 90 complete
    91 |     2709 |      5 |  0.000000E+00 |  0.000000E+00 |  0.000000E+00 |             f
[2026-09-26 02:41:53] [GEN] === Generation 91 ===
[2026-09-26 02:41:53] [INFO] Evaluating solution 0: [0, 1, 0, 0, 0, 1]
[2026-09-26 02:41:53] [INFO] Evaluating solution 1: [1, 0, 0, 1, 1, 0]
[2026-09-26 02:41:53] [INFO] Evaluating solution 2: [1, 0, 1, 1, 1, 1]
[2026-09-26 02:41:53] [INFO] Evaluating solution 3: [0, 0, 1, 1, 1, 0]
[2026-09-26 02:41:53] [INFO] Evaluating solution 4: [1, 1, 0, 0, 0, 0]
[2026-09-26 02:41:53] [INFO] Evaluating solution 5: [1, 0, 1, 1, 1, 0]
[2026-09-26 02:41:53] [INFO] Evaluating solution 6: [1, 1, 1, 1, 0, 1][2026-09-26 02:41:53] [INFO] Evaluating solution 7: [1, 1, 0, 1, 0, 1]
[2026-09-26 02:41:53] [INFO] Evaluating solution 8: [0, 1, 0, 1, 1, 1]
[2026-09-26 02:41:53] [INFO] Evaluating solution 9: [1, 1, 1, 0, 0, 0]

[2026-09-26 02:41:53] [INFO] Evaluating solution 10: [1, 0, 0, 0, 0, 0]
[2026-09-26 02:41:53] [INFO] Evaluating solution 11: [1, 1, 1, 0, 1, 0]
[2026-09-26 02:41:53] [INFO] Evaluating solution 12: [1, 1, 0, 0, 1, 1]
[2026-09-26 02:41:53] [INFO] Evaluating solution 13: [1, 1, 0, 0, 1, 0]
[2026-09-26 02:41:53] [INFO] Evaluating solution 14: [0, 1, 0, 0, 1, 0]
[2026-09-26 02:41:53] [INFO] Evaluating solution 15: [0, 1, 1, 1, 1, 0]
[2026-09-26 02:41:53] [INFO] Evaluating solution 16: [1, 0, 0, 1, 0, 0]
[2026-09-26 02:41:53] [INFO] Evaluating solution 17: [0, 0, 1, 0, 1, 0][2026-09-26 02:41:53] [INFO] Evaluating solution 18: [0, 1, 1, 1, 0, 1]
[2026-09-26 02:41:53] [INFO] Evaluating solution 19: [0, 1, 1, 0, 0, 0]
[2026-09-26 02:41:53] [INFO] Evaluating solution 20: [0, 0, 0, 1, 1, 0]
[2026-09-26 02:41:53] [INFO] Evaluating solution 21: [0, 1, 1, 1, 1, 1]

[2026-09-26 02:41:53] [INFO] Evaluating solution 22: [1, 0, 0, 1, 0, 1]
[2026-09-26 02:41:53] [INFO] Evaluating solution 23: [1, 0, 1, 1, 0, 0]
[2026-09-26 02:41:53] [INFO] Evaluating solution 24: [0, 1, 1, 0, 1, 0][2026-09-26 02:41:53] [INFO] Evaluating solution 25: [1, 1, 1, 0, 1, 1]
[2026-09-26 02:41:53] [INFO] Evaluating solution 26: [0, 0, 1, 1, 0, 0]
[2026-09-26 02:41:53] [INFO] Evaluating solution 27: [0, 0, 1, 0, 0, 0]
[2026-09-26 02:41:53] [INFO] Evaluating solution 28: [0, 1, 0, 1, 1, 0]

[2026-09-26 02:41:53] [INFO] Evaluating solution 29: [0, 1, 0, 0, 1, 1]
[2026-09-26 02:41:53] [INFO] Generation 91 complete
    92 |     2739 |      5 |  0.000000E+00 |  0.000000E+00 |  0.000000E+00 |             f
[2026-09-26 02:41:53] [GEN] === Generation 92 ===
[2026-09-26 02:41:53] [INFO] Evaluating solution 0: [0, 0, 0, 1, 1, 0][2026-09-26 02:41:53] [INFO] Evaluating solution 1: [1, 0, 0, 1, 1, 0]
[2026-09-26 02:41:53] [INFO] Evaluating solution 2: [1, 1, 1, 1, 0, 1]

[2026-09-26 02:41:53] [INFO] Evaluating solution 3: [1, 1, 0, 0, 1, 1]
[2026-09-26 02:41:53] [INFO] Evaluating solution 4: [1, 0, 0, 0, 0, 0]
[2026-09-26 02:41:53] [INFO] Evaluating solution 5: [0, 1, 1, 1, 0, 1]
[2026-09-26 02:41:53] [INFO] Evaluating solution 6: [1, 1, 0, 1, 0, 1]
[2026-09-26 02:41:53] [INFO] Evaluating solution 7: [0, 1, 1, 0, 0, 0]
[2026-09-26 02:41:53] [INFO] Evaluating solution 8: [1, 1, 1, 0, 1, 0]
[2026-09-26 02:41:53] [INFO] Evaluating solution 9: [1, 1, 0, 0, 1, 0]
[2026-09-26 02:41:53] [INFO] Evaluating solution 10: [0, 1, 1, 0, 1, 1]
[2026-09-26 02:41:53] [INFO] Evaluating solution 11: [1, 0, 1, 1, 0, 1]
[2026-09-26 02:41:53] [INFO] Evaluating solution 12: [1, 0, 1, 1, 0, 0]
[2026-09-26 02:41:53] [INFO] Evaluating solution 13: [1, 1, 0, 0, 0, 0]
[2026-09-26 02:41:53] [INFO] Evaluating solution 14: [0, 1, 0, 0, 0, 1]
[2026-09-26 02:41:53] [INFO] Evaluating solution 15: [0, 0, 1, 1, 1, 0]
[2026-09-26 02:41:53] [INFO] Evaluating solution 16: [0, 0, 1, 1, 0, 0]
[2026-09-26 02:41:53] [INFO] Evaluating solution 17: [0, 0, 1, 0, 1, 0]
[2026-09-26 02:41:53] [INFO] Evaluating solution 18: [1, 0, 0, 1, 0, 0]
[2026-09-26 02:41:53] [INFO] Evaluating solution 19: [0, 1, 0, 0, 1, 1]
[2026-09-26 02:41:53] [INFO] Evaluating solution 20: [0, 1, 0, 0, 1, 0][2026-09-26 02:41:53] [INFO] Evaluating solution 21: [1, 0, 0, 1, 0, 1]
[2026-09-26 02:41:53] [INFO] Evaluating solution 22: [0, 1, 0, 1, 1, 1]
[2026-09-26 02:41:53] [INFO] Evaluating solution 23: [1, 1, 0, 0, 0, 1]
[2026-09-26 02:41:53] [INFO] Evaluating solution 24: [0, 1, 1, 1, 1, 1]
[2026-09-26 02:41:53] [INFO] Evaluating solution 25: [0, 1, 1, 0, 1, 0]
[2026-09-26 02:41:53] [INFO] Evaluating solution 26: [0, 0, 0, 0, 1, 0]
[2026-09-26 02:41:53] [INFO] Evaluating solution 27: [1, 1, 1, 0, 1, 1]
[2026-09-26 02:41:53] [INFO] Evaluating solution 28: [1, 1, 1, 0, 0, 0]
[2026-09-26 02:41:53] [INFO] Evaluating solution 29: [1, 0, 1, 1, 1, 0]

[2026-09-26 02:41:53] [INFO] Generation 92 complete
    93 |     2769 |      5 |  0.000000E+00 |  0.000000E+00 |  0.000000E+00 |             f
[2026-09-26 02:41:53] [GEN] === Generation 93 ===
[2026-09-26 02:41:53] [INFO] Evaluating solution 0: [0, 1, 1, 1, 0, 1]
[2026-09-26 02:41:53] [INFO] Evaluating solution 1: [1, 0, 0, 1, 1, 1][2026-09-26 02:41:53] [INFO] Evaluating solution 2: [1, 1, 0, 1, 0, 1]
[2026-09-26 02:41:53] [INFO] Evaluating solution 3: [1, 1, 0, 0, 0, 0]

[2026-09-26 02:41:53] [INFO] Evaluating solution 4: [1, 1, 1, 0, 1, 1]
[2026-09-26 02:41:53] [INFO] Evaluating solution 5: [1, 1, 0, 0, 0, 1]
[2026-09-26 02:41:53] [INFO] Evaluating solution 6: [1, 0, 0, 1, 0, 1]
[2026-09-26 02:41:53] [INFO] Evaluating solution 7: [1, 1, 1, 1, 0, 1][2026-09-26 02:41:53] [INFO] Evaluating solution 8: [0, 0, 1, 0, 0, 0]
[2026-09-26 02:41:53] [INFO] Evaluating solution 9: [1, 1, 0, 0, 1, 0]

[2026-09-26 02:41:53] [INFO] Evaluating solution 10: [1, 0, 1, 1, 0, 0]
[2026-09-26 02:41:53] [INFO] Evaluating solution 11: [0, 0, 0, 1, 1, 0]
[2026-09-26 02:41:53] [INFO] Evaluating solution 12: [0, 1, 1, 0, 0, 0]
[2026-09-26 02:41:53] [INFO] Evaluating solution 13: [0, 0, 1, 0, 1, 0]
[2026-09-26 02:41:53] [INFO] Evaluating solution 14: [1, 0, 0, 0, 0, 0]
[2026-09-26 02:41:53] [INFO] Evaluating solution 15: [1, 0, 0, 1, 0, 0]
[2026-09-26 02:41:53] [INFO] Evaluating solution 16: [0, 1, 0, 0, 1, 0]
[2026-09-26 02:41:53] [INFO] Evaluating solution 17: [1, 1, 1, 0, 0, 0]
[2026-09-26 02:41:53] [INFO] Evaluating solution 18: [1, 1, 1, 0, 0, 1]
[2026-09-26 02:41:53] [INFO] Evaluating solution 19: [1, 0, 0, 1, 1, 0]
[2026-09-26 02:41:53] [INFO] Evaluating solution 20: [0, 1, 0, 1, 1, 1]
[2026-09-26 02:41:53] [INFO] Evaluating solution 21: [1, 1, 0, 0, 1, 1]
[2026-09-26 02:41:53] [INFO] Evaluating solution 22: [1, 0, 1, 1, 1, 0]
[2026-09-26 02:41:53] [INFO] Evaluating solution 23: [0, 1, 1, 0, 1, 1]
[2026-09-26 02:41:53] [INFO] Evaluating solution 24: [0, 1, 1, 0, 1, 0]
[2026-09-26 02:41:53] [INFO] Evaluating solution 25: [0, 0, 1, 1, 0, 0]
[2026-09-26 02:41:53] [INFO] Evaluating solution 26: [0, 1, 0, 0, 1, 1]
[2026-09-26 02:41:53] [INFO] Evaluating solution 27: [0, 1, 0, 0, 0, 1]
[2026-09-26 02:41:53] [INFO] Evaluating solution 28: [0, 1, 0, 1, 1, 0]
[2026-09-26 02:41:53] [INFO] Evaluating solution 29: [0, 0, 1, 1, 1, 0]
[2026-09-26 02:41:53] [INFO] Generation 93 complete
    94 |     2799 |      5 |  0.000000E+00 |  0.000000E+00 |  0.000000E+00 |             f
[2026-09-26 02:41:53] [GEN] === Generation 94 ===
[2026-09-26 02:41:53] [INFO] Evaluating solution 0: [0, 1, 0, 1, 1, 1]
[2026-09-26 02:41:53] [INFO] Evaluating solution 1: [0, 0, 0, 1, 1, 0]
[2026-09-26 02:41:53] [INFO] Evaluating solution 2: [0, 1, 1, 0, 1, 1]
[2026-09-26 02:41:53] [INFO] Evaluating solution 3: [1, 1, 0, 0, 0, 1]
[2026-09-26 02:41:53] [INFO] Evaluating solution 4: [1, 0, 0, 1, 1, 0]
[2026-09-26 02:41:53] [INFO] Evaluating solution 5: [1, 1, 0, 1, 0, 1]
[2026-09-26 02:41:53] [INFO] Evaluating solution 6: [1, 0, 0, 1, 0, 0]
[2026-09-26 02:41:53] [INFO] Evaluating solution 7: [1, 1, 1, 0, 1, 1]
[2026-09-26 02:41:53] [INFO] Evaluating solution 8: [0, 0, 0, 0, 1, 0]
[2026-09-26 02:41:53] [INFO] Evaluating solution 9: [1, 0, 0, 1, 0, 1]
[2026-09-26 02:41:53] [INFO] Evaluating solution 10: [0, 1, 0, 0, 1, 1]
[2026-09-26 02:41:53] [INFO] Evaluating solution 11: [1, 0, 1, 1, 0, 0]
[2026-09-26 02:41:53] [INFO] Evaluating solution 12: [1, 1, 0, 0, 0, 0][2026-09-26 02:41:53] [INFO] Evaluating solution 13: [1, 1, 0, 0, 1, 0]
[2026-09-26 02:41:53] [INFO] Evaluating solution 14: [0, 1, 1, 0, 1, 0]
[2026-09-26 02:41:53] [INFO] Evaluating solution 15: [0, 1, 0, 0, 1, 0]

[2026-09-26 02:41:53] [INFO] Evaluating solution 16: [1, 0, 1, 1, 0, 1]
[2026-09-26 02:41:53] [INFO] Evaluating solution 17: [0, 0, 1, 1, 1, 0]
[2026-09-26 02:41:53] [INFO] Evaluating solution 18: [1, 0, 1, 1, 1, 0]
[2026-09-26 02:41:53] [INFO] Evaluating solution 19: [0, 1, 0, 0, 0, 1]
[2026-09-26 02:41:53] [INFO] Evaluating solution 20: [0, 0, 1, 1, 0, 0]
[2026-09-26 02:41:53] [INFO] Evaluating solution 21: [1, 1, 1, 0, 0, 0]
[2026-09-26 02:41:53] [INFO] Evaluating solution 22: [0, 1, 1, 0, 0, 0]
[2026-09-26 02:41:53] [INFO] Evaluating solution 23: [1, 1, 0, 0, 1, 1][2026-09-26 02:41:53] [INFO] Evaluating solution 24: [0, 1, 1, 1, 1, 1]
[2026-09-26 02:41:53] [INFO] Evaluating solution 25: [1, 0, 0, 1, 1, 1]

[2026-09-26 02:41:53] [INFO] Evaluating solution 26: [0, 1, 1, 1, 1, 0]
[2026-09-26 02:41:53] [INFO] Evaluating solution 27: [1, 1, 1, 0, 1, 0]
[2026-09-26 02:41:53] [INFO] Evaluating solution 28: [0, 0, 1, 0, 1, 0]
[2026-09-26 02:41:53] [INFO] Evaluating solution 29: [0, 1, 1, 1, 0, 1]
[2026-09-26 02:41:53] [INFO] Generation 94 complete
    95 |     2829 |      5 |  0.000000E+00 |  0.000000E+00 |  0.000000E+00 |             f
[2026-09-26 02:41:53] [GEN] === Generation 95 ===
[2026-09-26 02:41:53] [INFO] Evaluating solution 0: [1, 0, 0, 0, 0, 0]
[2026-09-26 02:41:53] [INFO] Evaluating solution 1: [1, 1, 0, 1, 0, 1]
[2026-09-26 02:41:53] [INFO] Evaluating solution 2: [0, 1, 0, 0, 0, 1]
[2026-09-26 02:41:53] [INFO] Evaluating solution 3: [0, 1, 0, 1, 1, 0]
[2026-09-26 02:41:53] [INFO] Evaluating solution 4: [0, 0, 0, 0, 1, 0]
[2026-09-26 02:41:53] [INFO] Evaluating solution 5: [0, 0, 1, 1, 0, 0]
[2026-09-26 02:41:53] [INFO] Evaluating solution 6: [0, 1, 1, 0, 0, 0][2026-09-26 02:41:53] [INFO] Evaluating solution 7: [1, 0, 1, 1, 0, 1]
[2026-09-26 02:41:53] [INFO] Evaluating solution 8: [1, 0, 1, 1, 1, 0]

[2026-09-26 02:41:53] [INFO] Evaluating solution 9: [1, 1, 0, 0, 1, 1]
[2026-09-26 02:41:53] [INFO] Evaluating solution 10: [0, 1, 1, 0, 1, 1]
[2026-09-26 02:41:53] [INFO] Evaluating solution 11: [1, 1, 0, 0, 0, 1]
[2026-09-26 02:41:53] [INFO] Evaluating solution 12: [0, 1, 1, 1, 0, 1]
[2026-09-26 02:41:53] [INFO] Evaluating solution 13: [0, 1, 0, 1, 1, 1][2026-09-26 02:41:53] [INFO] Evaluating solution 14: [0, 1, 0, 0, 1, 1]
[2026-09-26 02:41:53] [INFO] Evaluating solution 15: [1, 0, 0, 1, 0, 0]
[2026-09-26 02:41:53] [INFO] Evaluating solution 16: [0, 1, 1, 0, 1, 0]

[2026-09-26 02:41:53] [INFO] Evaluating solution 17: [1, 1, 1, 1, 0, 1]
[2026-09-26 02:41:53] [INFO] Evaluating solution 18: [0, 0, 1, 1, 1, 0]
[2026-09-26 02:41:53] [INFO] Evaluating solution 19: [0, 0, 1, 0, 0, 0]
[2026-09-26 02:41:53] [INFO] Evaluating solution 20: [1, 1, 0, 0, 0, 0]
[2026-09-26 02:41:53] [INFO] Evaluating solution 21: [0, 1, 1, 1, 1, 1]
[2026-09-26 02:41:53] [INFO] Evaluating solution 22: [0, 1, 0, 0, 1, 0]
[2026-09-26 02:41:53] [INFO] Evaluating solution 23: [0, 1, 1, 1, 1, 0]
[2026-09-26 02:41:53] [INFO] Evaluating solution 24: [1, 0, 0, 1, 0, 1][2026-09-26 02:41:53] [INFO] Evaluating solution 25: [1, 1, 0, 0, 1, 0]

[2026-09-26 02:41:53] [INFO] Evaluating solution 26: [1, 1, 1, 0, 1, 1]
[2026-09-26 02:41:53] [INFO] Evaluating solution 27: [0, 0, 0, 1, 1, 0]
[2026-09-26 02:41:53] [INFO] Evaluating solution 28: [1, 1, 1, 0, 1, 0]
[2026-09-26 02:41:53] [INFO] Generation 95 complete
    96 |     2858 |      5 |  0.000000E+00 |  0.000000E+00 |  0.000000E+00 |             f
[2026-09-26 02:41:53] [GEN] === Generation 96 ===
[2026-09-26 02:41:53] [INFO] Evaluating solution 0: [0, 1, 0, 0, 1, 0][2026-09-26 02:41:53] [INFO] Evaluating solution 1: [0, 1, 0, 0, 0, 1]

[2026-09-26 02:41:53] [INFO] Evaluating solution 2: [1, 0, 0, 1, 0, 1]
[2026-09-26 02:41:53] [INFO] Evaluating solution 3: [1, 1, 0, 0, 0, 1]
[2026-09-26 02:41:53] [INFO] Evaluating solution 4: [0, 1, 0, 1, 1, 1]
[2026-09-26 02:41:53] [INFO] Evaluating solution 5: [1, 0, 1, 1, 1, 1][2026-09-26 02:41:53] [INFO] Evaluating solution 6: [0, 0, 1, 1, 0, 0][2026-09-26 02:41:53] [INFO] Evaluating solution 7: [1, 1, 0, 1, 0, 1]
[2026-09-26 02:41:53] [INFO] Evaluating solution 8: [0, 0, 0, 0, 1, 0]
[2026-09-26 02:41:53] [INFO] Evaluating solution 9: [1, 1, 1, 0, 0, 0]

[2026-09-26 02:41:53] [INFO] Evaluating solution 10: [1, 0, 0, 0, 0, 0]
[2026-09-26 02:41:53] [INFO] Evaluating solution 11: [0, 0, 0, 1, 1, 0]

[2026-09-26 02:41:53] [INFO] Evaluating solution 12: [0, 0, 1, 1, 1, 0][2026-09-26 02:41:53] [INFO] Evaluating solution 13: [1, 0, 1, 1, 1, 0]
[2026-09-26 02:41:53] [INFO] Evaluating solution 14: [0, 1, 1, 0, 0, 0]
[2026-09-26 02:41:53] [INFO] Evaluating solution 15: [1, 1, 0, 0, 1, 0]
[2026-09-26 02:41:53] [INFO] Evaluating solution 16: [1, 1, 0, 0, 0, 0]
[2026-09-26 02:41:53] [INFO] Evaluating solution 17: [1, 0, 0, 1, 1, 0]
[2026-09-26 02:41:53] [INFO] Evaluating solution 18: [1, 0, 1, 1, 0, 0]
[2026-09-26 02:41:53] [INFO] Evaluating solution 19: [0, 1, 0, 1, 1, 0]
[2026-09-26 02:41:53] [INFO] Evaluating solution 20: [1, 1, 1, 0, 1, 1]
[2026-09-26 02:41:53] [INFO] Evaluating solution 21: [0, 1, 0, 0, 1, 1][2026-09-26 02:41:53] [INFO] Evaluating solution 22: [1, 0, 0, 1, 0, 0]


[2026-09-26 02:41:53] [INFO] Evaluating solution 23: [1, 1, 1, 1, 0, 1]
[2026-09-26 02:41:53] [INFO] Evaluating solution 24: [0, 1, 1, 0, 0, 1]
[2026-09-26 02:41:53] [INFO] Evaluating solution 25: [0, 1, 1, 1, 1, 1]
[2026-09-26 02:41:53] [INFO] Evaluating solution 26: [0, 1, 1, 1, 0, 1]
[2026-09-26 02:41:53] [INFO] Evaluating solution 27: [1, 1, 1, 0, 1, 0]
[2026-09-26 02:41:53] [INFO] Evaluating solution 28: [0, 1, 1, 0, 1, 1]
[2026-09-26 02:41:53] [INFO] Evaluating solution 29: [1, 1, 0, 0, 1, 1]
[2026-09-26 02:41:53] [INFO] Generation 96 complete
    97 |     2888 |      5 |  0.000000E+00 |  0.000000E+00 |  0.000000E+00 |             f
[2026-09-26 02:41:53] [GEN] === Generation 97 ===
[2026-09-26 02:41:53] [INFO] Evaluating solution 0: [0, 1, 1, 0, 1, 0]
[2026-09-26 02:41:53] [INFO] Evaluating solution 1: [0, 1, 0, 0, 1, 1]
[2026-09-26 02:41:53] [INFO] Evaluating solution 2: [1, 0, 1, 1, 0, 0]
[2026-09-26 02:41:53] [INFO] Evaluating solution 3: [1, 1, 0, 1, 0, 1]
[2026-09-26 02:41:53] [INFO] Evaluating solution 4: [1, 0, 0, 1, 1, 0]
[2026-09-26 02:41:53] [INFO] Evaluating solution 5: [0, 0, 1, 0, 0, 0]
[2026-09-26 02:41:53] [INFO] Evaluating solution 6: [1, 0, 0, 1, 0, 0]
[2026-09-26 02:41:53] [INFO] Evaluating solution 7: [0, 0, 1, 1, 0, 0][2026-09-26 02:41:53] [INFO] Evaluating solution 8: [1, 1, 0, 0, 1, 0]

[2026-09-26 02:41:53] [INFO] Evaluating solution 9: [1, 1, 1, 0, 1, 1]
[2026-09-26 02:41:53] [INFO] Evaluating solution 10: [1, 0, 1, 1, 1, 1]
[2026-09-26 02:41:53] [INFO] Evaluating solution 11: [0, 1, 0, 0, 0, 1]
[2026-09-26 02:41:53] [INFO] Evaluating solution 12: [1, 0, 1, 1, 1, 0]
[2026-09-26 02:41:53] [INFO] Evaluating solution 13: [1, 1, 0, 0, 0, 0]
[2026-09-26 02:41:53] [INFO] Evaluating solution 14: [0, 0, 0, 1, 1, 0]
[2026-09-26 02:41:53] [INFO] Evaluating solution 15: [0, 1, 0, 0, 1, 0]
[2026-09-26 02:41:53] [INFO] Evaluating solution 16: [1, 1, 0, 0, 1, 1][2026-09-26 02:41:53] [INFO] Evaluating solution 17: [1, 0, 1, 1, 0, 1]
[2026-09-26 02:41:53] [INFO] Evaluating solution 18: [1, 0, 0, 1, 0, 1]
[2026-09-26 02:41:53] [INFO] Evaluating solution 19: [0, 1, 0, 1, 1, 1]
[2026-09-26 02:41:53] [INFO] Evaluating solution 20: [0, 0, 1, 0, 1, 0]
[2026-09-26 02:41:53] [INFO] Evaluating solution 21: [0, 0, 0, 0, 1, 0]

[2026-09-26 02:41:53] [INFO] Evaluating solution 22: [1, 1, 0, 0, 0, 1]
[2026-09-26 02:41:53] [INFO] Evaluating solution 23: [0, 1, 1, 1, 1, 0]
[2026-09-26 02:41:53] [INFO] Evaluating solution 24: [1, 1, 1, 0, 0, 0]
[2026-09-26 02:41:53] [INFO] Evaluating solution 25: [1, 1, 1, 0, 1, 0]
[2026-09-26 02:41:53] [INFO] Evaluating solution 26: [0, 1, 1, 1, 0, 1]
[2026-09-26 02:41:53] [INFO] Evaluating solution 27: [1, 1, 1, 1, 0, 1][2026-09-26 02:41:53] [INFO] Evaluating solution 28: [0, 1, 1, 1, 1, 1]
[2026-09-26 02:41:53] [INFO] Evaluating solution 29: [0, 0, 1, 1, 1, 0]

[2026-09-26 02:41:53] [INFO] Generation 97 complete
    98 |     2918 |      5 |  0.000000E+00 |  0.000000E+00 |  0.000000E+00 |             f
[2026-09-26 02:41:53] [GEN] === Generation 98 ===
[2026-09-26 02:41:53] [INFO] Evaluating solution 0: [0, 0, 1, 0, 0, 0]
[2026-09-26 02:41:53] [INFO] Evaluating solution 1: [1, 1, 0, 0, 1, 1]
[2026-09-26 02:41:53] [INFO] Evaluating solution 2: [0, 0, 1, 0, 1, 0]
[2026-09-26 02:41:53] [INFO] Evaluating solution 3: [1, 0, 1, 1, 1, 1]
[2026-09-26 02:41:53] [INFO] Evaluating solution 4: [1, 0, 0, 0, 0, 0]
[2026-09-26 02:41:53] [INFO] Evaluating solution 5: [0, 1, 0, 1, 1, 0]
[2026-09-26 02:41:53] [INFO] Evaluating solution 6: [1, 0, 0, 1, 0, 0][2026-09-26 02:41:53] [INFO] Evaluating solution 7: [1, 1, 0, 1, 0, 1]

[2026-09-26 02:41:53] [INFO] Evaluating solution 8: [1, 1, 1, 1, 0, 1][2026-09-26 02:41:53] [INFO] Evaluating solution 9: [0, 1, 0, 0, 0, 1]
[2026-09-26 02:41:53] [INFO] Evaluating solution 10: [0, 1, 1, 0, 0, 0]
[2026-09-26 02:41:53] [INFO] Evaluating solution 11: [0, 1, 1, 1, 1, 0]
[2026-09-26 02:41:53] [INFO] Evaluating solution 12: [1, 0, 1, 1, 0, 0]

[2026-09-26 02:41:53] [INFO] Evaluating solution 13: [1, 1, 0, 0, 0, 1]
[2026-09-26 02:41:53] [INFO] Evaluating solution 14: [0, 0, 1, 1, 1, 0]
[2026-09-26 02:41:53] [INFO] Evaluating solution 15: [1, 0, 0, 1, 1, 0]
[2026-09-26 02:41:53] [INFO] Evaluating solution 16: [1, 1, 1, 0, 1, 0]
[2026-09-26 02:41:53] [INFO] Evaluating solution 17: [0, 0, 0, 1, 1, 0]
[2026-09-26 02:41:53] [INFO] Evaluating solution 18: [1, 0, 0, 1, 0, 1]
[2026-09-26 02:41:53] [INFO] Evaluating solution 19: [0, 1, 0, 1, 1, 1]
[2026-09-26 02:41:53] [INFO] Evaluating solution 20: [0, 1, 0, 0, 1, 1]
[2026-09-26 02:41:53] [INFO] Evaluating solution 21: [0, 1, 1, 0, 1, 1]
[2026-09-26 02:41:53] [INFO] Evaluating solution 22: [0, 0, 1, 1, 0, 0]
[2026-09-26 02:41:53] [INFO] Evaluating solution 23: [0, 1, 1, 0, 0, 1]
[2026-09-26 02:41:53] [INFO] Evaluating solution 24: [0, 1, 1, 1, 0, 1]
[2026-09-26 02:41:53] [INFO] Evaluating solution 25: [0, 1, 1, 1, 1, 1]
[2026-09-26 02:41:53] [INFO] Evaluating solution 26: [0, 1, 0, 0, 1, 0]
[2026-09-26 02:41:53] [INFO] Evaluating solution 27: [1, 1, 0, 0, 0, 0]
[2026-09-26 02:41:53] [INFO] Evaluating solution 28: [1, 1, 0, 0, 1, 0][2026-09-26 02:41:53] [INFO] Evaluating solution 29: [1, 1, 1, 0, 1, 1]

[2026-09-26 02:41:53] [INFO] Generation 98 complete
    99 |     2948 |      5 |  0.000000E+00 |  0.000000E+00 |  0.000000E+00 |             f
[2026-09-26 02:41:53] [GEN] === Generation 99 ===
[2026-09-26 02:41:53] [INFO] Evaluating solution 0: [1, 0, 0, 1, 0, 0]
[2026-09-26 02:41:53] [INFO] Evaluating solution 1: [0, 1, 1, 1, 1, 1]
[2026-09-26 02:41:53] [INFO] Evaluating solution 2: [0, 0, 0, 0, 1, 0]
[2026-09-26 02:41:53] [INFO] Evaluating solution 3: [0, 1, 1, 0, 0, 1]
[2026-09-26 02:41:53] [INFO] Evaluating solution 4: [1, 1, 0, 0, 1, 1]
[2026-09-26 02:41:53] [INFO] Evaluating solution 5: [1, 1, 0, 0, 0, 0]
[2026-09-26 02:41:53] [INFO] Evaluating solution 6: [1, 0, 1, 1, 0, 1]
[2026-09-26 02:41:53] [INFO] Evaluating solution 7: [0, 0, 1, 0, 0, 0][2026-09-26 02:41:53] [INFO] Evaluating solution 8: [1, 0, 0, 1, 0, 1]
[2026-09-26 02:41:53] [INFO] Evaluating solution 9: [0, 1, 0, 1, 1, 1]
[2026-09-26 02:41:53] [INFO] Evaluating solution 10: [1, 0, 1, 1, 1, 0]

[2026-09-26 02:41:53] [INFO] Evaluating solution 11: [1, 1, 0, 0, 1, 0]
[2026-09-26 02:41:53] [INFO] Evaluating solution 12: [0, 1, 1, 1, 0, 1]
[2026-09-26 02:41:53] [INFO] Evaluating solution 13: [0, 1, 0, 0, 1, 1][2026-09-26 02:41:53] [INFO] Evaluating solution 14: [1, 0, 1, 1, 0, 0]
[2026-09-26 02:41:53] [INFO] Evaluating solution 15: [0, 1, 1, 0, 1, 1][2026-09-26 02:41:53] [INFO] Evaluating solution 16: [0, 0, 1, 1, 0, 0]
[2026-09-26 02:41:53] [INFO] Evaluating solution 17: [1, 1, 0, 1, 0, 1]

[2026-09-26 02:41:53] [INFO] Evaluating solution 18: [0, 1, 1, 1, 1, 0]

[2026-09-26 02:41:53] [INFO] Evaluating solution 19: [0, 1, 0, 1, 1, 0]
[2026-09-26 02:41:53] [INFO] Evaluating solution 20: [1, 1, 1, 0, 1, 1]
[2026-09-26 02:41:53] [INFO] Evaluating solution 21: [1, 1, 1, 0, 0, 0]
[2026-09-26 02:41:53] [INFO] Evaluating solution 22: [1, 1, 0, 0, 0, 1]
[2026-09-26 02:41:53] [INFO] Evaluating solution 23: [0, 1, 0, 0, 1, 0]
[2026-09-26 02:41:53] [INFO] Evaluating solution 24: [0, 0, 1, 0, 1, 0]
[2026-09-26 02:41:53] [INFO] Evaluating solution 25: [1, 0, 0, 1, 1, 0]
[2026-09-26 02:41:53] [INFO] Evaluating solution 26: [0, 1, 0, 0, 0, 1]
[2026-09-26 02:41:53] [INFO] Evaluating solution 27: [0, 1, 1, 0, 0, 0]
[2026-09-26 02:41:53] [INFO] Evaluating solution 28: [1, 1, 1, 1, 0, 1][2026-09-26 02:41:53] [INFO] Evaluating solution 29: [0, 0, 1, 1, 1, 0]

[2026-09-26 02:41:53] [INFO] Generation 99 complete
   100 |     2978 |      5 |  0.000000E+00 |  0.000000E+00 |  0.000000E+00 |             f
[2026-09-26 02:41:53] [INFO] Optimisation complete for 8-point FFT
[2026-09-26 02:41:53] [INFO] Saving optimization results...
[2026-09-26 02:41:53] [INFO] Summary saved → ./results/fft_8/summary.txt
[2026-09-26 02:41:53] [INFO] Solution CSV saved → ./results/fft_8/all_solutions_fft8.csv  (30 rows)
[2026-09-26 02:41:54] [INFO] All-generations CSV saved → ./results/fft_8/all_generations_fft8.csv  (64 solutions)
[2026-09-26 02:41:54] [INFO] Compressed 64 solution log(s) → ./results/fft_8/solution_logs_fft8.zip
[2026-09-26 02:41:55] [INFO] RTL zip: 320 file(s) → ./results/fft_8/rtl_fft8.zip
[2026-09-26 02:41:55] [INFO] Results saved to ./results/fft_8  (Pareto front: 5 solutions)
