LOADEV 0 0 3600
LOADEV 1 1 0000
LOADEV 2 2 0000
LOADEV 3 3 0000
LOADEV 4 4 0000
LOADEV 5 5 0000
LOADEV 6 6 0000
LOADEV 7 7 0000
LOADEV 8 8 0000
LOADEV 9 9 0000
LOADEV 10 10 0000
LOADEV 11 11 0000
LOADEV 12 12 0000
LOADEV 13 13 0000
LOADEV 14 14 0000
LOADEV 15 15 0000
LOADEV 16 16 0000
LOADEV 17 17 0000
LOADEV 18 18 0000
LOADEV 19 19 0000
LOADEV 20 20 0000
LOADEV 21 21 0000
LOADEV 22 22 0000
LOADEV 23 23 0000
LOADEV 24 24 0000
LOADEV 25 25 0000
LOADEV 26 26 0000
LOADEV 27 27 0000
LOADEV 28 28 0000
LOADEV 29 29 0000
LOADEV 30 30 0000
LOADEV 31 31 0000
LOADEV 32 32 0000
LOADEV 33 33 0000
LOADEV 34 34 0000
LOADEV 35 35 0000
LOADEV 36 36 0000
LOADEV 37 37 0000
LOADEV 38 38 0000
LOADEV 39 39 0000
LOADEV 40 40 0000
LOADEV 41 41 0000
LOADEV 42 42 0000
LOADEV 43 43 0000
LOADEV 44 44 0000
LOADEV 45 45 0000
LOADEV 46 46 0000
LOADEV 47 47 0000
LOADEV 48 48 0000
LOADEV 49 49 0000
LOADEV 50 50 0000
LOADEV 51 51 0000
LOADEV 52 52 0000
LOADEV 53 53 0000
LOADEV 54 54 0000
LOADEV 55 55 0000
LOADEV 56 56 0000
LOADEV 57 57 0000
LOADEV 58 58 0000
LOADEV 59 59 0000
LOADEV 60 60 0000
LOADEV 61 61 0000
LOADEV 62 62 0000
LOADEV 63 63 0000
LOADEV 64 64 0000
LOADEV 65 65 0000
LOADEV 66 66 0000
LOADEV 67 67 0000
LOADEV 68 68 0000
LOADEV 69 69 0000
LOADEV 70 70 0000
LOADEV 71 71 0000
LOADEV 72 72 0000
LOADEV 73 73 0000
LOADEV 74 74 0000
LOADEV 75 75 0000
LOADEV 76 76 0000
LOADEV 77 77 0000
LOADEV 78 78 0000
LOADEV 79 79 0000
LOADEV 80 80 0000
LOADEV 81 81 0000
LOADEV 82 82 0000
LOADEV 83 83 0000
LOADEV 84 84 0000
LOADEV 85 85 0000
LOADEV 86 86 0000
LOADEV 87 87 0000
LOADEV 88 88 0000
LOADEV 89 89 0000
LOADEV 90 90 0000
LOADEV 91 91 0000
LOADEV 92 92 0000
LOADEV 93 93 0000
LOADEV 94 94 0000
LOADEV 95 95 0000
LOADEV 96 96 0000
LOADEV 97 97 0000
LOADEV 98 98 0000
LOADEV 99 99 0000
LOADEV 100 100 0000
LOADEV 101 101 0000
LOADEV 102 102 0000
LOADEV 103 103 0000
LOADEV 104 104 0000
LOADEV 105 105 0000
LOADEV 106 106 0000
LOADEV 107 107 0000
LOADEV 108 108 0000
LOADEV 109 109 0000
LOADEV 110 110 0000
LOADEV 111 111 0000
LOADEV 112 112 0000
LOADEV 113 113 0000
LOADEV 114 114 0000
LOADEV 115 115 0000
LOADEV 116 116 0000
LOADEV 117 117 0000
LOADEV 118 118 0000
LOADEV 119 119 0000
LOADEV 120 120 0000
LOADEV 121 121 0000
LOADEV 122 122 0000
LOADEV 123 123 0000
LOADEV 124 124 0000
LOADEV 125 125 0000
LOADEV 126 126 0000
LOADEV 127 127 0000
LOADEV 128 128 0000
LOADEV 129 129 0000
LOADEV 130 130 0000
LOADEV 131 131 0000
LOADEV 132 132 0000
LOADEV 133 133 0000
LOADEV 134 134 0000
LOADEV 135 135 0000
LOADEV 136 136 0000
LOADEV 137 137 0000
LOADEV 138 138 0000
LOADEV 139 139 0000
LOADEV 140 140 0000
LOADEV 141 141 0000
LOADEV 142 142 0000
LOADEV 143 143 0000
LOADEV 144 144 0000
LOADEV 145 145 0000
LOADEV 146 146 0000
LOADEV 147 147 0000
LOADEV 148 148 0000
LOADEV 149 149 0000
LOADEV 150 150 0000
LOADEV 151 151 0000
LOADEV 152 152 0000
LOADEV 153 153 0000
LOADEV 154 154 0000
LOADEV 155 155 0000
LOADEV 156 156 0000
LOADEV 157 157 0000
LOADEV 158 158 0000
LOADEV 159 159 0000
LOADEV 160 160 0000
LOADEV 161 161 0000
LOADEV 162 162 0000
LOADEV 163 163 0000
LOADEV 164 164 0000
LOADEV 165 165 0000
LOADEV 166 166 0000
LOADEV 167 167 0000
LOADEV 168 168 0000
LOADEV 169 169 0000
LOADEV 170 170 0000
LOADEV 171 171 0000
LOADEV 172 172 0000
LOADEV 173 173 0000
LOADEV 174 174 0000
LOADEV 175 175 0000
LOADEV 176 176 0000
LOADEV 177 177 0000
LOADEV 178 178 0000
LOADEV 179 179 0000
LOADEV 180 180 0000
LOADEV 181 181 0000
LOADEV 182 182 0000
LOADEV 183 183 0000
LOADEV 184 184 0000
LOADEV 185 185 0000
LOADEV 186 186 0000
LOADEV 187 187 0000
LOADEV 188 188 0000
LOADEV 189 189 0000
LOADEV 190 190 0000
LOADEV 191 191 0000
LOADEV 192 192 0000
LOADEV 193 193 0000
LOADEV 194 194 0000
LOADEV 195 195 0000
LOADEV 196 196 0000
LOADEV 197 197 0000
LOADEV 198 198 0000
LOADEV 199 199 0000
LOADEV 200 200 0000
LOADEV 201 201 0000
LOADEV 202 202 0000
LOADEV 203 203 0000
LOADEV 204 204 0000
LOADEV 205 205 0000
LOADEV 206 206 0000
LOADEV 207 207 0000
LOADEV 208 208 0000
LOADEV 209 209 0000
LOADEV 210 210 0000
LOADEV 211 211 0000
LOADEV 212 212 0000
LOADEV 213 213 0000
LOADEV 214 214 0000
LOADEV 215 215 0000
LOADEV 216 216 0000
LOADEV 217 217 0000
LOADEV 218 218 0000
LOADEV 219 219 0000
LOADEV 220 220 0000
LOADEV 221 221 0000
LOADEV 222 222 0000
LOADEV 223 223 0000
LOADEV 224 224 0000
LOADEV 225 225 0000
LOADEV 226 226 0000
LOADEV 227 227 0000
LOADEV 228 228 0000
LOADEV 229 229 0000
LOADEV 230 230 0000
LOADEV 231 231 0000
LOADEV 232 232 0000
LOADEV 233 233 0000
LOADEV 234 234 0000
LOADEV 235 235 0000
LOADEV 236 236 0000
LOADEV 237 237 0000
LOADEV 238 238 0000
LOADEV 239 239 0000
LOADEV 240 240 0000
LOADEV 241 241 0000
LOADEV 242 242 0000
LOADEV 243 243 0000
LOADEV 244 244 0000
LOADEV 245 245 0000
LOADEV 246 246 0000
LOADEV 247 247 0000
LOADEV 248 248 0000
LOADEV 249 249 0000
LOADEV 250 250 0000
LOADEV 251 251 0000
LOADEV 252 252 0000
LOADEV 253 253 0000
LOADEV 254 254 0000
LOADEV 255 255 0000
STOREV 0 0 3600
STOREV 1 1 3600
STOREV 2 2 3600
STOREV 3 3 3600
STOREV 4 4 3600
STOREV 5 5 3600
STOREV 6 6 3600
STOREV 7 7 3600
STOREV 8 8 3600
STOREV 9 9 3600
STOREV 10 10 3600
STOREV 11 11 3600
STOREV 12 12 3600
STOREV 13 13 3600
STOREV 14 14 3600
STOREV 15 15 3600
STOREV 16 16 3600
STOREV 17 17 3600
STOREV 18 18 3600
STOREV 19 19 3600
STOREV 20 20 3600
STOREV 21 21 3600
STOREV 22 22 3600
STOREV 23 23 3600
STOREV 24 24 3600
STOREV 25 25 3600
STOREV 26 26 3600
STOREV 27 27 3600
STOREV 28 28 3600
STOREV 29 29 3600
STOREV 30 30 3600
STOREV 31 31 3600
STOREV 32 32 3600
STOREV 33 33 3600
STOREV 34 34 3600
STOREV 35 35 3600
STOREV 36 36 3600
STOREV 37 37 3600
STOREV 38 38 3600
STOREV 39 39 3600
STOREV 40 40 3600
STOREV 41 41 3600
STOREV 42 42 3600
STOREV 43 43 3600
STOREV 44 44 3600
STOREV 45 45 3600
STOREV 46 46 3600
STOREV 47 47 3600
STOREV 48 48 3600
STOREV 49 49 3600
STOREV 50 50 3600
STOREV 51 51 3600
STOREV 52 52 3600
STOREV 53 53 3600
STOREV 54 54 3600
STOREV 55 55 3600
STOREV 56 56 3600
STOREV 57 57 3600
STOREV 58 58 3600
STOREV 59 59 3600
STOREV 60 60 3600
STOREV 61 61 3600
STOREV 62 62 3600
STOREV 63 63 3600
STOREV 64 64 3600
STOREV 65 65 3600
STOREV 66 66 3600
STOREV 67 67 3600
STOREV 68 68 3600
STOREV 69 69 3600
STOREV 70 70 3600
STOREV 71 71 3600
STOREV 72 72 3600
STOREV 73 73 3600
STOREV 74 74 3600
STOREV 75 75 3600
STOREV 76 76 3600
STOREV 77 77 3600
STOREV 78 78 3600
STOREV 79 79 3600
STOREV 80 80 3600
STOREV 81 81 3600
STOREV 82 82 3600
STOREV 83 83 3600
STOREV 84 84 3600
STOREV 85 85 3600
STOREV 86 86 3600
STOREV 87 87 3600
STOREV 88 88 3600
STOREV 89 89 3600
STOREV 90 90 3600
STOREV 91 91 3600
STOREV 92 92 3600
STOREV 93 93 3600
STOREV 94 94 3600
STOREV 95 95 3600
STOREV 96 96 3600
STOREV 97 97 3600
STOREV 98 98 3600
STOREV 99 99 3600
STOREV 100 100 3600
STOREV 101 101 3600
STOREV 102 102 3600
STOREV 103 103 3600
STOREV 104 104 3600
STOREV 105 105 3600
STOREV 106 106 3600
STOREV 107 107 3600
STOREV 108 108 3600
STOREV 109 109 3600
STOREV 110 110 3600
STOREV 111 111 3600
STOREV 112 112 3600
STOREV 113 113 3600
STOREV 114 114 3600
STOREV 115 115 3600
STOREV 116 116 3600
STOREV 117 117 3600
STOREV 118 118 3600
STOREV 119 119 3600
STOREV 120 120 3600
STOREV 121 121 3600
STOREV 122 122 3600
STOREV 123 123 3600
STOREV 124 124 3600
STOREV 125 125 3600
STOREV 126 126 3600
STOREV 127 127 3600
STOREV 128 128 3600
STOREV 129 129 3600
STOREV 130 130 3600
STOREV 131 131 3600
STOREV 132 132 3600
STOREV 133 133 3600
STOREV 134 134 3600
STOREV 135 135 3600
STOREV 136 136 3600
STOREV 137 137 3600
STOREV 138 138 3600
STOREV 139 139 3600
STOREV 140 140 3600
STOREV 141 141 3600
STOREV 142 142 3600
STOREV 143 143 3600
STOREV 144 144 3600
STOREV 145 145 3600
STOREV 146 146 3600
STOREV 147 147 3600
STOREV 148 148 3600
STOREV 149 149 3600
STOREV 150 150 3600
STOREV 151 151 3600
STOREV 152 152 3600
STOREV 153 153 3600
STOREV 154 154 3600
STOREV 155 155 3600
STOREV 156 156 3600
STOREV 157 157 3600
STOREV 158 158 3600
STOREV 159 159 3600
STOREV 160 160 3600
STOREV 161 161 3600
STOREV 162 162 3600
STOREV 163 163 3600
STOREV 164 164 3600
STOREV 165 165 3600
STOREV 166 166 3600
STOREV 167 167 3600
STOREV 168 168 3600
STOREV 169 169 3600
STOREV 170 170 3600
STOREV 171 171 3600
STOREV 172 172 3600
STOREV 173 173 3600
STOREV 174 174 3600
STOREV 175 175 3600
STOREV 176 176 3600
STOREV 177 177 3600
STOREV 178 178 3600
STOREV 179 179 3600
STOREV 180 180 3600
STOREV 181 181 3600
STOREV 182 182 3600
STOREV 183 183 3600
STOREV 184 184 3600
STOREV 185 185 3600
STOREV 186 186 3600
STOREV 187 187 3600
STOREV 188 188 3600
STOREV 189 189 3600
STOREV 190 190 3600
STOREV 191 191 3600
STOREV 192 192 3600
STOREV 193 193 3600
STOREV 194 194 3600
STOREV 195 195 3600
STOREV 196 196 3600
STOREV 197 197 3600
STOREV 198 198 3600
STOREV 199 199 3600
STOREV 200 200 3600
STOREV 201 201 3600
STOREV 202 202 3600
STOREV 203 203 3600
STOREV 204 204 3600
STOREV 205 205 3600
STOREV 206 206 3600
STOREV 207 207 3600
STOREV 208 208 3600
STOREV 209 209 3600
STOREV 210 210 3600
STOREV 211 211 3600
STOREV 212 212 3600
STOREV 213 213 3600
STOREV 214 214 3600
STOREV 215 215 3600
STOREV 216 216 3600
STOREV 217 217 3600
STOREV 218 218 3600
STOREV 219 219 3600
STOREV 220 220 3600
STOREV 221 221 3600
STOREV 222 222 3600
STOREV 223 223 3600
STOREV 224 224 3600
STOREV 225 225 3600
STOREV 226 226 3600
STOREV 227 227 3600
STOREV 228 228 3600
STOREV 229 229 3600
STOREV 230 230 3600
STOREV 231 231 3600
STOREV 232 232 3600
STOREV 233 233 3600
STOREV 234 234 3600
STOREV 235 235 3600
STOREV 236 236 3600
STOREV 237 237 3600
STOREV 238 238 3600
STOREV 239 239 3600
STOREV 240 240 3600
STOREV 241 241 3600
STOREV 242 242 3600
STOREV 243 243 3600
STOREV 244 244 3600
STOREV 245 245 3600
STOREV 246 246 3600
STOREV 247 247 3600
STOREV 248 248 3600
STOREV 249 249 3600
STOREV 250 250 3600
STOREV 251 251 3600
STOREV 252 252 3600
STOREV 253 253 3600
STOREV 254 254 3600
STOREV 255 255 3600
LOADEV 256 0 3600
LOADEV 257 1 3200
LOADEV 258 2 8000
LOADEV 259 3 b200
LOADEV 260 4 b600
LOADEV 261 5 b200
LOADEV 262 6 0000
LOADEV 263 7 3200
LOADEV 264 8 3600
LOADEV 265 9 3200
LOADEV 266 10 8000
LOADEV 267 11 b200
LOADEV 268 12 b600
LOADEV 269 13 b200
LOADEV 270 14 0000
LOADEV 271 15 3200
LOADEV 272 16 3600
LOADEV 273 17 3200
LOADEV 274 18 8000
LOADEV 275 19 b200
LOADEV 276 20 b600
LOADEV 277 21 b200
LOADEV 278 22 0000
LOADEV 279 23 3200
LOADEV 280 24 3600
LOADEV 281 25 3200
LOADEV 282 26 8000
LOADEV 283 27 b200
LOADEV 284 28 b600
LOADEV 285 29 b200
LOADEV 286 30 0000
LOADEV 287 31 3200
LOADEV 288 32 3600
LOADEV 289 33 3200
LOADEV 290 34 8000
LOADEV 291 35 b200
LOADEV 292 36 b600
LOADEV 293 37 b200
LOADEV 294 38 0000
LOADEV 295 39 3200
LOADEV 296 40 3600
LOADEV 297 41 3200
LOADEV 298 42 8000
LOADEV 299 43 b200
LOADEV 300 44 b600
LOADEV 301 45 b200
LOADEV 302 46 8000
LOADEV 303 47 3200
LOADEV 304 48 3600
LOADEV 305 49 3200
LOADEV 306 50 8000
LOADEV 307 51 b200
LOADEV 308 52 b600
LOADEV 309 53 b200
LOADEV 310 54 0000
LOADEV 311 55 3200
LOADEV 312 56 3600
LOADEV 313 57 3200
LOADEV 314 58 0000
LOADEV 315 59 b200
LOADEV 316 60 b600
LOADEV 317 61 b200
LOADEV 318 62 0000
LOADEV 319 63 3200
LOADEV 320 64 3600
LOADEV 321 65 3200
LOADEV 322 66 8000
LOADEV 323 67 b200
LOADEV 324 68 b600
LOADEV 325 69 b200
LOADEV 326 70 0000
LOADEV 327 71 3200
LOADEV 328 72 3600
LOADEV 329 73 3200
LOADEV 330 74 8000
LOADEV 331 75 b200
LOADEV 332 76 b600
LOADEV 333 77 b200
LOADEV 334 78 0000
LOADEV 335 79 3200
LOADEV 336 80 3600
LOADEV 337 81 3200
LOADEV 338 82 0000
LOADEV 339 83 b200
LOADEV 340 84 b600
LOADEV 341 85 b200
LOADEV 342 86 0000
LOADEV 343 87 3200
LOADEV 344 88 3600
LOADEV 345 89 3200
LOADEV 346 90 8000
LOADEV 347 91 b200
LOADEV 348 92 b600
LOADEV 349 93 b200
LOADEV 350 94 0000
LOADEV 351 95 3200
LOADEV 352 96 3600
LOADEV 353 97 3200
LOADEV 354 98 8000
LOADEV 355 99 b200
LOADEV 356 100 b600
LOADEV 357 101 b200
LOADEV 358 102 0000
LOADEV 359 103 3200
LOADEV 360 104 3600
LOADEV 361 105 3200
LOADEV 362 106 0000
LOADEV 363 107 b200
LOADEV 364 108 b600
LOADEV 365 109 b200
LOADEV 366 110 0000
LOADEV 367 111 3200
LOADEV 368 112 3600
LOADEV 369 113 3200
LOADEV 370 114 8000
LOADEV 371 115 b200
LOADEV 372 116 b600
LOADEV 373 117 b200
LOADEV 374 118 0000
LOADEV 375 119 3200
LOADEV 376 120 3600
LOADEV 377 121 3200
LOADEV 378 122 8000
LOADEV 379 123 b200
LOADEV 380 124 b600
LOADEV 381 125 b200
LOADEV 382 126 0000
LOADEV 383 127 3200
LOADEV 384 128 3600
LOADEV 385 129 3200
LOADEV 386 130 0000
LOADEV 387 131 b200
LOADEV 388 132 b600
LOADEV 389 133 b200
LOADEV 390 134 0000
LOADEV 391 135 3200
LOADEV 392 136 3600
LOADEV 393 137 3200
LOADEV 394 138 8000
LOADEV 395 139 b200
LOADEV 396 140 b600
LOADEV 397 141 b200
LOADEV 398 142 0000
LOADEV 399 143 3200
LOADEV 400 144 3600
LOADEV 401 145 3200
LOADEV 402 146 8000
LOADEV 403 147 b200
LOADEV 404 148 b600
LOADEV 405 149 b200
LOADEV 406 150 0000
LOADEV 407 151 3200
LOADEV 408 152 3600
LOADEV 409 153 3200
LOADEV 410 154 0000
LOADEV 411 155 b200
LOADEV 412 156 b600
LOADEV 413 157 b200
LOADEV 414 158 0000
LOADEV 415 159 3200
LOADEV 416 160 3600
LOADEV 417 161 3200
LOADEV 418 162 8000
LOADEV 419 163 b200
LOADEV 420 164 b600
LOADEV 421 165 b200
LOADEV 422 166 0000
LOADEV 423 167 3200
LOADEV 424 168 3600
LOADEV 425 169 3200
LOADEV 426 170 0000
LOADEV 427 171 b200
LOADEV 428 172 b600
LOADEV 429 173 b200
LOADEV 430 174 0000
LOADEV 431 175 3200
LOADEV 432 176 3600
LOADEV 433 177 3200
LOADEV 434 178 0000
LOADEV 435 179 b200
LOADEV 436 180 b600
LOADEV 437 181 b200
LOADEV 438 182 0000
LOADEV 439 183 3200
LOADEV 440 184 3600
LOADEV 441 185 3200
LOADEV 442 186 8000
LOADEV 443 187 b200
LOADEV 444 188 b600
LOADEV 445 189 b200
LOADEV 446 190 0000
LOADEV 447 191 3200
LOADEV 448 192 3600
LOADEV 449 193 3200
LOADEV 450 194 8000
LOADEV 451 195 b200
LOADEV 452 196 b600
LOADEV 453 197 b200
LOADEV 454 198 8000
LOADEV 455 199 3200
LOADEV 456 200 3600
LOADEV 457 201 3200
LOADEV 458 202 8000
LOADEV 459 203 b200
LOADEV 460 204 b600
LOADEV 461 205 b200
LOADEV 462 206 0000
LOADEV 463 207 3200
LOADEV 464 208 3600
LOADEV 465 209 3200
LOADEV 466 210 8000
LOADEV 467 211 b200
LOADEV 468 212 b600
LOADEV 469 213 b200
LOADEV 470 214 0000
LOADEV 471 215 3200
LOADEV 472 216 3600
LOADEV 473 217 3200
LOADEV 474 218 0000
LOADEV 475 219 b200
LOADEV 476 220 b600
LOADEV 477 221 b200
LOADEV 478 222 0000
LOADEV 479 223 3200
LOADEV 480 224 3600
LOADEV 481 225 3200
LOADEV 482 226 0000
LOADEV 483 227 b200
LOADEV 484 228 b600
LOADEV 485 229 b200
LOADEV 486 230 0000
LOADEV 487 231 3200
LOADEV 488 232 3600
LOADEV 489 233 3200
LOADEV 490 234 8000
LOADEV 491 235 b200
LOADEV 492 236 b600
LOADEV 493 237 b200
LOADEV 494 238 0000
LOADEV 495 239 3200
LOADEV 496 240 3600
LOADEV 497 241 3200
LOADEV 498 242 8000
LOADEV 499 243 b200
LOADEV 500 244 b600
LOADEV 501 245 b200
LOADEV 502 246 8000
LOADEV 503 247 3200
LOADEV 504 248 3600
LOADEV 505 249 3200
LOADEV 506 250 8000
LOADEV 507 251 b200
LOADEV 508 252 b600
LOADEV 509 253 b200
LOADEV 510 254 0000
LOADEV 511 255 3200
STOREV 256 0 0000
STOREV 257 1 0000
STOREV 258 2 0000
STOREV 259 3 0000
STOREV 260 4 0000
STOREV 261 5 0000
STOREV 262 6 0000
STOREV 263 7 0000
STOREV 264 8 3834
STOREV 265 9 0000
STOREV 266 10 0000
STOREV 267 11 0000
STOREV 268 12 0000
STOREV 269 13 0000
STOREV 270 14 0000
STOREV 271 15 0000
STOREV 272 16 0000
STOREV 273 17 0000
STOREV 274 18 0000
STOREV 275 19 0000
STOREV 276 20 0000
STOREV 277 21 0000
STOREV 278 22 0000
STOREV 279 23 0000
STOREV 280 24 394b
STOREV 281 25 0000
STOREV 282 26 0000
STOREV 283 27 0000
STOREV 284 28 0000
STOREV 285 29 0000
STOREV 286 30 0000
STOREV 287 31 0000
STOREV 288 32 6c00
STOREV 289 33 0000
STOREV 290 34 0000
STOREV 291 35 0000
STOREV 292 36 0000
STOREV 293 37 0000
STOREV 294 38 0000
STOREV 295 39 0000
STOREV 296 40 38cd
STOREV 297 41 0000
STOREV 298 42 0000
STOREV 299 43 0000
STOREV 300 44 0000
STOREV 301 45 0000
STOREV 302 46 0000
STOREV 303 47 0000
STOREV 304 48 0000
STOREV 305 49 0000
STOREV 306 50 0000
STOREV 307 51 0000
STOREV 308 52 0000
STOREV 309 53 0000
STOREV 310 54 0000
STOREV 311 55 0000
STOREV 312 56 38c2
STOREV 313 57 0000
STOREV 314 58 0000
STOREV 315 59 0000
STOREV 316 60 0000
STOREV 317 61 0000
STOREV 318 62 0000
STOREV 319 63 0000
STOREV 320 64 0000
STOREV 321 65 0000
STOREV 322 66 0000
STOREV 323 67 0000
STOREV 324 68 0000
STOREV 325 69 0000
STOREV 326 70 0000
STOREV 327 71 0000
STOREV 328 72 37bd
STOREV 329 73 0000
STOREV 330 74 0000
STOREV 331 75 0000
STOREV 332 76 0000
STOREV 333 77 0000
STOREV 334 78 0000
STOREV 335 79 0000
STOREV 336 80 0000
STOREV 337 81 0000
STOREV 338 82 0000
STOREV 339 83 0000
STOREV 340 84 0000
STOREV 341 85 0000
STOREV 342 86 0000
STOREV 343 87 0000
STOREV 344 88 38bc
STOREV 345 89 0000
STOREV 346 90 0000
STOREV 347 91 0000
STOREV 348 92 0000
STOREV 349 93 0000
STOREV 350 94 0000
STOREV 351 95 0000
STOREV 352 96 4800
STOREV 353 97 0000
STOREV 354 98 0000
STOREV 355 99 0000
STOREV 356 100 0000
STOREV 357 101 0000
STOREV 358 102 0000
STOREV 359 103 0000
STOREV 360 104 3630
STOREV 361 105 0000
STOREV 362 106 0000
STOREV 363 107 0000
STOREV 364 108 0000
STOREV 365 109 0000
STOREV 366 110 0000
STOREV 367 111 0000
STOREV 368 112 0000
STOREV 369 113 0000
STOREV 370 114 0000
STOREV 371 115 0000
STOREV 372 116 0000
STOREV 373 117 0000
STOREV 374 118 0000
STOREV 375 119 0000
STOREV 376 120 3700
STOREV 377 121 0000
STOREV 378 122 0000
STOREV 379 123 0000
STOREV 380 124 0000
STOREV 381 125 0000
STOREV 382 126 0000
STOREV 383 127 0000
STOREV 384 128 0000
STOREV 385 129 0000
STOREV 386 130 0000
STOREV 387 131 0000
STOREV 388 132 0000
STOREV 389 133 0000
STOREV 390 134 0000
STOREV 391 135 0000
STOREV 392 136 3700
STOREV 393 137 0000
STOREV 394 138 0000
STOREV 395 139 0000
STOREV 396 140 0000
STOREV 397 141 0000
STOREV 398 142 0000
STOREV 399 143 0000
STOREV 400 144 0000
STOREV 401 145 0000
STOREV 402 146 0000
STOREV 403 147 0000
STOREV 404 148 0000
STOREV 405 149 0000
STOREV 406 150 0000
STOREV 407 151 0000
STOREV 408 152 36b0
STOREV 409 153 0000
STOREV 410 154 0000
STOREV 411 155 0000
STOREV 412 156 0000
STOREV 413 157 0000
STOREV 414 158 0000
STOREV 415 159 0000
STOREV 416 160 4800
STOREV 417 161 0000
STOREV 418 162 0000
STOREV 419 163 0000
STOREV 420 164 0000
STOREV 421 165 0000
STOREV 422 166 0000
STOREV 423 167 0000
STOREV 424 168 383c
STOREV 425 169 0000
STOREV 426 170 0000
STOREV 427 171 0000
STOREV 428 172 0000
STOREV 429 173 0000
STOREV 430 174 0000
STOREV 431 175 0000
STOREV 432 176 0000
STOREV 433 177 0000
STOREV 434 178 0000
STOREV 435 179 0000
STOREV 436 180 0000
STOREV 437 181 0000
STOREV 438 182 0000
STOREV 439 183 0000
STOREV 440 184 373d
STOREV 441 185 0000
STOREV 442 186 0000
STOREV 443 187 0000
STOREV 444 188 0000
STOREV 445 189 0000
STOREV 446 190 0000
STOREV 447 191 0000
STOREV 448 192 0000
STOREV 449 193 0000
STOREV 450 194 0000
STOREV 451 195 0000
STOREV 452 196 0000
STOREV 453 197 0000
STOREV 454 198 0000
STOREV 455 199 0000
STOREV 456 200 3842
STOREV 457 201 0000
STOREV 458 202 0000
STOREV 459 203 0000
STOREV 460 204 0000
STOREV 461 205 0000
STOREV 462 206 0000
STOREV 463 207 0000
STOREV 464 208 0000
STOREV 465 209 0000
STOREV 466 210 0000
STOREV 467 211 0000
STOREV 468 212 0000
STOREV 469 213 0000
STOREV 470 214 0000
STOREV 471 215 0000
STOREV 472 216 384d
STOREV 473 217 0000
STOREV 474 218 0000
STOREV 475 219 0000
STOREV 476 220 0000
STOREV 477 221 0000
STOREV 478 222 0000
STOREV 479 223 0000
STOREV 480 224 6c00
STOREV 481 225 0000
STOREV 482 226 0000
STOREV 483 227 0000
STOREV 484 228 0000
STOREV 485 229 0000
STOREV 486 230 0000
STOREV 487 231 0000
STOREV 488 232 39cb
STOREV 489 233 0000
STOREV 490 234 0000
STOREV 491 235 0000
STOREV 492 236 0000
STOREV 493 237 0000
STOREV 494 238 0000
STOREV 495 239 0000
STOREV 496 240 0000
STOREV 497 241 0000
STOREV 498 242 0000
STOREV 499 243 0000
STOREV 500 244 0000
STOREV 501 245 0000
STOREV 502 246 0000
STOREV 503 247 0000
STOREV 504 248 38b4
STOREV 505 249 0000
STOREV 506 250 0000
STOREV 507 251 0000
STOREV 508 252 0000
STOREV 509 253 0000
STOREV 510 254 0000
STOREV 511 255 0000
LOADEV 512 0 3600
LOADEV 513 1 361b
LOADEV 514 2 3623
LOADEV 515 3 3628
LOADEV 516 4 352b
LOADEV 517 5 342d
LOADEV 518 6 332f
LOADEV 519 7 3230
LOADEV 520 8 3131
LOADEV 521 9 3032
LOADEV 522 10 2e32
LOADEV 523 11 2b32
LOADEV 524 12 2933
LOADEV 525 13 2533
LOADEV 526 14 2032
LOADEV 527 15 1732
LOADEV 528 16 0031
LOADEV 529 17 9631
LOADEV 530 18 9d30
LOADEV 531 19 a12f
LOADEV 532 20 a32d
LOADEV 533 21 a42b
LOADEV 534 22 a52a
LOADEV 535 23 a528
LOADEV 536 24 a525
LOADEV 537 25 a422
LOADEV 538 26 a31f
LOADEV 539 27 a21a
LOADEV 540 28 a015
LOADEV 541 29 9c0f
LOADEV 542 30 9800
LOADEV 543 31 9000
LOADEV 544 32 8080
LOADEV 545 33 0f00
LOADEV 546 34 1700
LOADEV 547 35 1b0d
LOADEV 548 36 1d13
LOADEV 549 37 1f18
LOADEV 550 38 201b
LOADEV 551 39 211e
LOADEV 552 40 2121
LOADEV 553 41 2022
LOADEV 554 42 1f24
LOADEV 555 43 1e25
LOADEV 556 44 1c26
LOADEV 557 45 1927
LOADEV 558 46 1427
LOADEV 559 47 0c27
LOADEV 560 48 0027
LOADEV 561 49 8c27
LOADEV 562 50 9427
LOADEV 563 51 9826
LOADEV 564 52 9b25
LOADEV 565 53 9c24
LOADEV 566 54 9e22
LOADEV 567 55 9e21
LOADEV 568 56 9f1f
LOADEV 569 57 9e1c
LOADEV 570 58 9d19
LOADEV 571 59 9c15
LOADEV 572 60 9a10
LOADEV 573 61 980a
LOADEV 574 62 9300
LOADEV 575 63 8b00
LOADEV 576 64 8000
LOADEV 577 65 0b00
LOADEV 578 66 1300
LOADEV 579 67 180a
LOADEV 580 68 1a10
LOADEV 581 69 1c15
LOADEV 582 70 1d19
LOADEV 583 71 1e1c
LOADEV 584 72 1f1f
LOADEV 585 73 1e21
LOADEV 586 74 1e22
LOADEV 587 75 1c24
LOADEV 588 76 1b25
LOADEV 589 77 1826
LOADEV 590 78 1427
LOADEV 591 79 0c27
LOADEV 592 80 0027
LOADEV 593 81 8c27
LOADEV 594 82 9427
LOADEV 595 83 9927
LOADEV 596 84 9c26
LOADEV 597 85 9e25
LOADEV 598 86 9f24
LOADEV 599 87 a022
LOADEV 600 88 a121
LOADEV 601 89 a11e
LOADEV 602 90 a01b
LOADEV 603 91 9f18
LOADEV 604 92 9d13
LOADEV 605 93 9b0d
LOADEV 606 94 9700
LOADEV 607 95 8f00
LOADEV 608 96 8000
LOADEV 609 97 1000
LOADEV 610 98 1800
LOADEV 611 99 1c0f
LOADEV 612 100 2015
LOADEV 613 101 221a
LOADEV 614 102 231f
LOADEV 615 103 2422
LOADEV 616 104 2525
LOADEV 617 105 2528
LOADEV 618 106 252a
LOADEV 619 107 242b
LOADEV 620 108 232d
LOADEV 621 109 212f
LOADEV 622 110 1d30
LOADEV 623 111 1631
LOADEV 624 112 8031
LOADEV 625 113 9732
LOADEV 626 114 a032
LOADEV 627 115 a533
LOADEV 628 116 a933
LOADEV 629 117 ab32
LOADEV 630 118 ae32
LOADEV 631 119 b032
LOADEV 632 120 b131
LOADEV 633 121 b230
LOADEV 634 122 b32f
LOADEV 635 123 b42d
LOADEV 636 124 b52b
LOADEV 637 125 b628
LOADEV 638 126 b623
LOADEV 639 127 b61b
LOADEV 640 128 b600
LOADEV 641 129 b69b
LOADEV 642 130 b6a3
LOADEV 643 131 b6a8
LOADEV 644 132 b5ab
LOADEV 645 133 b4ad
LOADEV 646 134 b3af
LOADEV 647 135 b2b0
LOADEV 648 136 b1b1
LOADEV 649 137 b0b2
LOADEV 650 138 aeb2
LOADEV 651 139 abb2
LOADEV 652 140 a9b3
LOADEV 653 141 a5b3
LOADEV 654 142 a0b2
LOADEV 655 143 97b2
LOADEV 656 144 80b1
LOADEV 657 145 16b1
LOADEV 658 146 1db0
LOADEV 659 147 21af
LOADEV 660 148 23ad
LOADEV 661 149 24ab
LOADEV 662 150 25aa
LOADEV 663 151 25a8
LOADEV 664 152 25a5
LOADEV 665 153 24a2
LOADEV 666 154 239f
LOADEV 667 155 229a
LOADEV 668 156 2095
LOADEV 669 157 1c8f
LOADEV 670 158 1880
LOADEV 671 159 1080
LOADEV 672 160 0000
LOADEV 673 161 8f80
LOADEV 674 162 9780
LOADEV 675 163 9b8d
LOADEV 676 164 9d93
LOADEV 677 165 9f98
LOADEV 678 166 a09b
LOADEV 679 167 a19e
LOADEV 680 168 a1a1
LOADEV 681 169 a0a2
LOADEV 682 170 9fa4
LOADEV 683 171 9ea5
LOADEV 684 172 9ca6
LOADEV 685 173 99a7
LOADEV 686 174 94a7
LOADEV 687 175 8ca7
LOADEV 688 176 80a7
LOADEV 689 177 0ca7
LOADEV 690 178 14a7
LOADEV 691 179 18a6
LOADEV 692 180 1ba5
LOADEV 693 181 1ca4
LOADEV 694 182 1ea2
LOADEV 695 183 1ea1
LOADEV 696 184 1f9f
LOADEV 697 185 1e9c
LOADEV 698 186 1d99
LOADEV 699 187 1c95
LOADEV 700 188 1a90
LOADEV 701 189 188a
LOADEV 702 190 1380
LOADEV 703 191 0b80
LOADEV 704 192 0000
LOADEV 705 193 8b80
LOADEV 706 194 9380
LOADEV 707 195 988a
LOADEV 708 196 9a90
LOADEV 709 197 9c95
LOADEV 710 198 9d99
LOADEV 711 199 9e9c
LOADEV 712 200 9f9f
LOADEV 713 201 9ea1
LOADEV 714 202 9ea2
LOADEV 715 203 9ca4
LOADEV 716 204 9ba5
LOADEV 717 205 98a6
LOADEV 718 206 94a7
LOADEV 719 207 8ca7
LOADEV 720 208 80a7
LOADEV 721 209 0ca7
LOADEV 722 210 14a7
LOADEV 723 211 19a7
LOADEV 724 212 1ca6
LOADEV 725 213 1ea5
LOADEV 726 214 1fa4
LOADEV 727 215 20a2
LOADEV 728 216 21a1
LOADEV 729 217 219e
LOADEV 730 218 209b
LOADEV 731 219 1f98
LOADEV 732 220 1d93
LOADEV 733 221 1b8d
LOADEV 734 222 1780
LOADEV 735 223 0f80
LOADEV 736 224 0080
LOADEV 737 225 9080
LOADEV 738 226 9880
LOADEV 739 227 9c8f
LOADEV 740 228 a095
LOADEV 741 229 a29a
LOADEV 742 230 a39f
LOADEV 743 231 a4a2
LOADEV 744 232 a5a5
LOADEV 745 233 a5a8
LOADEV 746 234 a5aa
LOADEV 747 235 a4ab
LOADEV 748 236 a3ad
LOADEV 749 237 a1af
LOADEV 750 238 9db0
LOADEV 751 239 96b1
LOADEV 752 240 80b1
LOADEV 753 241 17b2
LOADEV 754 242 20b2
LOADEV 755 243 25b3
LOADEV 756 244 29b3
LOADEV 757 245 2bb2
LOADEV 758 246 2eb2
LOADEV 759 247 30b2
LOADEV 760 248 31b1
LOADEV 761 249 32b0
LOADEV 762 250 33af
LOADEV 763 251 34ad
LOADEV 764 252 35ab
LOADEV 765 253 36a8
LOADEV 766 254 36a3
LOADEV 767 255 369b
STOREV 512 0 0000
STOREV 513 1 64cc
STOREV 514 2 0000
STOREV 515 3 6645
STOREV 516 4 0000
STOREV 517 5 65c1
STOREV 518 6 0000
STOREV 519 7 6642
STOREV 520 8 0000
STOREV 521 9 4442
STOREV 522 10 0000
STOREV 523 11 aac6
STOREV 524 12 0000
STOREV 525 13 37b0
STOREV 526 14 0000
STOREV 527 15 bda2
STOREV 528 16 0000
STOREV 529 17 c8c5
STOREV 530 18 0000
STOREV 531 19 4c44
STOREV 532 20 0000
STOREV 533 21 3ac2
STOREV 534 22 0000
STOREV 535 23 37b0
STOREV 536 24 0000
STOREV 537 25 452a
STOREV 538 26 0000
STOREV 539 27 9841
STOREV 540 28 0000
STOREV 541 29 3c44
STOREV 542 30 0000
STOREV 543 31 28c2
STOREV 544 32 0000
STOREV 545 33 c3b6
STOREV 546 34 0000
STOREV 547 35 413f
STOREV 548 36 0000
STOREV 549 37 c33a
STOREV 550 38 0000
STOREV 551 39 3a3e
STOREV 552 40 0000
STOREV 553 41 3eb6
STOREV 554 42 0000
STOREV 555 43 c432
STOREV 556 44 0000
STOREV 557 45 b4a0
STOREV 558 46 0000
STOREV 559 47 b228
STOREV 560 48 0000
STOREV 561 49 bc30
STOREV 562 50 0000
STOREV 563 51 3429
STOREV 564 52 0000
STOREV 565 53 b0aa
STOREV 566 54 0000
STOREV 567 55 3634
STOREV 568 56 0000
STOREV 569 57 bd98
STOREV 570 58 0000
STOREV 571 59 9839
STOREV 572 60 0000
STOREV 573 61 ba38
STOREV 574 62 0000
STOREV 575 63 9cb4
STOREV 576 64 0000
STOREV 577 65 a0c2
STOREV 578 66 0000
STOREV 579 67 33ae
STOREV 580 68 0000
STOREV 581 69 bec2
STOREV 582 70 0000
STOREV 583 71 2ab2
STOREV 584 72 0000
STOREV 585 73 acae
STOREV 586 74 0000
STOREV 587 75 aeb5
STOREV 588 76 0000
STOREV 589 77 9032
STOREV 590 78 0000
STOREV 591 79 b338
STOREV 592 80 0000
STOREV 593 81 3cc5
STOREV 594 82 0000
STOREV 595 83 2038
STOREV 596 84 0000
STOREV 597 85 c2ba
STOREV 598 86 0000
STOREV 599 87 3d3a
STOREV 600 88 0000
STOREV 601 89 409c
STOREV 602 90 0000
STOREV 603 91 34b6
STOREV 604 92 0000
STOREV 605 93 a0b9
STOREV 606 94 0000
STOREV 607 95 bc30
STOREV 608 96 0000
STOREV 609 97 382e
STOREV 610 98 0000
STOREV 611 99 3faa
STOREV 612 100 0000
STOREV 613 101 28c2
STOREV 614 102 0000
STOREV 615 103 3abd
STOREV 616 104 0000
STOREV 617 105 383a
STOREV 618 106 0000
STOREV 619 107 282a
STOREV 620 108 0000
STOREV 621 109 3000
STOREV 622 110 0000
STOREV 623 111 2842
STOREV 624 112 0000
STOREV 625 113 b0b2
STOREV 626 114 0000
STOREV 627 115 0038
STOREV 628 116 0000
STOREV 629 117 38c1
STOREV 630 118 0000
STOREV 631 119 c03d
STOREV 632 120 0000
STOREV 633 121 0038
STOREV 634 122 0000
STOREV 635 123 b23c
STOREV 636 124 0000
STOREV 637 125 203f
STOREV 638 126 0000
STOREV 639 127 acbd
STOREV 640 128 0000
STOREV 641 129 40b8
STOREV 642 130 0000
STOREV 643 131 c034
STOREV 644 132 0000
STOREV 645 133 48ba
STOREV 646 134 0000
STOREV 647 135 002c
STOREV 648 136 0000
STOREV 649 137 3b00
STOREV 650 138 0000
STOREV 651 139 23bb
STOREV 652 140 0000
STOREV 653 141 aa2c
STOREV 654 142 0000
STOREV 655 143 a82b
STOREV 656 144 0000
STOREV 657 145 3034
STOREV 658 146 0000
STOREV 659 147 b832
STOREV 660 148 0000
STOREV 661 149 2cc2
STOREV 662 150 0000
STOREV 663 151 c0b0
STOREV 664 152 0000
STOREV 665 153 b42e
STOREV 666 154 0000
STOREV 667 155 3aba
STOREV 668 156 0000
STOREV 669 157 3a36
STOREV 670 158 0000
STOREV 671 159 43b1
STOREV 672 160 0000
STOREV 673 161 009c
STOREV 674 162 0000
STOREV 675 163 0039
STOREV 676 164 0000
STOREV 677 165 b4ba
STOREV 678 166 0000
STOREV 679 167 be3e
STOREV 680 168 0000
STOREV 681 169 c134
STOREV 682 170 0000
STOREV 683 171 0030
STOREV 684 172 0000
STOREV 685 173 4339
STOREV 686 174 0000
STOREV 687 175 abc5
STOREV 688 176 0000
STOREV 689 177 42c5
STOREV 690 178 0000
STOREV 691 179 b82f
STOREV 692 180 0000
STOREV 693 181 a62a
STOREV 694 182 0000
STOREV 695 183 3d26
STOREV 696 184 0000
STOREV 697 185 3618
STOREV 698 186 0000
STOREV 699 187 ae2c
STOREV 700 188 0000
STOREV 701 189 28bc
STOREV 702 190 0000
STOREV 703 191 34ad
STOREV 704 192 0000
STOREV 705 193 40b2
STOREV 706 194 0000
STOREV 707 195 b3aa
STOREV 708 196 0000
STOREV 709 197 3e38
STOREV 710 198 0000
STOREV 711 199 aa3b
STOREV 712 200 0000
STOREV 713 201 443a
STOREV 714 202 0000
STOREV 715 203 3ebc
STOREV 716 204 0000
STOREV 717 205 b230
STOREV 718 206 0000
STOREV 719 207 3aba
STOREV 720 208 0000
STOREV 721 209 383e
STOREV 722 210 0000
STOREV 723 211 c23c
STOREV 724 212 0000
STOREV 725 213 46be
STOREV 726 214 0000
STOREV 727 215 283e
STOREV 728 216 0000
STOREV 729 217 b12b
STOREV 730 218 0000
STOREV 731 219 30bd
STOREV 732 220 0000
STOREV 733 221 3b4a
STOREV 734 222 0000
STOREV 735 223 2e40
STOREV 736 224 0000
STOREV 737 225 4840
STOREV 738 226 0000
STOREV 739 227 c0a4
STOREV 740 228 0000
STOREV 741 229 3a3c
STOREV 742 230 0000
STOREV 743 231 d046
STOREV 744 232 0000
STOREV 745 233 c240
STOREV 746 234 0000
STOREV 747 235 43c0
STOREV 748 236 0000
STOREV 749 237 284c
STOREV 750 238 0000
STOREV 751 239 38d2
STOREV 752 240 0000
STOREV 753 241 492c
STOREV 754 242 0000
STOREV 755 243 ca41
STOREV 756 244 0000
STOREV 757 245 ca28
STOREV 758 246 0000
STOREV 759 247 4242
STOREV 760 248 0000
STOREV 761 249 c850
STOREV 762 250 0000
STOREV 763 251 3bd2
STOREV 764 252 0000
STOREV 765 253 bdbd
STOREV 766 254 0000
STOREV 767 255 44c6
LOADEV 768 0 3600
LOADEV 769 1 3600
LOADEV 770 2 3613
LOADEV 771 3 361d
LOADEV 772 4 3623
LOADEV 773 5 3629
LOADEV 774 6 352c
LOADEV 775 7 3430
LOADEV 776 8 3232
LOADEV 777 9 2f34
LOADEV 778 10 2a36
LOADEV 779 11 1a36
LOADEV 780 12 a336
LOADEV 781 13 ae35
LOADEV 782 14 b332
LOADEV 783 15 b52b
LOADEV 784 16 b680
LOADEV 785 17 b5ab
LOADEV 786 18 b2b3
LOADEV 787 19 a8b6
LOADEV 788 20 23b6
LOADEV 789 21 31b3
LOADEV 790 22 36aa
LOADEV 791 23 3624
LOADEV 792 24 3232
LOADEV 793 25 2336
LOADEV 794 26 ac35
LOADEV 795 27 b52d
LOADEV 796 28 b6a3
LOADEV 797 29 b1b3
LOADEV 798 30 13b6
LOADEV 799 31 32b2
LOADEV 800 32 3600
LOADEV 801 33 3232
LOADEV 802 34 9336
LOADEV 803 35 b331
LOADEV 804 36 b6a3
LOADEV 805 37 adb5
LOADEV 806 38 2cb5
LOADEV 807 39 36a3
LOADEV 808 40 3232
LOADEV 809 41 a436
LOADEV 810 42 b62a
LOADEV 811 43 b3b1
LOADEV 812 44 23b6
LOADEV 813 45 36a8
LOADEV 814 46 3233
LOADEV 815 47 ab35
LOADEV 816 48 b680
LOADEV 817 49 abb5
LOADEV 818 50 33b2
LOADEV 819 51 352e
LOADEV 820 52 a336
LOADEV 821 53 b61a
LOADEV 822 54 aab6
LOADEV 823 55 34af
LOADEV 824 56 3232
LOADEV 825 57 b034
LOADEV 826 58 b5ac
LOADEV 827 59 29b6
LOADEV 828 60 3623
LOADEV 829 61 9d36
LOADEV 830 62 b693
LOADEV 831 63 00b6
LOADEV 832 64 3600
LOADEV 833 65 8036
LOADEV 834 66 b693
LOADEV 835 67 1db6
LOADEV 836 68 3623
LOADEV 837 69 a936
LOADEV 838 70 b5ac
LOADEV 839 71 30b4
LOADEV 840 72 3232
LOADEV 841 73 b42f
LOADEV 842 74 aab6
LOADEV 843 75 369a
LOADEV 844 76 a336
LOADEV 845 77 b5ae
LOADEV 846 78 33b2
LOADEV 847 79 2b35
LOADEV 848 80 b680
LOADEV 849 81 2bb5
LOADEV 850 82 3233
LOADEV 851 83 b628
LOADEV 852 84 23b6
LOADEV 853 85 3331
LOADEV 854 86 b62a
LOADEV 855 87 24b6
LOADEV 856 88 3232
LOADEV 857 89 b623
LOADEV 858 90 2cb5
LOADEV 859 91 2d35
LOADEV 860 92 b6a3
LOADEV 861 93 33b1
LOADEV 862 94 9336
LOADEV 863 95 b2b2
LOADEV 864 96 3600
LOADEV 865 97 b232
LOADEV 866 98 13b6
LOADEV 867 99 3133
LOADEV 868 100 b6a3
LOADEV 869 101 35ad
LOADEV 870 102 ac35
LOADEV 871 103 a3b6
LOADEV 872 104 3232
LOADEV 873 105 b6a4
LOADEV 874 106 36aa
LOADEV 875 107 b133
LOADEV 876 108 23b6
LOADEV 877 109 2836
LOADEV 878 110 b2b3
LOADEV 879 111 352b
LOADEV 880 112 b680
LOADEV 881 113 35ab
LOADEV 882 114 b332
LOADEV 883 115 2eb5
LOADEV 884 116 a336
LOADEV 885 117 9ab6
LOADEV 886 118 2a36
LOADEV 887 119 afb4
LOADEV 888 120 3232
LOADEV 889 121 b4b0
LOADEV 890 122 352c
LOADEV 891 123 b6a9
LOADEV 892 124 3623
LOADEV 893 125 b69d
LOADEV 894 126 3613
LOADEV 895 127 b680
LOADEV 896 128 3600
LOADEV 897 129 b680
LOADEV 898 130 3613
LOADEV 899 131 b69d
LOADEV 900 132 3623
LOADEV 901 133 b6a9
LOADEV 902 134 352c
LOADEV 903 135 b4b0
LOADEV 904 136 3232
LOADEV 905 137 afb4
LOADEV 906 138 2a36
LOADEV 907 139 9ab6
LOADEV 908 140 a336
LOADEV 909 141 2eb5
LOADEV 910 142 b332
LOADEV 911 143 35ab
LOADEV 912 144 b680
LOADEV 913 145 352b
LOADEV 914 146 b2b3
LOADEV 915 147 2836
LOADEV 916 148 23b6
LOADEV 917 149 b133
LOADEV 918 150 36aa
LOADEV 919 151 b6a4
LOADEV 920 152 3232
LOADEV 921 153 a3b6
LOADEV 922 154 ac35
LOADEV 923 155 35ad
LOADEV 924 156 b6a3
LOADEV 925 157 3133
LOADEV 926 158 13b6
LOADEV 927 159 b232
LOADEV 928 160 3600
LOADEV 929 161 b2b2
LOADEV 930 162 9336
LOADEV 931 163 33b1
LOADEV 932 164 b6a3
LOADEV 933 165 2d35
LOADEV 934 166 2cb5
LOADEV 935 167 b623
LOADEV 936 168 3232
LOADEV 937 169 24b6
LOADEV 938 170 b62a
LOADEV 939 171 3331
LOADEV 940 172 23b6
LOADEV 941 173 b628
LOADEV 942 174 3233
LOADEV 943 175 2bb5
LOADEV 944 176 b680
LOADEV 945 177 2b35
LOADEV 946 178 33b2
LOADEV 947 179 b5ae
LOADEV 948 180 a336
LOADEV 949 181 369a
LOADEV 950 182 aab6
LOADEV 951 183 b42f
LOADEV 952 184 3232
LOADEV 953 185 30b4
LOADEV 954 186 b5ac
LOADEV 955 187 a936
LOADEV 956 188 3623
LOADEV 957 189 1db6
LOADEV 958 190 b693
LOADEV 959 191 8036
LOADEV 960 192 3600
LOADEV 961 193 00b6
LOADEV 962 194 b693
LOADEV 963 195 9d36
LOADEV 964 196 3623
LOADEV 965 197 29b6
LOADEV 966 198 b5ac
LOADEV 967 199 b034
LOADEV 968 200 3232
LOADEV 969 201 34af
LOADEV 970 202 aab6
LOADEV 971 203 b61a
LOADEV 972 204 a336
LOADEV 973 205 352e
LOADEV 974 206 33b2
LOADEV 975 207 abb5
LOADEV 976 208 b680
LOADEV 977 209 ab35
LOADEV 978 210 3233
LOADEV 979 211 36a8
LOADEV 980 212 23b6
LOADEV 981 213 b3b1
LOADEV 982 214 b62a
LOADEV 983 215 a436
LOADEV 984 216 3232
LOADEV 985 217 36a3
LOADEV 986 218 2cb5
LOADEV 987 219 adb5
LOADEV 988 220 b6a3
LOADEV 989 221 b331
LOADEV 990 222 9336
LOADEV 991 223 3232
LOADEV 992 224 3600
LOADEV 993 225 32b2
LOADEV 994 226 13b6
LOADEV 995 227 b1b3
LOADEV 996 228 b6a3
LOADEV 997 229 b52d
LOADEV 998 230 ac35
LOADEV 999 231 2336
LOADEV 1000 232 3232
LOADEV 1001 233 3624
LOADEV 1002 234 36aa
LOADEV 1003 235 31b3
LOADEV 1004 236 23b6
LOADEV 1005 237 a8b6
LOADEV 1006 238 b2b3
LOADEV 1007 239 b5ab
LOADEV 1008 240 b600
LOADEV 1009 241 b52b
LOADEV 1010 242 b332
LOADEV 1011 243 ae35
LOADEV 1012 244 a336
LOADEV 1013 245 1a36
LOADEV 1014 246 2a36
LOADEV 1015 247 2f34
LOADEV 1016 248 3232
LOADEV 1017 249 3430
LOADEV 1018 250 352c
LOADEV 1019 251 3629
LOADEV 1020 252 3623
LOADEV 1021 253 361d
LOADEV 1022 254 3613
LOADEV 1023 255 3600
STOREV 768 0 5251
STOREV 769 1 5751
STOREV 770 2 5052
STOREV 771 3 4c48
STOREV 772 4 544e
STOREV 773 5 4f50
STOREV 774 6 5438
STOREV 775 7 5245
STOREV 776 8 56b8
STOREV 777 9 4dbe
STOREV 778 10 52d0
STOREV 779 11 52d7
STOREV 780 12 4ed4
STOREV 781 13 c5d8
STOREV 782 14 00d4
STOREV 783 15 ced2
STOREV 784 16 d0d1
STOREV 785 17 ced0
STOREV 786 18 d4c4
STOREV 787 19 ca42
STOREV 788 20 d052
STOREV 789 21 c84d
STOREV 790 22 4854
STOREV 791 23 5051
STOREV 792 24 5438
STOREV 793 25 4bc8
STOREV 794 26 4cd4
STOREV 795 27 38d0
STOREV 796 28 d2d0
STOREV 797 29 d2c2
STOREV 798 30 d04a
STOREV 799 31 c055
STOREV 800 32 5251
STOREV 801 33 59ca
STOREV 802 34 52d0
STOREV 803 35 bccf
STOREV 804 36 d4ce
STOREV 805 37 d4b0
STOREV 806 38 b854
STOREV 807 39 4a52
STOREV 808 40 56b8
STOREV 809 41 48cc
STOREV 810 42 d0d2
STOREV 811 43 d944
STOREV 812 44 ce54
STOREV 813 45 5650
STOREV 814 46 5400
STOREV 815 47 43d4
STOREV 816 48 d0d1
STOREV 817 49 d2b8
STOREV 818 50 c454
STOREV 819 51 4a3c
STOREV 820 52 50d2
STOREV 821 53 bccf
STOREV 822 54 d448
STOREV 823 55 a852
STOREV 824 56 5438
STOREV 825 57 3acd
STOREV 826 58 d4cc
STOREV 827 59 cc4b
STOREV 828 60 5250
STOREV 829 61 50cc
STOREV 830 62 cad0
STOREV 831 63 d14e
STOREV 832 64 5251
STOREV 833 65 51d7
STOREV 834 66 d0d2
STOREV 835 67 c84c
STOREV 836 68 544e
STOREV 837 69 50cf
STOREV 838 70 d4b8
STOREV 839 71 c552
STOREV 840 72 56b8
STOREV 841 73 becd
STOREV 842 74 d250
STOREV 843 75 5752
STOREV 844 76 4ed4
STOREV 845 77 d845
STOREV 846 78 0054
STOREV 847 79 52ce
STOREV 848 80 d0d1
STOREV 849 81 d04e
STOREV 850 82 5444
STOREV 851 83 c2ca
STOREV 852 84 d052
STOREV 853 85 4d48
STOREV 854 86 c8d4
STOREV 855 87 d150
STOREV 856 88 5438
STOREV 857 89 c8cb
STOREV 858 90 cc54
STOREV 859 91 5038
STOREV 860 92 d2d0
STOREV 861 93 c252
STOREV 862 94 50ca
STOREV 863 95 d5c0
STOREV 864 96 5251
STOREV 865 97 cad9
STOREV 866 98 d250
STOREV 867 99 4fbc
STOREV 868 100 d4ce
STOREV 869 101 b054
STOREV 870 102 38d4
STOREV 871 103 d24a
STOREV 872 104 56b8
STOREV 873 105 ccc8
STOREV 874 106 5052
STOREV 875 107 c4d9
STOREV 876 108 ce54
STOREV 877 109 50d6
STOREV 878 110 d400
STOREV 879 111 5443
STOREV 880 112 d0d1
STOREV 881 113 b852
STOREV 882 114 44d4
STOREV 883 115 bc4a
STOREV 884 116 50d2
STOREV 885 117 cf3c
STOREV 886 118 54c8
STOREV 887 119 d2a8
STOREV 888 120 5438
STOREV 889 121 cdba
STOREV 890 122 544c
STOREV 891 123 cbcc
STOREV 892 124 5250
STOREV 893 125 ccd0
STOREV 894 126 4a50
STOREV 895 127 ced1
STOREV 896 128 5251
STOREV 897 129 d7d1
STOREV 898 130 5052
STOREV 899 131 ccc8
STOREV 900 132 544e
STOREV 901 133 cfd0
STOREV 902 134 5438
STOREV 903 135 d2c5
STOREV 904 136 56b8
STOREV 905 137 cd3e
STOREV 906 138 52d0
STOREV 907 139 d257
STOREV 908 140 4ed4
STOREV 909 141 4558
STOREV 910 142 00d4
STOREV 911 143 4e52
STOREV 912 144 d0d1
STOREV 913 145 4e50
STOREV 914 146 d4c4
STOREV 915 147 4ac2
STOREV 916 148 d052
STOREV 917 149 48cd
STOREV 918 150 4854
STOREV 919 151 d0d1
STOREV 920 152 5438
STOREV 921 153 cb48
STOREV 922 154 4cd4
STOREV 923 155 b850
STOREV 924 156 d2d0
STOREV 925 157 5242
STOREV 926 158 d04a
STOREV 927 159 40d5
STOREV 928 160 5251
STOREV 929 161 d94a
STOREV 930 162 52d0
STOREV 931 163 3c4f
STOREV 932 164 d4ce
STOREV 933 165 5430
STOREV 934 166 b854
STOREV 935 167 cad2
STOREV 936 168 56b8
STOREV 937 169 c84c
STOREV 938 170 d0d2
STOREV 939 171 59c4
STOREV 940 172 ce54
STOREV 941 173 d6d0
STOREV 942 174 5400
STOREV 943 175 c354
STOREV 944 176 d0d1
STOREV 945 177 5238
STOREV 946 178 c454
STOREV 947 179 cabc
STOREV 948 180 50d2
STOREV 949 181 3c4f
STOREV 950 182 d448
STOREV 951 183 28d2
STOREV 952 184 5438
STOREV 953 185 ba4d
STOREV 954 186 d4cc
STOREV 955 187 4ccb
STOREV 956 188 5250
STOREV 957 189 d04c
STOREV 958 190 cad0
STOREV 959 191 51ce
STOREV 960 192 5251
STOREV 961 193 d157
STOREV 962 194 d0d2
STOREV 963 195 48cc
STOREV 964 196 544e
STOREV 965 197 d04f
STOREV 966 198 d4b8
STOREV 967 199 45d2
STOREV 968 200 56b8
STOREV 969 201 3e4d
STOREV 970 202 d250
STOREV 971 203 d7d2
STOREV 972 204 4ed4
STOREV 973 205 58c5
STOREV 974 206 0054
STOREV 975 207 d24e
STOREV 976 208 d0d1
STOREV 977 209 50ce
STOREV 978 210 5444
STOREV 979 211 424a
STOREV 980 212 d052
STOREV 981 213 cdc8
STOREV 982 214 c8d4
STOREV 983 215 51d0
STOREV 984 216 5438
STOREV 985 217 484b
STOREV 986 218 cc54
STOREV 987 219 d0b8
STOREV 988 220 d2d0
STOREV 989 221 42d2
STOREV 990 222 50ca
STOREV 991 223 5540
STOREV 992 224 5251
STOREV 993 225 4a59
STOREV 994 226 d250
STOREV 995 227 cf3c
STOREV 996 228 d4ce
STOREV 997 229 30d4
STOREV 998 230 38d4
STOREV 999 231 52ca
STOREV 1000 232 56b8
STOREV 1001 233 4c48
STOREV 1002 234 5052
STOREV 1003 235 4459
STOREV 1004 236 ce54
STOREV 1005 237 d056
STOREV 1006 238 d400
STOREV 1007 239 d4c3
STOREV 1008 240 d0d1
STOREV 1009 241 38d2
STOREV 1010 242 44d4
STOREV 1011 243 3cca
STOREV 1012 244 50d2
STOREV 1013 245 4fbc
STOREV 1014 246 54c8
STOREV 1015 247 5228
STOREV 1016 248 5438
STOREV 1017 249 4d3a
STOREV 1018 250 544c
STOREV 1019 251 4b4c
STOREV 1020 252 5250
STOREV 1021 253 4c50
STOREV 1022 254 4a50
STOREV 1023 255 4e51
LOADEV 1024 0 3600
LOADEV 1025 1 8036
LOADEV 1026 2 b680
LOADEV 1027 3 00b6
LOADEV 1028 4 3600
LOADEV 1029 5 8036
LOADEV 1030 6 b680
LOADEV 1031 7 00b6
LOADEV 1032 8 3600
LOADEV 1033 9 8036
LOADEV 1034 10 b680
LOADEV 1035 11 00b6
LOADEV 1036 12 3600
LOADEV 1037 13 8036
LOADEV 1038 14 b680
LOADEV 1039 15 00b6
LOADEV 1040 16 3600
LOADEV 1041 17 8036
LOADEV 1042 18 b680
LOADEV 1043 19 00b6
LOADEV 1044 20 3600
LOADEV 1045 21 8036
LOADEV 1046 22 b680
LOADEV 1047 23 80b6
LOADEV 1048 24 3600
LOADEV 1049 25 8036
LOADEV 1050 26 b680
LOADEV 1051 27 00b6
LOADEV 1052 28 3600
LOADEV 1053 29 0036
LOADEV 1054 30 b680
LOADEV 1055 31 00b6
LOADEV 1056 32 3600
LOADEV 1057 33 8036
LOADEV 1058 34 b680
LOADEV 1059 35 00b6
LOADEV 1060 36 3600
LOADEV 1061 37 8036
LOADEV 1062 38 b680
LOADEV 1063 39 00b6
LOADEV 1064 40 3600
LOADEV 1065 41 0036
LOADEV 1066 42 b680
LOADEV 1067 43 00b6
LOADEV 1068 44 3600
LOADEV 1069 45 8036
LOADEV 1070 46 b600
LOADEV 1071 47 00b6
LOADEV 1072 48 3600
LOADEV 1073 49 8036
LOADEV 1074 50 b680
LOADEV 1075 51 00b6
LOADEV 1076 52 3600
LOADEV 1077 53 0036
LOADEV 1078 54 b680
LOADEV 1079 55 00b6
LOADEV 1080 56 3600
LOADEV 1081 57 8036
LOADEV 1082 58 b600
LOADEV 1083 59 00b6
LOADEV 1084 60 3600
LOADEV 1085 61 8036
LOADEV 1086 62 b680
LOADEV 1087 63 00b6
LOADEV 1088 64 3600
LOADEV 1089 65 0036
LOADEV 1090 66 b680
LOADEV 1091 67 00b6
LOADEV 1092 68 3600
LOADEV 1093 69 8036
LOADEV 1094 70 b680
LOADEV 1095 71 00b6
LOADEV 1096 72 3600
LOADEV 1097 73 8036
LOADEV 1098 74 b680
LOADEV 1099 75 00b6
LOADEV 1100 76 3600
LOADEV 1101 77 0036
LOADEV 1102 78 b680
LOADEV 1103 79 00b6
LOADEV 1104 80 3600
LOADEV 1105 81 8036
LOADEV 1106 82 b600
LOADEV 1107 83 00b6
LOADEV 1108 84 3600
LOADEV 1109 85 0036
LOADEV 1110 86 b680
LOADEV 1111 87 00b6
LOADEV 1112 88 3600
LOADEV 1113 89 0036
LOADEV 1114 90 b680
LOADEV 1115 91 00b6
LOADEV 1116 92 3680
LOADEV 1117 93 8036
LOADEV 1118 94 b680
LOADEV 1119 95 00b6
LOADEV 1120 96 3600
LOADEV 1121 97 8036
LOADEV 1122 98 b680
LOADEV 1123 99 80b6
LOADEV 1124 100 3600
LOADEV 1125 101 8036
LOADEV 1126 102 b680
LOADEV 1127 103 00b6
LOADEV 1128 104 3600
LOADEV 1129 105 8036
LOADEV 1130 106 b600
LOADEV 1131 107 00b6
LOADEV 1132 108 3600
LOADEV 1133 109 0036
LOADEV 1134 110 b680
LOADEV 1135 111 00b6
LOADEV 1136 112 3600
LOADEV 1137 113 0036
LOADEV 1138 114 b680
LOADEV 1139 115 00b6
LOADEV 1140 116 3680
LOADEV 1141 117 8036
LOADEV 1142 118 b680
LOADEV 1143 119 00b6
LOADEV 1144 120 3600
LOADEV 1145 121 8036
LOADEV 1146 122 b680
LOADEV 1147 123 80b6
LOADEV 1148 124 3600
LOADEV 1149 125 8036
LOADEV 1150 126 b680
LOADEV 1151 127 00b6
LOADEV 1152 128 3600
LOADEV 1153 129 8036
LOADEV 1154 130 b600
LOADEV 1155 131 00b6
LOADEV 1156 132 3600
LOADEV 1157 133 8036
LOADEV 1158 134 b680
LOADEV 1159 135 00b6
LOADEV 1160 136 3600
LOADEV 1161 137 0036
LOADEV 1162 138 b680
LOADEV 1163 139 00b6
LOADEV 1164 140 3600
LOADEV 1165 141 8036
LOADEV 1166 142 b680
LOADEV 1167 143 00b6
LOADEV 1168 144 3600
LOADEV 1169 145 8036
LOADEV 1170 146 b680
LOADEV 1171 147 00b6
LOADEV 1172 148 3600
LOADEV 1173 149 8036
LOADEV 1174 150 b680
LOADEV 1175 151 00b6
LOADEV 1176 152 3600
LOADEV 1177 153 8036
LOADEV 1178 154 b600
LOADEV 1179 155 00b6
LOADEV 1180 156 3600
LOADEV 1181 157 8036
LOADEV 1182 158 b680
LOADEV 1183 159 00b6
LOADEV 1184 160 3600
LOADEV 1185 161 8036
LOADEV 1186 162 b680
LOADEV 1187 163 80b6
LOADEV 1188 164 3680
LOADEV 1189 165 8036
LOADEV 1190 166 b680
LOADEV 1191 167 00b6
LOADEV 1192 168 3600
LOADEV 1193 169 8036
LOADEV 1194 170 b600
LOADEV 1195 171 80b6
LOADEV 1196 172 3600
LOADEV 1197 173 8036
LOADEV 1198 174 b680
LOADEV 1199 175 00b6
LOADEV 1200 176 3600
LOADEV 1201 177 0036
LOADEV 1202 178 b600
LOADEV 1203 179 00b6
LOADEV 1204 180 3600
LOADEV 1205 181 8036
LOADEV 1206 182 b680
LOADEV 1207 183 00b6
LOADEV 1208 184 3680
LOADEV 1209 185 8036
LOADEV 1210 186 b680
LOADEV 1211 187 00b6
LOADEV 1212 188 3600
LOADEV 1213 189 8036
LOADEV 1214 190 b680
LOADEV 1215 191 80b6
LOADEV 1216 192 3600
LOADEV 1217 193 8036
LOADEV 1218 194 b680
LOADEV 1219 195 00b6
LOADEV 1220 196 3600
LOADEV 1221 197 8036
LOADEV 1222 198 b600
LOADEV 1223 199 00b6
LOADEV 1224 200 3600
LOADEV 1225 201 8036
LOADEV 1226 202 b680
LOADEV 1227 203 00b6
LOADEV 1228 204 3600
LOADEV 1229 205 0036
LOADEV 1230 206 b680
LOADEV 1231 207 00b6
LOADEV 1232 208 3600
LOADEV 1233 209 8036
LOADEV 1234 210 b680
LOADEV 1235 211 00b6
LOADEV 1236 212 3680
LOADEV 1237 213 8036
LOADEV 1238 214 b680
LOADEV 1239 215 00b6
LOADEV 1240 216 3600
LOADEV 1241 217 8036
LOADEV 1242 218 b600
LOADEV 1243 219 80b6
LOADEV 1244 220 3600
LOADEV 1245 221 8036
LOADEV 1246 222 b680
LOADEV 1247 223 00b6
LOADEV 1248 224 3600
LOADEV 1249 225 0036
LOADEV 1250 226 b600
LOADEV 1251 227 00b6
LOADEV 1252 228 3600
LOADEV 1253 229 8036
LOADEV 1254 230 b680
LOADEV 1255 231 00b6
LOADEV 1256 232 3680
LOADEV 1257 233 8036
LOADEV 1258 234 b680
LOADEV 1259 235 00b6
LOADEV 1260 236 3600
LOADEV 1261 237 8036
LOADEV 1262 238 b680
LOADEV 1263 239 80b6
LOADEV 1264 240 3600
LOADEV 1265 241 8036
LOADEV 1266 242 b680
LOADEV 1267 243 00b6
LOADEV 1268 244 3600
LOADEV 1269 245 8036
LOADEV 1270 246 b600
LOADEV 1271 247 00b6
LOADEV 1272 248 3600
LOADEV 1273 249 8036
LOADEV 1274 250 b680
LOADEV 1275 251 00b6
LOADEV 1276 252 3600
LOADEV 1277 253 0036
LOADEV 1278 254 b680
LOADEV 1279 255 00b6
STOREV 1024 0 0000
STOREV 1025 1 0000
STOREV 1026 2 0000
STOREV 1027 3 0000
STOREV 1028 4 0000
STOREV 1029 5 0000
STOREV 1030 6 0000
STOREV 1031 7 0000
STOREV 1032 8 3a37
STOREV 1033 9 0000
STOREV 1034 10 0000
STOREV 1035 11 0000
STOREV 1036 12 0000
STOREV 1037 13 0000
STOREV 1038 14 0000
STOREV 1039 15 0000
STOREV 1040 16 0000
STOREV 1041 17 0000
STOREV 1042 18 0000
STOREV 1043 19 0000
STOREV 1044 20 0000
STOREV 1045 21 0000
STOREV 1046 22 0000
STOREV 1047 23 0000
STOREV 1048 24 383e
STOREV 1049 25 0000
STOREV 1050 26 0000
STOREV 1051 27 0000
STOREV 1052 28 0000
STOREV 1053 29 0000
STOREV 1054 30 0000
STOREV 1055 31 0000
STOREV 1056 32 0000
STOREV 1057 33 0000
STOREV 1058 34 0000
STOREV 1059 35 0000
STOREV 1060 36 0000
STOREV 1061 37 0000
STOREV 1062 38 0000
STOREV 1063 39 0000
STOREV 1064 40 3844
STOREV 1065 41 0000
STOREV 1066 42 0000
STOREV 1067 43 0000
STOREV 1068 44 0000
STOREV 1069 45 0000
STOREV 1070 46 0000
STOREV 1071 47 0000
STOREV 1072 48 0000
STOREV 1073 49 0000
STOREV 1074 50 0000
STOREV 1075 51 0000
STOREV 1076 52 0000
STOREV 1077 53 0000
STOREV 1078 54 0000
STOREV 1079 55 0000
STOREV 1080 56 3852
STOREV 1081 57 0000
STOREV 1082 58 0000
STOREV 1083 59 0000
STOREV 1084 60 0000
STOREV 1085 61 0000
STOREV 1086 62 0000
STOREV 1087 63 0000
STOREV 1088 64 7500
STOREV 1089 65 0000
STOREV 1090 66 0000
STOREV 1091 67 0000
STOREV 1092 68 0000
STOREV 1093 69 0000
STOREV 1094 70 0000
STOREV 1095 71 0000
STOREV 1096 72 38d2
STOREV 1097 73 0000
STOREV 1098 74 0000
STOREV 1099 75 0000
STOREV 1100 76 0000
STOREV 1101 77 0000
STOREV 1102 78 0000
STOREV 1103 79 0000
STOREV 1104 80 0000
STOREV 1105 81 0000
STOREV 1106 82 0000
STOREV 1107 83 0000
STOREV 1108 84 0000
STOREV 1109 85 0000
STOREV 1110 86 0000
STOREV 1111 87 0000
STOREV 1112 88 38c4
STOREV 1113 89 0000
STOREV 1114 90 0000
STOREV 1115 91 0000
STOREV 1116 92 0000
STOREV 1117 93 0000
STOREV 1118 94 0000
STOREV 1119 95 0000
STOREV 1120 96 0000
STOREV 1121 97 0000
STOREV 1122 98 0000
STOREV 1123 99 0000
STOREV 1124 100 0000
STOREV 1125 101 0000
STOREV 1126 102 0000
STOREV 1127 103 0000
STOREV 1128 104 38be
STOREV 1129 105 0000
STOREV 1130 106 0000
STOREV 1131 107 0000
STOREV 1132 108 0000
STOREV 1133 109 0000
STOREV 1134 110 0000
STOREV 1135 111 0000
STOREV 1136 112 0000
STOREV 1137 113 0000
STOREV 1138 114 0000
STOREV 1139 115 0000
STOREV 1140 116 0000
STOREV 1141 117 0000
STOREV 1142 118 0000
STOREV 1143 119 0000
STOREV 1144 120 3ab7
STOREV 1145 121 0000
STOREV 1146 122 0000
STOREV 1147 123 0000
STOREV 1148 124 0000
STOREV 1149 125 0000
STOREV 1150 126 0000
STOREV 1151 127 0000
STOREV 1152 128 0000
STOREV 1153 129 0000
STOREV 1154 130 0000
STOREV 1155 131 0000
STOREV 1156 132 0000
STOREV 1157 133 0000
STOREV 1158 134 0000
STOREV 1159 135 0000
STOREV 1160 136 35b7
STOREV 1161 137 0000
STOREV 1162 138 0000
STOREV 1163 139 0000
STOREV 1164 140 0000
STOREV 1165 141 0000
STOREV 1166 142 0000
STOREV 1167 143 0000
STOREV 1168 144 0000
STOREV 1169 145 0000
STOREV 1170 146 0000
STOREV 1171 147 0000
STOREV 1172 148 0000
STOREV 1173 149 0000
STOREV 1174 150 0000
STOREV 1175 151 0000
STOREV 1176 152 37b0
STOREV 1177 153 0000
STOREV 1178 154 0000
STOREV 1179 155 0000
STOREV 1180 156 0000
STOREV 1181 157 0000
STOREV 1182 158 0000
STOREV 1183 159 0000
STOREV 1184 160 0000
STOREV 1185 161 0000
STOREV 1186 162 0000
STOREV 1187 163 0000
STOREV 1188 164 0000
STOREV 1189 165 0000
STOREV 1190 166 0000
STOREV 1191 167 0000
STOREV 1192 168 37ac
STOREV 1193 169 0000
STOREV 1194 170 0000
STOREV 1195 171 0000
STOREV 1196 172 0000
STOREV 1197 173 0000
STOREV 1198 174 0000
STOREV 1199 175 0000
STOREV 1200 176 0000
STOREV 1201 177 0000
STOREV 1202 178 0000
STOREV 1203 179 0000
STOREV 1204 180 0000
STOREV 1205 181 0000
STOREV 1206 182 0000
STOREV 1207 183 0000
STOREV 1208 184 3830
STOREV 1209 185 0000
STOREV 1210 186 0000
STOREV 1211 187 0000
STOREV 1212 188 0000
STOREV 1213 189 0000
STOREV 1214 190 0000
STOREV 1215 191 0000
STOREV 1216 192 0000
STOREV 1217 193 0000
STOREV 1218 194 0000
STOREV 1219 195 0000
STOREV 1220 196 0000
STOREV 1221 197 0000
STOREV 1222 198 0000
STOREV 1223 199 0000
STOREV 1224 200 38b0
STOREV 1225 201 0000
STOREV 1226 202 0000
STOREV 1227 203 0000
STOREV 1228 204 0000
STOREV 1229 205 0000
STOREV 1230 206 0000
STOREV 1231 207 0000
STOREV 1232 208 0000
STOREV 1233 209 0000
STOREV 1234 210 0000
STOREV 1235 211 0000
STOREV 1236 212 0000
STOREV 1237 213 0000
STOREV 1238 214 0000
STOREV 1239 215 0000
STOREV 1240 216 372c
STOREV 1241 217 0000
STOREV 1242 218 0000
STOREV 1243 219 0000
STOREV 1244 220 0000
STOREV 1245 221 0000
STOREV 1246 222 0000
STOREV 1247 223 0000
STOREV 1248 224 0000
STOREV 1249 225 0000
STOREV 1250 226 0000
STOREV 1251 227 0000
STOREV 1252 228 0000
STOREV 1253 229 0000
STOREV 1254 230 0000
STOREV 1255 231 0000
STOREV 1256 232 3730
STOREV 1257 233 0000
STOREV 1258 234 0000
STOREV 1259 235 0000
STOREV 1260 236 0000
STOREV 1261 237 0000
STOREV 1262 238 0000
STOREV 1263 239 0000
STOREV 1264 240 0000
STOREV 1265 241 0000
STOREV 1266 242 0000
STOREV 1267 243 0000
STOREV 1268 244 0000
STOREV 1269 245 0000
STOREV 1270 246 0000
STOREV 1271 247 0000
STOREV 1272 248 3537
STOREV 1273 249 0000
STOREV 1274 250 0000
STOREV 1275 251 0000
STOREV 1276 252 0000
STOREV 1277 253 0000
STOREV 1278 254 0000
STOREV 1279 255 0000
LOADEV 1280 0 3600
LOADEV 1281 1 3600
LOADEV 1282 2 3600
LOADEV 1283 3 3600
LOADEV 1284 4 3600
LOADEV 1285 5 3600
LOADEV 1286 6 3600
LOADEV 1287 7 3600
LOADEV 1288 8 3600
LOADEV 1289 9 3600
LOADEV 1290 10 3600
LOADEV 1291 11 3600
LOADEV 1292 12 3600
LOADEV 1293 13 3600
LOADEV 1294 14 3600
LOADEV 1295 15 3600
LOADEV 1296 16 3600
LOADEV 1297 17 3600
LOADEV 1298 18 3600
LOADEV 1299 19 3600
LOADEV 1300 20 3600
LOADEV 1301 21 3600
LOADEV 1302 22 3600
LOADEV 1303 23 3600
LOADEV 1304 24 3600
LOADEV 1305 25 3600
LOADEV 1306 26 3600
LOADEV 1307 27 3600
LOADEV 1308 28 3600
LOADEV 1309 29 3600
LOADEV 1310 30 3600
LOADEV 1311 31 3600
LOADEV 1312 32 3600
LOADEV 1313 33 3600
LOADEV 1314 34 3600
LOADEV 1315 35 3600
LOADEV 1316 36 3600
LOADEV 1317 37 3600
LOADEV 1318 38 3600
LOADEV 1319 39 3600
LOADEV 1320 40 3600
LOADEV 1321 41 3600
LOADEV 1322 42 3600
LOADEV 1323 43 3600
LOADEV 1324 44 3600
LOADEV 1325 45 3600
LOADEV 1326 46 3600
LOADEV 1327 47 3600
LOADEV 1328 48 3600
LOADEV 1329 49 3600
LOADEV 1330 50 3600
LOADEV 1331 51 3600
LOADEV 1332 52 3600
LOADEV 1333 53 3600
LOADEV 1334 54 3600
LOADEV 1335 55 3600
LOADEV 1336 56 3600
LOADEV 1337 57 3600
LOADEV 1338 58 3600
LOADEV 1339 59 3600
LOADEV 1340 60 3600
LOADEV 1341 61 3600
LOADEV 1342 62 3600
LOADEV 1343 63 3600
LOADEV 1344 64 3600
LOADEV 1345 65 3600
LOADEV 1346 66 3600
LOADEV 1347 67 3600
LOADEV 1348 68 3600
LOADEV 1349 69 3600
LOADEV 1350 70 3600
LOADEV 1351 71 3600
LOADEV 1352 72 3600
LOADEV 1353 73 3600
LOADEV 1354 74 3600
LOADEV 1355 75 3600
LOADEV 1356 76 3600
LOADEV 1357 77 3600
LOADEV 1358 78 3600
LOADEV 1359 79 3600
LOADEV 1360 80 3600
LOADEV 1361 81 3600
LOADEV 1362 82 3600
LOADEV 1363 83 3600
LOADEV 1364 84 3600
LOADEV 1365 85 3600
LOADEV 1366 86 3600
LOADEV 1367 87 3600
LOADEV 1368 88 3600
LOADEV 1369 89 3600
LOADEV 1370 90 3600
LOADEV 1371 91 3600
LOADEV 1372 92 3600
LOADEV 1373 93 3600
LOADEV 1374 94 3600
LOADEV 1375 95 3600
LOADEV 1376 96 3600
LOADEV 1377 97 3600
LOADEV 1378 98 3600
LOADEV 1379 99 3600
LOADEV 1380 100 3600
LOADEV 1381 101 3600
LOADEV 1382 102 3600
LOADEV 1383 103 3600
LOADEV 1384 104 3600
LOADEV 1385 105 3600
LOADEV 1386 106 3600
LOADEV 1387 107 3600
LOADEV 1388 108 3600
LOADEV 1389 109 3600
LOADEV 1390 110 3600
LOADEV 1391 111 3600
LOADEV 1392 112 3600
LOADEV 1393 113 3600
LOADEV 1394 114 3600
LOADEV 1395 115 3600
LOADEV 1396 116 3600
LOADEV 1397 117 3600
LOADEV 1398 118 3600
LOADEV 1399 119 3600
LOADEV 1400 120 3600
LOADEV 1401 121 3600
LOADEV 1402 122 3600
LOADEV 1403 123 3600
LOADEV 1404 124 3600
LOADEV 1405 125 3600
LOADEV 1406 126 3600
LOADEV 1407 127 3600
LOADEV 1408 128 b600
LOADEV 1409 129 b600
LOADEV 1410 130 b600
LOADEV 1411 131 b600
LOADEV 1412 132 b600
LOADEV 1413 133 b600
LOADEV 1414 134 b600
LOADEV 1415 135 b600
LOADEV 1416 136 b600
LOADEV 1417 137 b600
LOADEV 1418 138 b600
LOADEV 1419 139 b600
LOADEV 1420 140 b600
LOADEV 1421 141 b600
LOADEV 1422 142 b600
LOADEV 1423 143 b600
LOADEV 1424 144 b600
LOADEV 1425 145 b600
LOADEV 1426 146 b600
LOADEV 1427 147 b600
LOADEV 1428 148 b600
LOADEV 1429 149 b600
LOADEV 1430 150 b600
LOADEV 1431 151 b600
LOADEV 1432 152 b600
LOADEV 1433 153 b600
LOADEV 1434 154 b600
LOADEV 1435 155 b600
LOADEV 1436 156 b600
LOADEV 1437 157 b600
LOADEV 1438 158 b600
LOADEV 1439 159 b600
LOADEV 1440 160 b600
LOADEV 1441 161 b600
LOADEV 1442 162 b600
LOADEV 1443 163 b600
LOADEV 1444 164 b600
LOADEV 1445 165 b600
LOADEV 1446 166 b600
LOADEV 1447 167 b600
LOADEV 1448 168 b600
LOADEV 1449 169 b600
LOADEV 1450 170 b600
LOADEV 1451 171 b600
LOADEV 1452 172 b600
LOADEV 1453 173 b600
LOADEV 1454 174 b600
LOADEV 1455 175 b600
LOADEV 1456 176 b600
LOADEV 1457 177 b600
LOADEV 1458 178 b600
LOADEV 1459 179 b600
LOADEV 1460 180 b600
LOADEV 1461 181 b600
LOADEV 1462 182 b600
LOADEV 1463 183 b600
LOADEV 1464 184 b600
LOADEV 1465 185 b600
LOADEV 1466 186 b600
LOADEV 1467 187 b600
LOADEV 1468 188 b600
LOADEV 1469 189 b600
LOADEV 1470 190 b600
LOADEV 1471 191 b600
LOADEV 1472 192 b600
LOADEV 1473 193 b600
LOADEV 1474 194 b600
LOADEV 1475 195 b600
LOADEV 1476 196 b600
LOADEV 1477 197 b600
LOADEV 1478 198 b600
LOADEV 1479 199 b600
LOADEV 1480 200 b600
LOADEV 1481 201 b600
LOADEV 1482 202 b600
LOADEV 1483 203 b600
LOADEV 1484 204 b600
LOADEV 1485 205 b600
LOADEV 1486 206 b600
LOADEV 1487 207 b600
LOADEV 1488 208 b600
LOADEV 1489 209 b600
LOADEV 1490 210 b600
LOADEV 1491 211 b600
LOADEV 1492 212 b600
LOADEV 1493 213 b600
LOADEV 1494 214 b600
LOADEV 1495 215 b600
LOADEV 1496 216 b600
LOADEV 1497 217 b600
LOADEV 1498 218 b600
LOADEV 1499 219 b600
LOADEV 1500 220 b600
LOADEV 1501 221 b600
LOADEV 1502 222 b600
LOADEV 1503 223 b600
LOADEV 1504 224 b600
LOADEV 1505 225 b600
LOADEV 1506 226 b600
LOADEV 1507 227 b600
LOADEV 1508 228 b600
LOADEV 1509 229 b600
LOADEV 1510 230 b600
LOADEV 1511 231 b600
LOADEV 1512 232 b600
LOADEV 1513 233 b600
LOADEV 1514 234 b600
LOADEV 1515 235 b600
LOADEV 1516 236 b600
LOADEV 1517 237 b600
LOADEV 1518 238 b600
LOADEV 1519 239 b600
LOADEV 1520 240 b600
LOADEV 1521 241 b600
LOADEV 1522 242 b600
LOADEV 1523 243 b600
LOADEV 1524 244 b600
LOADEV 1525 245 b600
LOADEV 1526 246 b600
LOADEV 1527 247 b600
LOADEV 1528 248 b600
LOADEV 1529 249 b600
LOADEV 1530 250 b600
LOADEV 1531 251 b600
LOADEV 1532 252 b600
LOADEV 1533 253 b600
LOADEV 1534 254 b600
LOADEV 1535 255 b600
STOREV 1280 0 0000
STOREV 1281 1 e4ee
STOREV 1282 2 0000
STOREV 1283 3 58e6
STOREV 1284 4 0000
STOREV 1285 5 d2d4
STOREV 1286 6 0000
STOREV 1287 7 56e6
STOREV 1288 8 0000
STOREV 1289 9 a8e4
STOREV 1290 10 0000
STOREV 1291 11 4cca
STOREV 1292 12 0000
STOREV 1293 13 b2d6
STOREV 1294 14 0000
STOREV 1295 15 4ec9
STOREV 1296 16 0000
STOREV 1297 17 c6cd
STOREV 1298 18 0000
STOREV 1299 19 4ad1
STOREV 1300 20 0000
STOREV 1301 21 c0c6
STOREV 1302 22 0000
STOREV 1303 23 51d8
STOREV 1304 24 0000
STOREV 1305 25 49d8
STOREV 1306 26 0000
STOREV 1307 27 42bb
STOREV 1308 28 0000
STOREV 1309 29 40cb
STOREV 1310 30 0000
STOREV 1311 31 46b9
STOREV 1312 32 0000
STOREV 1313 33 bbc4
STOREV 1314 34 0000
STOREV 1315 35 44c8
STOREV 1316 36 0000
STOREV 1317 37 b2c0
STOREV 1318 38 0000
STOREV 1319 39 4ed2
STOREV 1320 40 0000
STOREV 1321 41 48d3
STOREV 1322 42 0000
STOREV 1323 43 40b2
STOREV 1324 44 0000
STOREV 1325 45 37c9
STOREV 1326 46 0000
STOREV 1327 47 42b4
STOREV 1328 48 0000
STOREV 1329 49 b4c2
STOREV 1330 50 0000
STOREV 1331 51 43c4
STOREV 1332 52 0000
STOREV 1333 53 aabe
STOREV 1334 54 0000
STOREV 1335 55 4eca
STOREV 1336 56 0000
STOREV 1337 57 4ace
STOREV 1338 58 0000
STOREV 1339 59 3818
STOREV 1340 60 0000
STOREV 1341 61 42c1
STOREV 1342 62 0000
STOREV 1343 63 3f40
STOREV 1344 64 0000
STOREV 1345 65 bfc0
STOREV 1346 66 0000
STOREV 1347 67 42c1
STOREV 1348 68 0000
STOREV 1349 69 00b7
STOREV 1350 70 0000
STOREV 1351 71 4cc4
STOREV 1352 72 0000
STOREV 1353 73 48ca
STOREV 1354 74 0000
STOREV 1355 75 3a28
STOREV 1356 76 0000
STOREV 1357 77 41c0
STOREV 1358 78 0000
STOREV 1359 79 3e30
STOREV 1360 80 0000
STOREV 1361 81 32be
STOREV 1362 82 0000
STOREV 1363 83 43b0
STOREV 1364 84 0000
STOREV 1365 85 2cbb
STOREV 1366 86 0000
STOREV 1367 87 4cc4
STOREV 1368 88 0000
STOREV 1369 89 4ac6
STOREV 1370 90 0000
STOREV 1371 91 392a
STOREV 1372 92 0000
STOREV 1373 93 40ba
STOREV 1374 94 0000
STOREV 1375 95 3b32
STOREV 1376 96 0000
STOREV 1377 97 30bb
STOREV 1378 98 0000
STOREV 1379 99 40b0
STOREV 1380 100 0000
STOREV 1381 101 2cb6
STOREV 1382 102 0000
STOREV 1383 103 4bb8
STOREV 1384 104 0000
STOREV 1385 105 4ac4
STOREV 1386 106 0000
STOREV 1387 107 3530
STOREV 1388 108 0000
STOREV 1389 109 41b8
STOREV 1390 110 0000
STOREV 1391 111 3b30
STOREV 1392 112 0000
STOREV 1393 113 34bc
STOREV 1394 114 0000
STOREV 1395 115 4230
STOREV 1396 116 0000
STOREV 1397 117 34b8
STOREV 1398 118 0000
STOREV 1399 119 4a40
STOREV 1400 120 0000
STOREV 1401 121 4c40
STOREV 1402 122 0000
STOREV 1403 123 3038
STOREV 1404 124 0000
STOREV 1405 125 4440
STOREV 1406 126 0000
STOREV 1407 127 c048
STOREV 1408 128 0000
STOREV 1409 129 c0c8
STOREV 1410 130 0000
STOREV 1411 131 44c0
STOREV 1412 132 0000
STOREV 1413 133 30b8
STOREV 1414 134 0000
STOREV 1415 135 4cc0
STOREV 1416 136 0000
STOREV 1417 137 4ac0
STOREV 1418 138 0000
STOREV 1419 139 3438
STOREV 1420 140 0000
STOREV 1421 141 42b0
STOREV 1422 142 0000
STOREV 1423 143 343c
STOREV 1424 144 0000
STOREV 1425 145 3bb0
STOREV 1426 146 0000
STOREV 1427 147 4138
STOREV 1428 148 0000
STOREV 1429 149 35b0
STOREV 1430 150 0000
STOREV 1431 151 4a44
STOREV 1432 152 0000
STOREV 1433 153 4b38
STOREV 1434 154 0000
STOREV 1435 155 2c36
STOREV 1436 156 0000
STOREV 1437 157 4030
STOREV 1438 158 0000
STOREV 1439 159 303b
STOREV 1440 160 0000
STOREV 1441 161 3bb2
STOREV 1442 162 0000
STOREV 1443 163 403a
STOREV 1444 164 0000
STOREV 1445 165 39aa
STOREV 1446 166 0000
STOREV 1447 167 4a46
STOREV 1448 168 0000
STOREV 1449 169 4c44
STOREV 1450 170 0000
STOREV 1451 171 2c3b
STOREV 1452 172 0000
STOREV 1453 173 4330
STOREV 1454 174 0000
STOREV 1455 175 323e
STOREV 1456 176 0000
STOREV 1457 177 3eb0
STOREV 1458 178 0000
STOREV 1459 179 4140
STOREV 1460 180 0000
STOREV 1461 181 3aa8
STOREV 1462 182 0000
STOREV 1463 183 484a
STOREV 1464 184 0000
STOREV 1465 185 4c44
STOREV 1466 186 0000
STOREV 1467 187 0037
STOREV 1468 188 0000
STOREV 1469 189 4241
STOREV 1470 190 0000
STOREV 1471 191 bf40
STOREV 1472 192 0000
STOREV 1473 193 3fc0
STOREV 1474 194 0000
STOREV 1475 195 4241
STOREV 1476 196 0000
STOREV 1477 197 3898
STOREV 1478 198 0000
STOREV 1479 199 4a4e
STOREV 1480 200 0000
STOREV 1481 201 4e4a
STOREV 1482 202 0000
STOREV 1483 203 aa3e
STOREV 1484 204 0000
STOREV 1485 205 4344
STOREV 1486 206 0000
STOREV 1487 207 b442
STOREV 1488 208 0000
STOREV 1489 209 4234
STOREV 1490 210 0000
STOREV 1491 211 3749
STOREV 1492 212 0000
STOREV 1493 213 4032
STOREV 1494 214 0000
STOREV 1495 215 4853
STOREV 1496 216 0000
STOREV 1497 217 4e52
STOREV 1498 218 0000
STOREV 1499 219 b240
STOREV 1500 220 0000
STOREV 1501 221 4448
STOREV 1502 222 0000
STOREV 1503 223 bb44
STOREV 1504 224 0000
STOREV 1505 225 4639
STOREV 1506 226 0000
STOREV 1507 227 404b
STOREV 1508 228 0000
STOREV 1509 229 423b
STOREV 1510 230 0000
STOREV 1511 231 4958
STOREV 1512 232 0000
STOREV 1513 233 5158
STOREV 1514 234 0000
STOREV 1515 235 c046
STOREV 1516 236 0000
STOREV 1517 237 4a51
STOREV 1518 238 0000
STOREV 1519 239 c64d
STOREV 1520 240 0000
STOREV 1521 241 4e49
STOREV 1522 242 0000
STOREV 1523 243 b256
STOREV 1524 244 0000
STOREV 1525 245 4c4a
STOREV 1526 246 0000
STOREV 1527 247 a864
STOREV 1528 248 0000
STOREV 1529 249 5666
STOREV 1530 250 0000
STOREV 1531 251 d254
STOREV 1532 252 0000
STOREV 1533 253 5866
STOREV 1534 254 0000
STOREV 1535 255 e46e
LOADEV 1536 0 0000
LOADEV 1537 1 0000
LOADEV 1538 2 0000
LOADEV 1539 3 0000
LOADEV 1540 4 0000
LOADEV 1541 5 0000
LOADEV 1542 6 0000
LOADEV 1543 7 0000
LOADEV 1544 8 0000
LOADEV 1545 9 0000
LOADEV 1546 10 0000
LOADEV 1547 11 0000
LOADEV 1548 12 0000
LOADEV 1549 13 0000
LOADEV 1550 14 0000
LOADEV 1551 15 0000
LOADEV 1552 16 0000
LOADEV 1553 17 0000
LOADEV 1554 18 0000
LOADEV 1555 19 0000
LOADEV 1556 20 0000
LOADEV 1557 21 0000
LOADEV 1558 22 0000
LOADEV 1559 23 0000
LOADEV 1560 24 0000
LOADEV 1561 25 0000
LOADEV 1562 26 0000
LOADEV 1563 27 0000
LOADEV 1564 28 0000
LOADEV 1565 29 0000
LOADEV 1566 30 0000
LOADEV 1567 31 0000
LOADEV 1568 32 0000
LOADEV 1569 33 0000
LOADEV 1570 34 0000
LOADEV 1571 35 0000
LOADEV 1572 36 0000
LOADEV 1573 37 0800
LOADEV 1574 38 0900
LOADEV 1575 39 0a00
LOADEV 1576 40 0b00
LOADEV 1577 41 0b00
LOADEV 1578 42 0c00
LOADEV 1579 43 0e00
LOADEV 1580 44 0f00
LOADEV 1581 45 0f00
LOADEV 1582 46 1100
LOADEV 1583 47 1100
LOADEV 1584 48 1200
LOADEV 1585 49 1300
LOADEV 1586 50 1400
LOADEV 1587 51 1500
LOADEV 1588 52 1600
LOADEV 1589 53 1700
LOADEV 1590 54 1700
LOADEV 1591 55 1900
LOADEV 1592 56 1900
LOADEV 1593 57 1a00
LOADEV 1594 58 1b00
LOADEV 1595 59 1b00
LOADEV 1596 60 1c00
LOADEV 1597 61 1d00
LOADEV 1598 62 1e00
LOADEV 1599 63 1f00
LOADEV 1600 64 1f00
LOADEV 1601 65 2000
LOADEV 1602 66 2100
LOADEV 1603 67 2100
LOADEV 1604 68 2200
LOADEV 1605 69 2300
LOADEV 1606 70 2300
LOADEV 1607 71 2400
LOADEV 1608 72 2400
LOADEV 1609 73 2500
LOADEV 1610 74 2600
LOADEV 1611 75 2700
LOADEV 1612 76 2700
LOADEV 1613 77 2800
LOADEV 1614 78 2800
LOADEV 1615 79 2900
LOADEV 1616 80 2900
LOADEV 1617 81 2a00
LOADEV 1618 82 2a00
LOADEV 1619 83 2b00
LOADEV 1620 84 2b00
LOADEV 1621 85 2c00
LOADEV 1622 86 2c00
LOADEV 1623 87 2d00
LOADEV 1624 88 2d00
LOADEV 1625 89 2e00
LOADEV 1626 90 2e00
LOADEV 1627 91 2f00
LOADEV 1628 92 2f00
LOADEV 1629 93 2f00
LOADEV 1630 94 3000
LOADEV 1631 95 3000
LOADEV 1632 96 3100
LOADEV 1633 97 3100
LOADEV 1634 98 3100
LOADEV 1635 99 3200
LOADEV 1636 100 3200
LOADEV 1637 101 3200
LOADEV 1638 102 3200
LOADEV 1639 103 3300
LOADEV 1640 104 3300
LOADEV 1641 105 3300
LOADEV 1642 106 3300
LOADEV 1643 107 3400
LOADEV 1644 108 3400
LOADEV 1645 109 3400
LOADEV 1646 110 3400
LOADEV 1647 111 3500
LOADEV 1648 112 3500
LOADEV 1649 113 3500
LOADEV 1650 114 3500
LOADEV 1651 115 3500
LOADEV 1652 116 3500
LOADEV 1653 117 3600
LOADEV 1654 118 3600
LOADEV 1655 119 3600
LOADEV 1656 120 3600
LOADEV 1657 121 3600
LOADEV 1658 122 3600
LOADEV 1659 123 3600
LOADEV 1660 124 3600
LOADEV 1661 125 3600
LOADEV 1662 126 3600
LOADEV 1663 127 3600
LOADEV 1664 128 3600
LOADEV 1665 129 3600
LOADEV 1666 130 3600
LOADEV 1667 131 3600
LOADEV 1668 132 3600
LOADEV 1669 133 3600
LOADEV 1670 134 3600
LOADEV 1671 135 3600
LOADEV 1672 136 3600
LOADEV 1673 137 3600
LOADEV 1674 138 3600
LOADEV 1675 139 3600
LOADEV 1676 140 3500
LOADEV 1677 141 3500
LOADEV 1678 142 3500
LOADEV 1679 143 3500
LOADEV 1680 144 3500
LOADEV 1681 145 3500
LOADEV 1682 146 3400
LOADEV 1683 147 3400
LOADEV 1684 148 3400
LOADEV 1685 149 3400
LOADEV 1686 150 3300
LOADEV 1687 151 3300
LOADEV 1688 152 3300
LOADEV 1689 153 3300
LOADEV 1690 154 3200
LOADEV 1691 155 3200
LOADEV 1692 156 3200
LOADEV 1693 157 3200
LOADEV 1694 158 3100
LOADEV 1695 159 3100
LOADEV 1696 160 3100
LOADEV 1697 161 3000
LOADEV 1698 162 3000
LOADEV 1699 163 2f00
LOADEV 1700 164 2f00
LOADEV 1701 165 2f00
LOADEV 1702 166 2e00
LOADEV 1703 167 2e00
LOADEV 1704 168 2d00
LOADEV 1705 169 2d00
LOADEV 1706 170 2c00
LOADEV 1707 171 2c00
LOADEV 1708 172 2b00
LOADEV 1709 173 2b00
LOADEV 1710 174 2a00
LOADEV 1711 175 2a00
LOADEV 1712 176 2900
LOADEV 1713 177 2900
LOADEV 1714 178 2800
LOADEV 1715 179 2800
LOADEV 1716 180 2700
LOADEV 1717 181 2700
LOADEV 1718 182 2600
LOADEV 1719 183 2500
LOADEV 1720 184 2400
LOADEV 1721 185 2400
LOADEV 1722 186 2300
LOADEV 1723 187 2300
LOADEV 1724 188 2200
LOADEV 1725 189 2100
LOADEV 1726 190 2100
LOADEV 1727 191 2000
LOADEV 1728 192 1f00
LOADEV 1729 193 1f00
LOADEV 1730 194 1e00
LOADEV 1731 195 1d00
LOADEV 1732 196 1c00
LOADEV 1733 197 1b00
LOADEV 1734 198 1b00
LOADEV 1735 199 1a00
LOADEV 1736 200 1900
LOADEV 1737 201 1900
LOADEV 1738 202 1700
LOADEV 1739 203 1700
LOADEV 1740 204 1600
LOADEV 1741 205 1500
LOADEV 1742 206 1400
LOADEV 1743 207 1300
LOADEV 1744 208 1200
LOADEV 1745 209 1100
LOADEV 1746 210 1100
LOADEV 1747 211 0f00
LOADEV 1748 212 0f00
LOADEV 1749 213 0e00
LOADEV 1750 214 0c00
LOADEV 1751 215 0b00
LOADEV 1752 216 0b00
LOADEV 1753 217 0a00
LOADEV 1754 218 0900
LOADEV 1755 219 0800
LOADEV 1756 220 0000
LOADEV 1757 221 0000
LOADEV 1758 222 0000
LOADEV 1759 223 0000
LOADEV 1760 224 0000
LOADEV 1761 225 0000
LOADEV 1762 226 0000
LOADEV 1763 227 0000
LOADEV 1764 228 0000
LOADEV 1765 229 0000
LOADEV 1766 230 0000
LOADEV 1767 231 0000
LOADEV 1768 232 0000
LOADEV 1769 233 0000
LOADEV 1770 234 0000
LOADEV 1771 235 0000
LOADEV 1772 236 0000
LOADEV 1773 237 0000
LOADEV 1774 238 0000
LOADEV 1775 239 0000
LOADEV 1776 240 0000
LOADEV 1777 241 0000
LOADEV 1778 242 0000
LOADEV 1779 243 0000
LOADEV 1780 244 0000
LOADEV 1781 245 0000
LOADEV 1782 246 0000
LOADEV 1783 247 0000
LOADEV 1784 248 0000
LOADEV 1785 249 0000
LOADEV 1786 250 0000
LOADEV 1787 251 0000
LOADEV 1788 252 0000
LOADEV 1789 253 0000
LOADEV 1790 254 0000
LOADEV 1791 255 0000
STOREV 1536 0 6800
STOREV 1537 1 e245
STOREV 1538 2 5210
STOREV 1539 3 c01c
STOREV 1540 4 30a9
STOREV 1541 5 a83a
STOREV 1542 6 2fcc
STOREV 1543 7 3b51
STOREV 1544 8 aebb
STOREV 1545 9 aeca
STOREV 1546 10 32cc
STOREV 1547 11 9839
STOREV 1548 12 1dad
STOREV 1549 13 251e
STOREV 1550 14 9893
STOREV 1551 15 ce20
STOREV 1552 16 0000
STOREV 1553 17 4c47
STOREV 1554 18 1220
STOREV 1555 19 a090
STOREV 1556 20 9cae
STOREV 1557 21 902a
STOREV 1558 22 30be
STOREV 1559 23 3034
STOREV 1560 24 a125
STOREV 1561 25 bc3a
STOREV 1562 26 37c1
STOREV 1563 27 a12c
STOREV 1564 28 a5a2
STOREV 1565 29 9102
STOREV 1566 30 249a
STOREV 1567 31 c6aa
STOREV 1568 32 0000
STOREV 1569 33 3444
STOREV 1570 34 289e
STOREV 1571 35 9e1c
STOREV 1572 36 a2a9
STOREV 1573 37 9228
STOREV 1574 38 32ba
STOREV 1575 39 3eb6
STOREV 1576 40 1ca9
STOREV 1577 41 be38
STOREV 1578 42 33b8
STOREV 1579 43 942c
STOREV 1580 44 ae88
STOREV 1581 45 14a1
STOREV 1582 46 820d
STOREV 1583 47 b23a
STOREV 1584 48 0000
STOREV 1585 49 30ae
STOREV 1586 50 1c9a
STOREV 1587 51 1402
STOREV 1588 52 1c0c
STOREV 1589 53 aa21
STOREV 1590 54 32ae
STOREV 1591 55 ba39
STOREV 1592 56 1d10
STOREV 1593 57 34b0
STOREV 1594 58 2cb4
STOREV 1595 59 981c
STOREV 1596 60 acac
STOREV 1597 61 8d24
STOREV 1598 62 2caa
STOREV 1599 63 c42c
STOREV 1600 64 0000
STOREV 1601 65 b946
STOREV 1602 66 20a1
STOREV 1603 67 92a0
STOREV 1604 68 ac2c
STOREV 1605 69 9a22
STOREV 1606 70 32b4
STOREV 1607 71 2930
STOREV 1608 72 9daf
STOREV 1609 73 b8ac
STOREV 1610 74 36ae
STOREV 1611 75 a421
STOREV 1612 76 269d
STOREV 1613 77 0518
STOREV 1614 78 9c9a
STOREV 1615 79 b0b8
STOREV 1616 80 0000
STOREV 1617 81 2034
STOREV 1618 82 860b
STOREV 1619 83 169e
STOREV 1620 84 aaa3
STOREV 1621 85 9c14
STOREV 1622 86 31ae
STOREV 1623 87 3537
STOREV 1624 88 9c26
STOREV 1625 89 b5a9
STOREV 1626 90 32a4
STOREV 1627 91 a810
STOREV 1628 92 9d90
STOREV 1629 93 1403
STOREV 1630 94 0088
STOREV 1631 95 be30
STOREV 1632 96 0000
STOREV 1633 97 302e
STOREV 1634 98 18a3
STOREV 1635 99 8e1b
STOREV 1636 100 aaa6
STOREV 1637 101 9008
STOREV 1638 102 31a8
STOREV 1639 103 b1b3
STOREV 1640 104 21aa
STOREV 1641 105 1c34
STOREV 1642 106 2fa4
STOREV 1643 107 a588
STOREV 1644 108 aa1a
STOREV 1645 109 1194
STOREV 1646 110 9020
STOREV 1647 111 00b4
STOREV 1648 112 0000
STOREV 1649 113 b43a
STOREV 1650 114 1891
STOREV 1651 115 9a1e
STOREV 1652 116 a822
STOREV 1653 117 98a0
STOREV 1654 118 3200
STOREV 1655 119 9834
STOREV 1656 120 2eb6
STOREV 1657 121 a0be
STOREV 1658 122 3400
STOREV 1659 123 9f18
STOREV 1660 124 0824
STOREV 1661 125 9893
STOREV 1662 126 3010
STOREV 1663 127 c0b4
STOREV 1664 128 0000
STOREV 1665 129 c034
STOREV 1666 130 3090
STOREV 1667 131 9813
STOREV 1668 132 08a4
STOREV 1669 133 9f98
STOREV 1670 134 3400
STOREV 1671 135 a03e
STOREV 1672 136 2e36
STOREV 1673 137 98b4
STOREV 1674 138 3200
STOREV 1675 139 9820
STOREV 1676 140 a8a2
STOREV 1677 141 9a9e
STOREV 1678 142 1811
STOREV 1679 143 b4ba
STOREV 1680 144 0000
STOREV 1681 145 0034
STOREV 1682 146 90a0
STOREV 1683 147 1114
STOREV 1684 148 aa9a
STOREV 1685 149 a508
STOREV 1686 150 2f24
STOREV 1687 151 1cb4
STOREV 1688 152 212a
STOREV 1689 153 b133
STOREV 1690 154 3128
STOREV 1691 155 9088
STOREV 1692 156 aa26
STOREV 1693 157 8e9b
STOREV 1694 158 1823
STOREV 1695 159 30ae
STOREV 1696 160 0000
STOREV 1697 161 beb0
STOREV 1698 162 0008
STOREV 1699 163 1483
STOREV 1700 164 9d10
STOREV 1701 165 a890
STOREV 1702 166 3224
STOREV 1703 167 b529
STOREV 1704 168 9ca6
STOREV 1705 169 35b7
STOREV 1706 170 312e
STOREV 1707 171 9c94
STOREV 1708 172 aa23
STOREV 1709 173 161e
STOREV 1710 174 868b
STOREV 1711 175 20b4
STOREV 1712 176 0000
STOREV 1713 177 b038
STOREV 1714 178 9c1a
STOREV 1715 179 0598
STOREV 1716 180 261d
STOREV 1717 181 a4a1
STOREV 1718 182 362e
STOREV 1719 183 b82c
STOREV 1720 184 9d2f
STOREV 1721 185 29b0
STOREV 1722 186 3234
STOREV 1723 187 9aa2
STOREV 1724 188 acac
STOREV 1725 189 9220
STOREV 1726 190 2021
STOREV 1727 191 b9c6
STOREV 1728 192 0000
STOREV 1729 193 c4ac
STOREV 1730 194 2c2a
STOREV 1731 195 8da4
STOREV 1732 196 ac2c
STOREV 1733 197 989c
STOREV 1734 198 2c34
STOREV 1735 199 3430
STOREV 1736 200 1d90
STOREV 1737 201 bab9
STOREV 1738 202 322e
STOREV 1739 203 aaa1
STOREV 1740 204 1c8c
STOREV 1741 205 1482
STOREV 1742 206 1c1a
STOREV 1743 207 302e
STOREV 1744 208 0000
STOREV 1745 209 b2ba
STOREV 1746 210 828d
STOREV 1747 211 1421
STOREV 1748 212 ae08
STOREV 1749 213 94ac
STOREV 1750 214 3338
STOREV 1751 215 beb8
STOREV 1752 216 1c29
STOREV 1753 217 3e36
STOREV 1754 218 323a
STOREV 1755 219 92a8
STOREV 1756 220 a229
STOREV 1757 221 9e9c
STOREV 1758 222 281e
STOREV 1759 223 34c4
STOREV 1760 224 0000
STOREV 1761 225 c62a
STOREV 1762 226 241a
STOREV 1763 227 9182
STOREV 1764 228 a522
STOREV 1765 229 a1ac
STOREV 1766 230 3741
STOREV 1767 231 bcba
STOREV 1768 232 a1a5
STOREV 1769 233 30b4
STOREV 1770 234 303e
STOREV 1771 235 90aa
STOREV 1772 236 9c2e
STOREV 1773 237 a010
STOREV 1774 238 12a0
STOREV 1775 239 4cc7
STOREV 1776 240 0000
STOREV 1777 241 cea0
STOREV 1778 242 9813
STOREV 1779 243 259e
STOREV 1780 244 1d2d
STOREV 1781 245 98b9
STOREV 1782 246 324c
STOREV 1783 247 ae4a
STOREV 1784 248 ae3b
STOREV 1785 249 3bd1
STOREV 1786 250 2f4c
STOREV 1787 251 a8ba
STOREV 1788 252 3029
STOREV 1789 253 c09c
STOREV 1790 254 5290
STOREV 1791 255 e2c5
LOADEV 1792 0 0000
LOADEV 1793 1 0000
LOADEV 1794 2 0000
LOADEV 1795 3 0000
LOADEV 1796 4 0000
LOADEV 1797 5 0000
LOADEV 1798 6 0000
LOADEV 1799 7 0000
LOADEV 1800 8 0000
LOADEV 1801 9 0000
LOADEV 1802 10 0000
LOADEV 1803 11 0000
LOADEV 1804 12 0000
LOADEV 1805 13 0000
LOADEV 1806 14 0000
LOADEV 1807 15 0000
LOADEV 1808 16 0000
LOADEV 1809 17 0000
LOADEV 1810 18 0000
LOADEV 1811 19 0000
LOADEV 1812 20 0000
LOADEV 1813 21 0000
LOADEV 1814 22 0000
LOADEV 1815 23 0000
LOADEV 1816 24 0000
LOADEV 1817 25 0000
LOADEV 1818 26 0000
LOADEV 1819 27 0000
LOADEV 1820 28 0000
LOADEV 1821 29 0000
LOADEV 1822 30 0000
LOADEV 1823 31 0000
LOADEV 1824 32 0000
LOADEV 1825 33 0000
LOADEV 1826 34 0000
LOADEV 1827 35 0000
LOADEV 1828 36 0000
LOADEV 1829 37 0000
LOADEV 1830 38 0000
LOADEV 1831 39 0000
LOADEV 1832 40 0000
LOADEV 1833 41 0000
LOADEV 1834 42 0000
LOADEV 1835 43 0000
LOADEV 1836 44 0000
LOADEV 1837 45 0000
LOADEV 1838 46 0000
LOADEV 1839 47 0000
LOADEV 1840 48 0000
LOADEV 1841 49 0000
LOADEV 1842 50 0000
LOADEV 1843 51 0000
LOADEV 1844 52 0000
LOADEV 1845 53 0000
LOADEV 1846 54 0000
LOADEV 1847 55 0000
LOADEV 1848 56 0000
LOADEV 1849 57 0000
LOADEV 1850 58 0000
LOADEV 1851 59 0000
LOADEV 1852 60 0000
LOADEV 1853 61 0000
LOADEV 1854 62 0000
LOADEV 1855 63 0000
LOADEV 1856 64 b600
LOADEV 1857 65 afb4
LOADEV 1858 66 2eb5
LOADEV 1859 67 3693
LOADEV 1860 68 3034
LOADEV 1861 69 ac35
LOADEV 1862 70 b61b
LOADEV 1863 71 b1b4
LOADEV 1864 72 2bb5
LOADEV 1865 73 36a0
LOADEV 1866 74 3133
LOADEV 1867 75 aa36
LOADEV 1868 76 b623
LOADEV 1869 77 b2b3
LOADEV 1870 78 28b6
LOADEV 1871 79 36a6
LOADEV 1872 80 3232
LOADEV 1873 81 a636
LOADEV 1874 82 b628
LOADEV 1875 83 b3b2
LOADEV 1876 84 23b6
LOADEV 1877 85 36aa
LOADEV 1878 86 3331
LOADEV 1879 87 a036
LOADEV 1880 88 b52b
LOADEV 1881 89 b4b1
LOADEV 1882 90 1bb6
LOADEV 1883 91 35ac
LOADEV 1884 92 3430
LOADEV 1885 93 9336
LOADEV 1886 94 b52e
LOADEV 1887 95 b4af
LOADEV 1888 96 80b6
LOADEV 1889 97 34af
LOADEV 1890 98 352e
LOADEV 1891 99 1336
LOADEV 1892 100 b430
LOADEV 1893 101 b5ac
LOADEV 1894 102 9bb6
LOADEV 1895 103 34b1
LOADEV 1896 104 352b
LOADEV 1897 105 2036
LOADEV 1898 106 b331
LOADEV 1899 107 b6aa
LOADEV 1900 108 a3b6
LOADEV 1901 109 33b2
LOADEV 1902 110 3628
LOADEV 1903 111 2636
LOADEV 1904 112 b232
LOADEV 1905 113 b6a6
LOADEV 1906 114 a8b6
LOADEV 1907 115 32b3
LOADEV 1908 116 3623
LOADEV 1909 117 2a36
LOADEV 1910 118 b133
LOADEV 1911 119 b6a0
LOADEV 1912 120 abb5
LOADEV 1913 121 31b4
LOADEV 1914 122 361b
LOADEV 1915 123 2c35
LOADEV 1916 124 b034
LOADEV 1917 125 b693
LOADEV 1918 126 aeb5
LOADEV 1919 127 2fb4
LOADEV 1920 128 3680
LOADEV 1921 129 2f34
LOADEV 1922 130 ae35
LOADEV 1923 131 b613
LOADEV 1924 132 b0b4
LOADEV 1925 133 2cb5
LOADEV 1926 134 369b
LOADEV 1927 135 3134
LOADEV 1928 136 ab35
LOADEV 1929 137 b620
LOADEV 1930 138 b1b3
LOADEV 1931 139 2ab6
LOADEV 1932 140 36a3
LOADEV 1933 141 3233
LOADEV 1934 142 a836
LOADEV 1935 143 b626
LOADEV 1936 144 b2b2
LOADEV 1937 145 26b6
LOADEV 1938 146 36a8
LOADEV 1939 147 3332
LOADEV 1940 148 a336
LOADEV 1941 149 b62a
LOADEV 1942 150 b3b1
LOADEV 1943 151 20b6
LOADEV 1944 152 35ab
LOADEV 1945 153 3431
LOADEV 1946 154 9b36
LOADEV 1947 155 b52c
LOADEV 1948 156 b4b0
LOADEV 1949 157 13b6
LOADEV 1950 158 35ae
LOADEV 1951 159 342f
LOADEV 1952 160 0036
LOADEV 1953 161 b42f
LOADEV 1954 162 b5ae
LOADEV 1955 163 93b6
LOADEV 1956 164 34b0
LOADEV 1957 165 352c
LOADEV 1958 166 1b36
LOADEV 1959 167 b431
LOADEV 1960 168 b5ab
LOADEV 1961 169 a0b6
LOADEV 1962 170 33b1
LOADEV 1963 171 362a
LOADEV 1964 172 2336
LOADEV 1965 173 b332
LOADEV 1966 174 b6a8
LOADEV 1967 175 a6b6
LOADEV 1968 176 32b2
LOADEV 1969 177 3626
LOADEV 1970 178 2836
LOADEV 1971 179 b233
LOADEV 1972 180 b6a3
LOADEV 1973 181 aab6
LOADEV 1974 182 31b3
LOADEV 1975 183 3620
LOADEV 1976 184 2b35
LOADEV 1977 185 b134
LOADEV 1978 186 b69b
LOADEV 1979 187 acb5
LOADEV 1980 188 30b4
LOADEV 1981 189 3613
LOADEV 1982 190 2e35
LOADEV 1983 191 af34
LOADEV 1984 192 0000
LOADEV 1985 193 0000
LOADEV 1986 194 0000
LOADEV 1987 195 0000
LOADEV 1988 196 0000
LOADEV 1989 197 0000
LOADEV 1990 198 0000
LOADEV 1991 199 0000
LOADEV 1992 200 0000
LOADEV 1993 201 0000
LOADEV 1994 202 0000
LOADEV 1995 203 0000
LOADEV 1996 204 0000
LOADEV 1997 205 0000
LOADEV 1998 206 0000
LOADEV 1999 207 0000
LOADEV 2000 208 0000
LOADEV 2001 209 0000
LOADEV 2002 210 0000
LOADEV 2003 211 0000
LOADEV 2004 212 0000
LOADEV 2005 213 0000
LOADEV 2006 214 0000
LOADEV 2007 215 0000
LOADEV 2008 216 0000
LOADEV 2009 217 0000
LOADEV 2010 218 0000
LOADEV 2011 219 0000
LOADEV 2012 220 0000
LOADEV 2013 221 0000
LOADEV 2014 222 0000
LOADEV 2015 223 0000
LOADEV 2016 224 0000
LOADEV 2017 225 0000
LOADEV 2018 226 0000
LOADEV 2019 227 0000
LOADEV 2020 228 0000
LOADEV 2021 229 0000
LOADEV 2022 230 0000
LOADEV 2023 231 0000
LOADEV 2024 232 0000
LOADEV 2025 233 0000
LOADEV 2026 234 0000
LOADEV 2027 235 0000
LOADEV 2028 236 0000
LOADEV 2029 237 0000
LOADEV 2030 238 0000
LOADEV 2031 239 0000
LOADEV 2032 240 0000
LOADEV 2033 241 0000
LOADEV 2034 242 0000
LOADEV 2035 243 0000
LOADEV 2036 244 0000
LOADEV 2037 245 0000
LOADEV 2038 246 0000
LOADEV 2039 247 0000
LOADEV 2040 248 0000
LOADEV 2041 249 0000
LOADEV 2042 250 0000
LOADEV 2043 251 0000
LOADEV 2044 252 0000
LOADEV 2045 253 0000
LOADEV 2046 254 0000
LOADEV 2047 255 0000
STOREV 1792 0 0000
STOREV 1793 1 4431
STOREV 1794 2 40c8
STOREV 1795 3 34a8
STOREV 1796 4 0000
STOREV 1797 5 ba34
STOREV 1798 6 0000
STOREV 1799 7 3cb8
STOREV 1800 8 0000
STOREV 1801 9 4a45
STOREV 1802 10 4138
STOREV 1803 11 45a4
STOREV 1804 12 0000
STOREV 1805 13 c02b
STOREV 1806 14 0000
STOREV 1807 15 2cac
STOREV 1808 16 0000
STOREV 1809 17 cb4e
STOREV 1810 18 c3c2
STOREV 1811 19 42b7
STOREV 1812 20 0000
STOREV 1813 21 c234
STOREV 1814 22 0000
STOREV 1815 23 44c4
STOREV 1816 24 0000
STOREV 1817 25 cabc
STOREV 1818 26 43b4
STOREV 1819 27 43b4
STOREV 1820 28 0000
STOREV 1821 29 c7aa
STOREV 1822 30 0000
STOREV 1823 31 4834
STOREV 1824 32 0000
STOREV 1825 33 cd4f
STOREV 1826 34 cabd
STOREV 1827 35 50ba
STOREV 1828 36 0000
STOREV 1829 37 d142
STOREV 1830 38 0000
STOREV 1831 39 59cf
STOREV 1832 40 0000
STOREV 1833 41 ea3c
STOREV 1834 42 6ece
STOREV 1835 43 e8c2
STOREV 1836 44 0000
STOREV 1837 45 5a4c
STOREV 1838 46 0000
STOREV 1839 47 cdca
STOREV 1840 48 0000
STOREV 1841 49 5300
STOREV 1842 50 4c4a
STOREV 1843 51 cdca
STOREV 1844 52 0000
STOREV 1845 53 482e
STOREV 1846 54 0000
STOREV 1847 55 c740
STOREV 1848 56 0000
STOREV 1849 57 4446
STOREV 1850 58 c438
STOREV 1851 59 c2ae
STOREV 1852 60 0000
STOREV 1853 61 443c
STOREV 1854 62 0000
STOREV 1855 63 c4bc
STOREV 1856 64 0000
STOREV 1857 65 48aa
STOREV 1858 66 42b4
STOREV 1859 67 bfc0
STOREV 1860 68 0000
STOREV 1861 69 3520
STOREV 1862 70 0000
STOREV 1863 71 c4b4
STOREV 1864 72 0000
STOREV 1865 73 454e
STOREV 1866 74 c4b0
STOREV 1867 75 b2b6
STOREV 1868 76 0000
STOREV 1869 77 3f38
STOREV 1870 78 0000
STOREV 1871 79 bcbb
STOREV 1872 80 0000
STOREV 1873 81 c8b8
STOREV 1874 82 38c2
STOREV 1875 83 b8c0
STOREV 1876 84 0000
STOREV 1877 85 2e20
STOREV 1878 86 0000
STOREV 1879 87 b498
STOREV 1880 88 0000
STOREV 1881 89 c0c2
STOREV 1882 90 38b8
STOREV 1883 91 aaa4
STOREV 1884 92 0000
STOREV 1885 93 3d34
STOREV 1886 94 0000
STOREV 1887 95 bcb8
STOREV 1888 96 0000
STOREV 1889 97 4ac6
STOREV 1890 98 acc2
STOREV 1891 99 acb6
STOREV 1892 100 0000
STOREV 1893 101 98b9
STOREV 1894 102 0000
STOREV 1895 103 b2ba
STOREV 1896 104 0000
STOREV 1897 105 4742
STOREV 1898 106 4ccc
STOREV 1899 107 4840
STOREV 1900 108 0000
STOREV 1901 109 342b
STOREV 1902 110 0000
STOREV 1903 111 b2c0
STOREV 1904 112 0000
STOREV 1905 113 30b9
STOREV 1906 114 c5c6
STOREV 1907 115 3ac0
STOREV 1908 116 0000
STOREV 1909 117 00c1
STOREV 1910 118 0000
STOREV 1911 119 b1bc
STOREV 1912 120 0000
STOREV 1913 121 464c
STOREV 1914 122 52d8
STOREV 1915 123 4a46
STOREV 1916 124 0000
STOREV 1917 125 4cad
STOREV 1918 126 0000
STOREV 1919 127 3cc8
STOREV 1920 128 0000
STOREV 1921 129 d1bc
STOREV 1922 130 5b52
STOREV 1923 131 cc3e
STOREV 1924 132 0000
STOREV 1925 133 344c
STOREV 1926 134 0000
STOREV 1927 135 4942
STOREV 1928 136 0000
STOREV 1929 137 4aca
STOREV 1930 138 cc57
STOREV 1931 139 c3be
STOREV 1932 140 0000
STOREV 1933 141 be34
STOREV 1934 142 0000
STOREV 1935 143 ba3c
STOREV 1936 144 0000
STOREV 1937 145 b044
STOREV 1938 146 3e3c
STOREV 1939 147 b0b8
STOREV 1940 148 0000
STOREV 1941 149 2c42
STOREV 1942 150 0000
STOREV 1943 151 3628
STOREV 1944 152 0000
STOREV 1945 153 bac9
STOREV 1946 154 be4e
STOREV 1947 155 bac1
STOREV 1948 156 0000
STOREV 1949 157 b431
STOREV 1950 158 0000
STOREV 1951 159 bdb8
STOREV 1952 160 0000
STOREV 1953 161 4b42
STOREV 1954 162 3fb6
STOREV 1955 163 a8a4
STOREV 1956 164 0000
STOREV 1957 165 003a
STOREV 1958 166 0000
STOREV 1959 167 40b0
STOREV 1960 168 0000
STOREV 1961 169 004b
STOREV 1962 170 004a
STOREV 1963 171 c8c2
STOREV 1964 172 0000
STOREV 1965 173 0034
STOREV 1966 174 0000
STOREV 1967 175 b038
STOREV 1968 176 0000
STOREV 1969 177 c44a
STOREV 1970 178 bc28
STOREV 1971 179 30ba
STOREV 1972 180 0000
STOREV 1973 181 a03a
STOREV 1974 182 0000
STOREV 1975 183 34aa
STOREV 1976 184 0000
STOREV 1977 185 cec6
STOREV 1978 186 384a
STOREV 1979 187 a8b5
STOREV 1980 188 0000
STOREV 1981 189 b028
STOREV 1982 190 0000
STOREV 1983 191 b9b0
STOREV 1984 192 0000
STOREV 1985 193 4333
STOREV 1986 194 bb3a
STOREV 1987 195 2030
STOREV 1988 196 0000
STOREV 1989 197 aa32
STOREV 1990 198 0000
STOREV 1991 199 42be
STOREV 1992 200 0000
STOREV 1993 201 cac4
STOREV 1994 202 4454
STOREV 1995 203 1cc2
STOREV 1996 204 0000
STOREV 1997 205 c03c
STOREV 1998 206 0000
STOREV 1999 207 3742
STOREV 2000 208 0000
STOREV 2001 209 50d1
STOREV 2002 210 d854
STOREV 2003 211 3840
STOREV 2004 212 0000
STOREV 2005 213 b5bf
STOREV 2006 214 0000
STOREV 2007 215 bca4
STOREV 2008 216 0000
STOREV 2009 217 4c50
STOREV 2010 218 d6d3
STOREV 2011 219 b0ba
STOREV 2012 220 0000
STOREV 2013 221 36af
STOREV 2014 222 0000
STOREV 2015 223 38b3
STOREV 2016 224 0000
STOREV 2017 225 ca32
STOREV 2018 226 46cf
STOREV 2019 227 36bd
STOREV 2020 228 0000
STOREV 2021 229 b736
STOREV 2022 230 0000
STOREV 2023 231 ac24
STOREV 2024 232 0000
STOREV 2025 233 282c
STOREV 2026 234 beb4
STOREV 2027 235 47c4
STOREV 2028 236 0000
STOREV 2029 237 b432
STOREV 2030 238 0000
STOREV 2031 239 acb6
STOREV 2032 240 0000
STOREV 2033 241 cd3b
STOREV 2034 242 34c6
STOREV 2035 243 35a0
STOREV 2036 244 0000
STOREV 2037 245 ba38
STOREV 2038 246 0000
STOREV 2039 247 38b8
STOREV 2040 248 0000
STOREV 2041 249 2cc8
STOREV 2042 250 00b8
STOREV 2043 251 38b6
STOREV 2044 252 0000
STOREV 2045 253 b026
STOREV 2046 254 0000
STOREV 2047 255 30b6
LOADEV 2048 0 3600
LOADEV 2049 1 352c
LOADEV 2050 2 3132
LOADEV 2051 3 2934
LOADEV 2052 4 0035
LOADEV 2053 5 a935
LOADEV 2054 6 b132
LOADEV 2055 7 b52b
LOADEV 2056 8 b68e
LOADEV 2057 9 b4ac
LOADEV 2058 10 b1b2
LOADEV 2059 11 aab4
LOADEV 2060 12 92b5
LOADEV 2061 13 29b5
LOADEV 2062 14 32b2
LOADEV 2063 15 35ab
LOADEV 2064 16 3614
LOADEV 2065 17 342b
LOADEV 2066 18 3131
LOADEV 2067 19 2b34
LOADEV 2068 20 1536
LOADEV 2069 21 aa35
LOADEV 2070 22 b232
LOADEV 2071 23 b52a
LOADEV 2072 24 b595
LOADEV 2073 25 b4ab
LOADEV 2074 26 b1b1
LOADEV 2075 27 acb4
LOADEV 2076 28 93b6
LOADEV 2077 29 2bb5
LOADEV 2078 30 32b2
LOADEV 2079 31 35a9
LOADEV 2080 32 3511
LOADEV 2081 33 342a
LOADEV 2082 34 3231
LOADEV 2083 35 2c34
LOADEV 2084 36 0c36
LOADEV 2085 37 ac35
LOADEV 2086 38 b231
LOADEV 2087 39 b429
LOADEV 2088 40 b580
LOADEV 2089 41 b4a9
LOADEV 2090 42 b2b1
LOADEV 2091 43 acb5
LOADEV 2092 44 00b6
LOADEV 2093 45 2cb5
LOADEV 2094 46 32b1
LOADEV 2095 47 34a9
LOADEV 2096 48 358a
LOADEV 2097 49 3529
LOADEV 2098 50 3231
LOADEV 2099 51 2b35
LOADEV 2100 52 9036
LOADEV 2101 53 ac34
LOADEV 2102 54 b231
LOADEV 2103 55 b42a
LOADEV 2104 56 b513
LOADEV 2105 57 b5a9
LOADEV 2106 58 b2b2
LOADEV 2107 59 aab5
LOADEV 2108 60 14b6
LOADEV 2109 61 2bb4
LOADEV 2110 62 31b1
LOADEV 2111 63 34ab
LOADEV 2112 64 3695
LOADEV 2113 65 352a
LOADEV 2114 66 3232
LOADEV 2115 67 2935
LOADEV 2116 68 9435
LOADEV 2117 69 aa34
LOADEV 2118 70 b131
LOADEV 2119 71 b42c
LOADEV 2120 72 b613
LOADEV 2121 73 b5ab
LOADEV 2122 74 b2b2
LOADEV 2123 75 a9b5
LOADEV 2124 76 10b5
LOADEV 2125 77 2ab4
LOADEV 2126 78 31b2
LOADEV 2127 79 35ac
LOADEV 2128 80 368a
LOADEV 2129 81 352c
LOADEV 2130 82 3132
LOADEV 2131 83 2934
LOADEV 2132 84 8035
LOADEV 2133 85 a934
LOADEV 2134 86 b132
LOADEV 2135 87 b52c
LOADEV 2136 88 b680
LOADEV 2137 89 b5ac
LOADEV 2138 90 b1b2
LOADEV 2139 91 a9b4
LOADEV 2140 92 8cb5
LOADEV 2141 93 29b5
LOADEV 2142 94 31b2
LOADEV 2143 95 35ab
LOADEV 2144 96 3611
LOADEV 2145 97 342c
LOADEV 2146 98 3131
LOADEV 2147 99 2a34
LOADEV 2148 100 1335
LOADEV 2149 101 a935
LOADEV 2150 102 b232
LOADEV 2151 103 b52a
LOADEV 2152 104 b695
LOADEV 2153 105 b4ab
LOADEV 2154 106 b1b1
LOADEV 2155 107 abb4
LOADEV 2156 108 95b6
LOADEV 2157 109 2ab5
LOADEV 2158 110 32b2
LOADEV 2159 111 35a9
LOADEV 2160 112 3514
LOADEV 2161 113 342a
LOADEV 2162 114 3131
LOADEV 2163 115 2c34
LOADEV 2164 116 1236
LOADEV 2165 117 ab35
LOADEV 2166 118 b232
LOADEV 2167 119 b529
LOADEV 2168 120 b58e
LOADEV 2169 121 b4a9
LOADEV 2170 122 b2b1
LOADEV 2171 123 acb5
LOADEV 2172 124 80b6
LOADEV 2173 125 2cb5
LOADEV 2174 126 32b1
LOADEV 2175 127 34a9
LOADEV 2176 128 3500
LOADEV 2177 129 3429
LOADEV 2178 130 3231
LOADEV 2179 131 2c35
LOADEV 2180 132 8036
LOADEV 2181 133 ac35
LOADEV 2182 134 b231
LOADEV 2183 135 b429
LOADEV 2184 136 b50e
LOADEV 2185 137 b5a9
LOADEV 2186 138 b2b2
LOADEV 2187 139 abb5
LOADEV 2188 140 12b6
LOADEV 2189 141 2cb4
LOADEV 2190 142 31b1
LOADEV 2191 143 34aa
LOADEV 2192 144 3594
LOADEV 2193 145 3529
LOADEV 2194 146 3232
LOADEV 2195 147 2a35
LOADEV 2196 148 9536
LOADEV 2197 149 ab34
LOADEV 2198 150 b131
LOADEV 2199 151 b42b
LOADEV 2200 152 b615
LOADEV 2201 153 b5aa
LOADEV 2202 154 b2b2
LOADEV 2203 155 a9b5
LOADEV 2204 156 13b5
LOADEV 2205 157 2ab4
LOADEV 2206 158 31b1
LOADEV 2207 159 34ac
LOADEV 2208 160 3691
LOADEV 2209 161 352b
LOADEV 2210 162 3132
LOADEV 2211 163 2935
LOADEV 2212 164 8c35
LOADEV 2213 165 a934
LOADEV 2214 166 b132
LOADEV 2215 167 b52c
LOADEV 2216 168 b600
LOADEV 2217 169 b5ac
LOADEV 2218 170 b1b2
LOADEV 2219 171 a9b4
LOADEV 2220 172 80b5
LOADEV 2221 173 29b4
LOADEV 2222 174 31b2
LOADEV 2223 175 35ac
LOADEV 2224 176 360a
LOADEV 2225 177 352c
LOADEV 2226 178 3132
LOADEV 2227 179 2a34
LOADEV 2228 180 1035
LOADEV 2229 181 a935
LOADEV 2230 182 b232
LOADEV 2231 183 b52b
LOADEV 2232 184 b693
LOADEV 2233 185 b4ac
LOADEV 2234 186 b1b1
LOADEV 2235 187 aab4
LOADEV 2236 188 94b5
LOADEV 2237 189 29b5
LOADEV 2238 190 32b2
LOADEV 2239 191 35aa
LOADEV 2240 192 3615
LOADEV 2241 193 342b
LOADEV 2242 194 3131
LOADEV 2243 195 2b34
LOADEV 2244 196 1436
LOADEV 2245 197 aa35
LOADEV 2246 198 b232
LOADEV 2247 199 b529
LOADEV 2248 200 b593
LOADEV 2249 201 b4aa
LOADEV 2250 202 b2b1
LOADEV 2251 203 acb4
LOADEV 2252 204 90b6
LOADEV 2253 205 2bb5
LOADEV 2254 206 32b1
LOADEV 2255 207 35a9
LOADEV 2256 208 350a
LOADEV 2257 209 3429
LOADEV 2258 210 3231
LOADEV 2259 211 2c35
LOADEV 2260 212 0036
LOADEV 2261 213 ac35
LOADEV 2262 214 b231
LOADEV 2263 215 b429
LOADEV 2264 216 b500
LOADEV 2265 217 b4a9
LOADEV 2266 218 b2b1
LOADEV 2267 219 acb5
LOADEV 2268 220 0cb6
LOADEV 2269 221 2cb4
LOADEV 2270 222 32b1
LOADEV 2271 223 34aa
LOADEV 2272 224 3591
LOADEV 2273 225 3529
LOADEV 2274 226 3232
LOADEV 2275 227 2b35
LOADEV 2276 228 9336
LOADEV 2277 229 ac34
LOADEV 2278 230 b131
LOADEV 2279 231 b42b
LOADEV 2280 232 b515
LOADEV 2281 233 b5aa
LOADEV 2282 234 b2b2
LOADEV 2283 235 aab5
LOADEV 2284 236 15b6
LOADEV 2285 237 2bb4
LOADEV 2286 238 31b1
LOADEV 2287 239 34ab
LOADEV 2288 240 3694
LOADEV 2289 241 352b
LOADEV 2290 242 3232
LOADEV 2291 243 2935
LOADEV 2292 244 9235
LOADEV 2293 245 aa34
LOADEV 2294 246 b132
LOADEV 2295 247 b42c
LOADEV 2296 248 b60e
LOADEV 2297 249 b5ab
LOADEV 2298 250 b1b2
LOADEV 2299 251 a9b5
LOADEV 2300 252 00b5
LOADEV 2301 253 29b4
LOADEV 2302 254 31b2
LOADEV 2303 255 35ac
STOREV 2048 0 0000
STOREV 2049 1 8a90
STOREV 2050 2 9923
STOREV 2051 3 0098
STOREV 2052 4 0000
STOREV 2053 5 a121
STOREV 2054 6 2224
STOREV 2055 7 1ca1
STOREV 2056 8 384e
STOREV 2057 9 8615
STOREV 2058 10 258b
STOREV 2059 11 2430
STOREV 2060 12 0000
STOREV 2061 13 1e10
STOREV 2062 14 169f
STOREV 2063 15 1408
STOREV 2064 16 7400
STOREV 2065 17 9682
STOREV 2066 18 8a92
STOREV 2067 19 8124
STOREV 2068 20 0000
STOREV 2069 21 9412
STOREV 2070 22 1a01
STOREV 2071 23 089f
STOREV 2072 24 38cd
STOREV 2073 25 9025
STOREV 2074 26 20a2
STOREV 2075 27 2938
STOREV 2076 28 0000
STOREV 2077 29 1a88
STOREV 2078 30 9ca6
STOREV 2079 31 1a20
STOREV 2080 32 0000
STOREV 2081 33 2a08
STOREV 2082 34 a69c
STOREV 2083 35 9d1d
STOREV 2084 36 0000
STOREV 2085 37 9a00
STOREV 2086 38 a220
STOREV 2087 39 26a2
STOREV 2088 40 38be
STOREV 2089 41 0caa
STOREV 2090 42 011a
STOREV 2091 43 2d46
STOREV 2092 44 0000
STOREV 2093 45 1c12
STOREV 2094 46 928a
STOREV 2095 47 999e
STOREV 2096 48 0000
STOREV 2097 49 9a00
STOREV 2098 50 9f16
STOREV 2099 51 4a10
STOREV 2100 52 0000
STOREV 2101 53 0a9f
STOREV 2102 54 8b25
STOREV 2103 55 20a2
STOREV 2104 56 37b1
STOREV 2105 57 0898
STOREV 2106 58 2422
STOREV 2107 59 2ec4
STOREV 2108 60 0000
STOREV 2109 61 979e
STOREV 2110 62 2399
STOREV 2111 63 a8a2
STOREV 2112 64 0000
STOREV 2113 65 9398
STOREV 2114 66 159f
STOREV 2115 67 90a4
STOREV 2116 68 0000
STOREV 2117 69 a688
STOREV 2118 70 8787
STOREV 2119 71 0024
STOREV 2120 72 3834
STOREV 2121 73 0b96
STOREV 2122 74 1d8d
STOREV 2123 75 24b8
STOREV 2124 76 0000
STOREV 2125 77 8823
STOREV 2126 78 1aa3
STOREV 2127 79 0ca7
STOREV 2128 80 30c4
STOREV 2129 81 979e
STOREV 2130 82 9da5
STOREV 2131 83 0014
STOREV 2132 84 0000
STOREV 2133 85 0813
STOREV 2134 86 a690
STOREV 2135 87 169b
STOREV 2136 88 39ba
STOREV 2137 89 889c
STOREV 2138 90 9d20
STOREV 2139 91 2eb2
STOREV 2140 92 0000
STOREV 2141 93 1b12
STOREV 2142 94 0c10
STOREV 2143 95 a4b1
STOREV 2144 96 0000
STOREV 2145 97 9f9b
STOREV 2146 98 908c
STOREV 2147 99 9294
STOREV 2148 100 0000
STOREV 2149 101 829a
STOREV 2150 102 a01d
STOREV 2151 103 b620
STOREV 2152 104 3820
STOREV 2153 105 0210
STOREV 2154 106 1026
STOREV 2155 107 2bae
STOREV 2156 108 0000
STOREV 2157 109 140e
STOREV 2158 110 251d
STOREV 2159 111 8330
STOREV 2160 112 0000
STOREV 2161 113 8aa8
STOREV 2162 114 239a
STOREV 2163 115 0fa2
STOREV 2164 116 0000
STOREV 2165 117 1aa6
STOREV 2166 118 0d9d
STOREV 2167 119 0022
STOREV 2168 120 3838
STOREV 2169 121 ae99
STOREV 2170 122 0707
STOREV 2171 123 22ae
STOREV 2172 124 0000
STOREV 2173 125 a09a
STOREV 2174 126 1f95
STOREV 2175 127 1f22
STOREV 2176 128 0000
STOREV 2177 129 a028
STOREV 2178 130 19a3
STOREV 2179 131 a098
STOREV 2180 132 0000
STOREV 2181 133 a190
STOREV 2182 134 a2a4
STOREV 2183 135 0e88
STOREV 2184 136 384a
STOREV 2185 137 0a8a
STOREV 2186 138 a50b
STOREV 2187 139 1990
STOREV 2188 140 0000
STOREV 2189 141 9e24
STOREV 2190 142 961f
STOREV 2191 143 2023
STOREV 2192 144 0000
STOREV 2193 145 9d04
STOREV 2194 146 0a12
STOREV 2195 147 01a0
STOREV 2196 148 0000
STOREV 2197 149 2012
STOREV 2198 150 9a81
STOREV 2199 151 1a8c
STOREV 2200 152 38cb
STOREV 2201 153 1094
STOREV 2202 154 a022
STOREV 2203 155 18a0
STOREV 2204 156 0000
STOREV 2205 157 1298
STOREV 2206 158 1c26
STOREV 2207 159 1a20
STOREV 2208 160 0000
STOREV 2209 161 a408
STOREV 2210 162 261c
STOREV 2211 163 8c26
STOREV 2212 164 0000
STOREV 2213 165 81a8
STOREV 2214 166 22a0
STOREV 2215 167 26a2
STOREV 2216 168 38c0
STOREV 2217 169 161e
STOREV 2218 170 819a
STOREV 2219 171 2920
STOREV 2220 172 0000
STOREV 2221 173 ad92
STOREV 2222 174 120a
STOREV 2223 175 999e
STOREV 2224 176 0000
STOREV 2225 177 9aa8
STOREV 2226 178 1f96
STOREV 2227 179 0022
STOREV 2228 180 0000
STOREV 2229 181 8824
STOREV 2230 182 0ba5
STOREV 2231 183 1a9f
STOREV 2232 184 37be
STOREV 2233 185 ac18
STOREV 2234 186 a4a2
STOREV 2235 187 2aa0
STOREV 2236 188 0000
STOREV 2237 189 9793
STOREV 2238 190 a319
STOREV 2239 191 a4a2
STOREV 2240 192 0000
STOREV 2241 193 9c29
STOREV 2242 194 951f
STOREV 2243 195 9a29
STOREV 2244 196 0000
STOREV 2245 197 9620
STOREV 2246 198 0707
STOREV 2247 199 a019
STOREV 2248 200 38c5
STOREV 2249 201 871b
STOREV 2250 202 9d0d
STOREV 2251 203 332a
STOREV 2252 204 0000
STOREV 2253 205 0814
STOREV 2254 206 9a23
STOREV 2255 207 a414
STOREV 2256 208 4f44
STOREV 2257 209 9c1e
STOREV 2258 210 1d25
STOREV 2259 211 289e
STOREV 2260 212 0000
STOREV 2261 213 1811
STOREV 2262 214 2610
STOREV 2263 215 9822
STOREV 2264 216 3647
STOREV 2265 217 0828
STOREV 2266 218 1da0
STOREV 2267 219 2e1c
STOREV 2268 220 0000
STOREV 2269 221 109f
STOREV 2270 222 8c90
STOREV 2271 223 0c98
STOREV 2272 224 0000
STOREV 2273 225 281f
STOREV 2274 226 100c
STOREV 2275 227 9a98
STOREV 2276 228 0000
STOREV 2277 229 9aa3
STOREV 2278 230 209d
STOREV 2279 231 9c19
STOREV 2280 232 3640
STOREV 2281 233 19a6
STOREV 2282 234 90a6
STOREV 2283 235 2b2a
STOREV 2284 236 0000
STOREV 2285 237 ac8a
STOREV 2286 238 a59d
STOREV 2287 239 811e
STOREV 2288 240 0000
STOREV 2289 241 a008
STOREV 2290 242 a31a
STOREV 2291 243 8fa2
STOREV 2292 244 0000
STOREV 2293 245 9a29
STOREV 2294 246 8d1d
STOREV 2295 247 0024
STOREV 2296 248 3843
STOREV 2297 249 1419
STOREV 2298 250 8787
STOREV 2299 251 2a24
STOREV 2300 252 0000
STOREV 2301 253 0a9a
STOREV 2302 254 9f15
STOREV 2303 255 2a1c
LOADEV 2304 0 3600
LOADEV 2305 1 3600
LOADEV 2306 2 3600
LOADEV 2307 3 3600
LOADEV 2308 4 3600
LOADEV 2309 5 b600
LOADEV 2310 6 b600
LOADEV 2311 7 3600
LOADEV 2312 8 3600
LOADEV 2313 9 b600
LOADEV 2314 10 3600
LOADEV 2315 11 b600
LOADEV 2316 12 3600
LOADEV 2317 13 0000
LOADEV 2318 14 0000
LOADEV 2319 15 0000
LOADEV 2320 16 0000
LOADEV 2321 17 0000
LOADEV 2322 18 0000
LOADEV 2323 19 0000
LOADEV 2324 20 0000
LOADEV 2325 21 0000
LOADEV 2326 22 0000
LOADEV 2327 23 0000
LOADEV 2328 24 0000
LOADEV 2329 25 0000
LOADEV 2330 26 0000
LOADEV 2331 27 0000
LOADEV 2332 28 0000
LOADEV 2333 29 0000
LOADEV 2334 30 0000
LOADEV 2335 31 0000
LOADEV 2336 32 0000
LOADEV 2337 33 0000
LOADEV 2338 34 0000
LOADEV 2339 35 0000
LOADEV 2340 36 0000
LOADEV 2341 37 0000
LOADEV 2342 38 0000
LOADEV 2343 39 0000
LOADEV 2344 40 0000
LOADEV 2345 41 0000
LOADEV 2346 42 0000
LOADEV 2347 43 0000
LOADEV 2348 44 0000
LOADEV 2349 45 0000
LOADEV 2350 46 0000
LOADEV 2351 47 0000
LOADEV 2352 48 0000
LOADEV 2353 49 0000
LOADEV 2354 50 0000
LOADEV 2355 51 0000
LOADEV 2356 52 0000
LOADEV 2357 53 0000
LOADEV 2358 54 0000
LOADEV 2359 55 0000
LOADEV 2360 56 0000
LOADEV 2361 57 0000
LOADEV 2362 58 0000
LOADEV 2363 59 0000
LOADEV 2364 60 0000
LOADEV 2365 61 0000
LOADEV 2366 62 0000
LOADEV 2367 63 0000
LOADEV 2368 64 0000
LOADEV 2369 65 0000
LOADEV 2370 66 0000
LOADEV 2371 67 0000
LOADEV 2372 68 0000
LOADEV 2373 69 0000
LOADEV 2374 70 0000
LOADEV 2375 71 0000
LOADEV 2376 72 0000
LOADEV 2377 73 0000
LOADEV 2378 74 0000
LOADEV 2379 75 0000
LOADEV 2380 76 0000
LOADEV 2381 77 0000
LOADEV 2382 78 0000
LOADEV 2383 79 0000
LOADEV 2384 80 0000
LOADEV 2385 81 0000
LOADEV 2386 82 0000
LOADEV 2387 83 0000
LOADEV 2388 84 0000
LOADEV 2389 85 0000
LOADEV 2390 86 0000
LOADEV 2391 87 0000
LOADEV 2392 88 0000
LOADEV 2393 89 0000
LOADEV 2394 90 0000
LOADEV 2395 91 0000
LOADEV 2396 92 0000
LOADEV 2397 93 0000
LOADEV 2398 94 0000
LOADEV 2399 95 0000
LOADEV 2400 96 0000
LOADEV 2401 97 0000
LOADEV 2402 98 0000
LOADEV 2403 99 0000
LOADEV 2404 100 0000
LOADEV 2405 101 0000
LOADEV 2406 102 0000
LOADEV 2407 103 0000
LOADEV 2408 104 0000
LOADEV 2409 105 0000
LOADEV 2410 106 0000
LOADEV 2411 107 0000
LOADEV 2412 108 0000
LOADEV 2413 109 0000
LOADEV 2414 110 0000
LOADEV 2415 111 0000
LOADEV 2416 112 0000
LOADEV 2417 113 0000
LOADEV 2418 114 0000
LOADEV 2419 115 0000
LOADEV 2420 116 0000
LOADEV 2421 117 0000
LOADEV 2422 118 0000
LOADEV 2423 119 0000
LOADEV 2424 120 0000
LOADEV 2425 121 0000
LOADEV 2426 122 0000
LOADEV 2427 123 0000
LOADEV 2428 124 0000
LOADEV 2429 125 0000
LOADEV 2430 126 0000
LOADEV 2431 127 0000
LOADEV 2432 128 0000
LOADEV 2433 129 0000
LOADEV 2434 130 0000
LOADEV 2435 131 0000
LOADEV 2436 132 0000
LOADEV 2437 133 0000
LOADEV 2438 134 0000
LOADEV 2439 135 0000
LOADEV 2440 136 0000
LOADEV 2441 137 0000
LOADEV 2442 138 0000
LOADEV 2443 139 0000
LOADEV 2444 140 0000
LOADEV 2445 141 0000
LOADEV 2446 142 0000
LOADEV 2447 143 0000
LOADEV 2448 144 0000
LOADEV 2449 145 0000
LOADEV 2450 146 0000
LOADEV 2451 147 0000
LOADEV 2452 148 0000
LOADEV 2453 149 0000
LOADEV 2454 150 0000
LOADEV 2455 151 0000
LOADEV 2456 152 0000
LOADEV 2457 153 0000
LOADEV 2458 154 0000
LOADEV 2459 155 0000
LOADEV 2460 156 0000
LOADEV 2461 157 0000
LOADEV 2462 158 0000
LOADEV 2463 159 0000
LOADEV 2464 160 0000
LOADEV 2465 161 0000
LOADEV 2466 162 0000
LOADEV 2467 163 0000
LOADEV 2468 164 0000
LOADEV 2469 165 0000
LOADEV 2470 166 0000
LOADEV 2471 167 0000
LOADEV 2472 168 0000
LOADEV 2473 169 0000
LOADEV 2474 170 0000
LOADEV 2475 171 0000
LOADEV 2476 172 0000
LOADEV 2477 173 0000
LOADEV 2478 174 0000
LOADEV 2479 175 0000
LOADEV 2480 176 0000
LOADEV 2481 177 0000
LOADEV 2482 178 0000
LOADEV 2483 179 0000
LOADEV 2484 180 0000
LOADEV 2485 181 0000
LOADEV 2486 182 0000
LOADEV 2487 183 0000
LOADEV 2488 184 0000
LOADEV 2489 185 0000
LOADEV 2490 186 0000
LOADEV 2491 187 0000
LOADEV 2492 188 0000
LOADEV 2493 189 0000
LOADEV 2494 190 0000
LOADEV 2495 191 0000
LOADEV 2496 192 0000
LOADEV 2497 193 0000
LOADEV 2498 194 0000
LOADEV 2499 195 0000
LOADEV 2500 196 0000
LOADEV 2501 197 0000
LOADEV 2502 198 0000
LOADEV 2503 199 0000
LOADEV 2504 200 0000
LOADEV 2505 201 0000
LOADEV 2506 202 0000
LOADEV 2507 203 0000
LOADEV 2508 204 0000
LOADEV 2509 205 0000
LOADEV 2510 206 0000
LOADEV 2511 207 0000
LOADEV 2512 208 0000
LOADEV 2513 209 0000
LOADEV 2514 210 0000
LOADEV 2515 211 0000
LOADEV 2516 212 0000
LOADEV 2517 213 0000
LOADEV 2518 214 0000
LOADEV 2519 215 0000
LOADEV 2520 216 0000
LOADEV 2521 217 0000
LOADEV 2522 218 0000
LOADEV 2523 219 0000
LOADEV 2524 220 0000
LOADEV 2525 221 0000
LOADEV 2526 222 0000
LOADEV 2527 223 0000
LOADEV 2528 224 0000
LOADEV 2529 225 0000
LOADEV 2530 226 0000
LOADEV 2531 227 0000
LOADEV 2532 228 0000
LOADEV 2533 229 0000
LOADEV 2534 230 0000
LOADEV 2535 231 0000
LOADEV 2536 232 0000
LOADEV 2537 233 0000
LOADEV 2538 234 0000
LOADEV 2539 235 0000
LOADEV 2540 236 0000
LOADEV 2541 237 0000
LOADEV 2542 238 0000
LOADEV 2543 239 0000
LOADEV 2544 240 0000
LOADEV 2545 241 0000
LOADEV 2546 242 0000
LOADEV 2547 243 0000
LOADEV 2548 244 0000
LOADEV 2549 245 0000
LOADEV 2550 246 0000
LOADEV 2551 247 0000
LOADEV 2552 248 0000
LOADEV 2553 249 0000
LOADEV 2554 250 0000
LOADEV 2555 251 0000
LOADEV 2556 252 0000
LOADEV 2557 253 0000
LOADEV 2558 254 0000
LOADEV 2559 255 0000
STOREV 2304 0 4800
STOREV 2305 1 48ab
STOREV 2306 2 48b3
STOREV 2307 3 48b7
STOREV 2308 4 48b9
STOREV 2309 5 46bd
STOREV 2310 6 44bc
STOREV 2311 7 44bd
STOREV 2312 8 43bc
STOREV 2313 9 42bc
STOREV 2314 10 41be
STOREV 2315 11 42bb
STOREV 2316 12 40b9
STOREV 2317 13 41bb
STOREV 2318 14 40ba
STOREV 2319 15 42bb
STOREV 2320 16 42ba
STOREV 2321 17 42bb
STOREV 2322 18 42bb
STOREV 2323 19 42ba
STOREV 2324 20 42bc
STOREV 2325 21 42bc
STOREV 2326 22 42c0
STOREV 2327 23 41c0
STOREV 2328 24 42c0
STOREV 2329 25 40c0
STOREV 2330 26 42c2
STOREV 2331 27 3ec2
STOREV 2332 28 3cc2
STOREV 2333 29 3cc2
STOREV 2334 30 3cc2
STOREV 2335 31 3bc2
STOREV 2336 32 3ac2
STOREV 2337 33 38c2
STOREV 2338 34 37c2
STOREV 2339 35 38c2
STOREV 2340 36 34c2
STOREV 2341 37 31c3
STOREV 2342 38 30c4
STOREV 2343 39 20c2
STOREV 2344 40 00c4
STOREV 2345 41 a4c3
STOREV 2346 42 b2c3
STOREV 2347 43 b9c4
STOREV 2348 44 bcc3
STOREV 2349 45 bcc2
STOREV 2350 46 c0c1
STOREV 2351 47 c2bc
STOREV 2352 48 c2bb
STOREV 2353 49 c3b9
STOREV 2354 50 c2b2
STOREV 2355 51 c228
STOREV 2356 52 c231
STOREV 2357 53 c238
STOREV 2358 54 be3e
STOREV 2359 55 bc3e
STOREV 2360 56 b842
STOREV 2361 57 b042
STOREV 2362 58 0043
STOREV 2363 59 3444
STOREV 2364 60 3842
STOREV 2365 61 3b42
STOREV 2366 62 4040
STOREV 2367 63 413e
STOREV 2368 64 423e
STOREV 2369 65 4338
STOREV 2370 66 4432
STOREV 2371 67 4230
STOREV 2372 68 44a0
STOREV 2373 69 43ac
STOREV 2374 70 42b0
STOREV 2375 71 42b6
STOREV 2376 72 42b7
STOREV 2377 73 42ba
STOREV 2378 74 41bc
STOREV 2379 75 42bc
STOREV 2380 76 40c0
STOREV 2381 77 3fbe
STOREV 2382 78 3dc2
STOREV 2383 79 3ec2
STOREV 2384 80 3bc2
STOREV 2385 81 38c2
STOREV 2386 82 35c3
STOREV 2387 83 28c2
STOREV 2388 84 00c5
STOREV 2389 85 acc4
STOREV 2390 86 b9c3
STOREV 2391 87 bcc1
STOREV 2392 88 c1c0
STOREV 2393 89 c0bc
STOREV 2394 90 c2b8
STOREV 2395 91 c2a8
STOREV 2396 92 c328
STOREV 2397 93 c235
STOREV 2398 94 c03c
STOREV 2399 95 bc3d
STOREV 2400 96 ba42
STOREV 2401 97 ac42
STOREV 2402 98 2442
STOREV 2403 99 3742
STOREV 2404 100 3c42
STOREV 2405 101 3e40
STOREV 2406 102 423c
STOREV 2407 103 4435
STOREV 2408 104 462a
STOREV 2409 105 43b3
STOREV 2410 106 42ba
STOREV 2411 107 42c0
STOREV 2412 108 40c2
STOREV 2413 109 3ac2
STOREV 2414 110 20c2
STOREV 2415 111 b0c2
STOREV 2416 112 bac2
STOREV 2417 113 bdbf
STOREV 2418 114 c0ba
STOREV 2419 115 c1ac
STOREV 2420 116 c22f
STOREV 2421 117 c239
STOREV 2422 118 be40
STOREV 2423 119 b842
STOREV 2424 120 b444
STOREV 2425 121 0046
STOREV 2426 122 3646
STOREV 2427 123 4046
STOREV 2428 124 4444
STOREV 2429 125 4442
STOREV 2430 126 483c
STOREV 2431 127 4834
STOREV 2432 128 4800
STOREV 2433 129 48b4
STOREV 2434 130 48bc
STOREV 2435 131 44c2
STOREV 2436 132 44c4
STOREV 2437 133 40c6
STOREV 2438 134 36c6
STOREV 2439 135 00c6
STOREV 2440 136 b4c4
STOREV 2441 137 b8c2
STOREV 2442 138 bec0
STOREV 2443 139 c2b9
STOREV 2444 140 c2af
STOREV 2445 141 c12c
STOREV 2446 142 c03a
STOREV 2447 143 bd3f
STOREV 2448 144 ba42
STOREV 2449 145 b042
STOREV 2450 146 2042
STOREV 2451 147 3a42
STOREV 2452 148 4042
STOREV 2453 149 4240
STOREV 2454 150 423a
STOREV 2455 151 4333
STOREV 2456 152 46aa
STOREV 2457 153 44b5
STOREV 2458 154 42bc
STOREV 2459 155 3ec0
STOREV 2460 156 3cc2
STOREV 2461 157 37c2
STOREV 2462 158 24c2
STOREV 2463 159 acc2
STOREV 2464 160 bac2
STOREV 2465 161 bcbd
STOREV 2466 162 c0bc
STOREV 2467 163 c2b5
STOREV 2468 164 c3a8
STOREV 2469 165 c228
STOREV 2470 166 c238
STOREV 2471 167 c03c
STOREV 2472 168 c140
STOREV 2473 169 bc41
STOREV 2474 170 b943
STOREV 2475 171 ac44
STOREV 2476 172 0045
STOREV 2477 173 2842
STOREV 2478 174 3543
STOREV 2479 175 3842
STOREV 2480 176 3b42
STOREV 2481 177 3e42
STOREV 2482 178 3d42
STOREV 2483 179 3f3e
STOREV 2484 180 4040
STOREV 2485 181 423c
STOREV 2486 182 413c
STOREV 2487 183 423a
STOREV 2488 184 4237
STOREV 2489 185 4236
STOREV 2490 186 4230
STOREV 2491 187 432c
STOREV 2492 188 4420
STOREV 2493 189 42b0
STOREV 2494 190 44b2
STOREV 2495 191 43b8
STOREV 2496 192 42be
STOREV 2497 193 41be
STOREV 2498 194 40c0
STOREV 2499 195 3bc2
STOREV 2500 196 38c2
STOREV 2501 197 34c4
STOREV 2502 198 00c3
STOREV 2503 199 b0c2
STOREV 2504 200 b8c2
STOREV 2505 201 bcbe
STOREV 2506 202 bebe
STOREV 2507 203 c2b8
STOREV 2508 204 c2b1
STOREV 2509 205 c2a8
STOREV 2510 206 c232
STOREV 2511 207 c339
STOREV 2512 208 c23b
STOREV 2513 209 c23c
STOREV 2514 210 c041
STOREV 2515 211 bc42
STOREV 2516 212 bc43
STOREV 2517 213 b944
STOREV 2518 214 b243
STOREV 2519 215 a443
STOREV 2520 216 0044
STOREV 2521 217 2042
STOREV 2522 218 3044
STOREV 2523 219 3143
STOREV 2524 220 3442
STOREV 2525 221 3842
STOREV 2526 222 3742
STOREV 2527 223 3842
STOREV 2528 224 3a42
STOREV 2529 225 3b42
STOREV 2530 226 3c42
STOREV 2531 227 3c42
STOREV 2532 228 3c42
STOREV 2533 229 3e42
STOREV 2534 230 4242
STOREV 2535 231 4040
STOREV 2536 232 4240
STOREV 2537 233 4140
STOREV 2538 234 4240
STOREV 2539 235 423c
STOREV 2540 236 423c
STOREV 2541 237 423a
STOREV 2542 238 423b
STOREV 2543 239 423b
STOREV 2544 240 423a
STOREV 2545 241 423b
STOREV 2546 242 403a
STOREV 2547 243 413b
STOREV 2548 244 4039
STOREV 2549 245 423b
STOREV 2550 246 413e
STOREV 2551 247 423c
STOREV 2552 248 433c
STOREV 2553 249 443d
STOREV 2554 250 443c
STOREV 2555 251 463d
STOREV 2556 252 4839
STOREV 2557 253 4837
STOREV 2558 254 4833
STOREV 2559 255 482b
LOADEV 2560 0 1900
LOADEV 2561 1 1416
LOADEV 2562 2 8019
LOADEV 2563 3 9811
LOADEV 2564 4 998f
LOADEV 2565 5 8b99
LOADEV 2566 6 1398
LOADEV 2567 7 1a80
LOADEV 2568 8 1616
LOADEV 2569 9 801a
LOADEV 2570 10 9914
LOADEV 2571 11 9b8d
LOADEV 2572 12 919b
LOADEV 2573 13 139b
LOADEV 2574 14 1c8a
LOADEV 2575 15 1a18
LOADEV 2576 16 801d
LOADEV 2577 17 9b19
LOADEV 2578 18 9e8b
LOADEV 2579 19 969d
LOADEV 2580 20 149e
LOADEV 2581 21 1f91
LOADEV 2582 22 1e19
LOADEV 2583 23 0021
LOADEV 2584 24 9d1d
LOADEV 2585 25 a180
LOADEV 2586 26 9ba0
LOADEV 2587 27 14a2
LOADEV 2588 28 2298
LOADEV 2589 29 221a
LOADEV 2590 30 1123
LOADEV 2591 31 9f21
LOADEV 2592 32 a480
LOADEV 2593 33 a0a2
LOADEV 2594 34 12a5
LOADEV 2595 35 249d
LOADEV 2596 36 251b
LOADEV 2597 37 1926
LOADEV 2598 38 a125
LOADEV 2599 39 a70c
LOADEV 2600 40 a4a4
LOADEV 2601 41 0da8
LOADEV 2602 42 27a2
LOADEV 2603 43 291b
LOADEV 2604 44 1e29
LOADEV 2605 45 a129
LOADEV 2606 46 aa17
LOADEV 2607 47 a7a5
LOADEV 2608 48 80ab
LOADEV 2609 49 28a6
LOADEV 2610 50 2b19
LOADEV 2611 51 232a
LOADEV 2612 52 a12b
LOADEV 2613 53 ac1e
LOADEV 2614 54 aaa6
LOADEV 2615 55 92ad
LOADEV 2616 56 29a9
LOADEV 2617 57 2d12
LOADEV 2618 58 272b
LOADEV 2619 59 a02d
LOADEV 2620 60 ad23
LOADEV 2621 61 ada6
LOADEV 2622 62 9caf
LOADEV 2623 63 2aac
LOADEV 2624 64 2f00
LOADEV 2625 65 2a2c
LOADEV 2626 66 9d2f
LOADEV 2627 67 af27
LOADEV 2628 68 afa5
LOADEV 2629 69 a2b0
LOADEV 2630 70 2aaf
LOADEV 2631 71 3196
LOADEV 2632 72 2d2d
LOADEV 2633 73 9731
LOADEV 2634 74 af2a
LOADEV 2635 75 b1a3
LOADEV 2636 76 a7b1
LOADEV 2637 77 29b1
LOADEV 2638 78 329f
LOADEV 2639 79 2f2d
LOADEV 2640 80 8032
LOADEV 2641 81 b02d
LOADEV 2642 82 b2a0
LOADEV 2643 83 aab2
LOADEV 2644 84 28b2
LOADEV 2645 85 33a5
LOADEV 2646 86 312c
LOADEV 2647 87 1933
LOADEV 2648 88 b030
LOADEV 2649 89 b499
LOADEV 2650 90 adb2
LOADEV 2651 91 26b3
LOADEV 2652 92 33a9
LOADEV 2653 93 332b
LOADEV 2654 94 2234
LOADEV 2655 95 af32
LOADEV 2656 96 b500
LOADEV 2657 97 b0b2
LOADEV 2658 98 22b4
LOADEV 2659 99 33ac
LOADEV 2660 100 342a
LOADEV 2661 101 2734
LOADEV 2662 102 af33
LOADEV 2663 103 b51a
LOADEV 2664 104 b1b1
LOADEV 2665 105 1bb5
LOADEV 2666 106 33af
LOADEV 2667 107 3527
LOADEV 2668 108 2a35
LOADEV 2669 109 ad34
LOADEV 2670 110 b623
LOADEV 2671 111 b3b1
LOADEV 2672 112 80b6
LOADEV 2673 113 33b1
LOADEV 2674 114 3623
LOADEV 2675 115 2d34
LOADEV 2676 116 ab35
LOADEV 2677 117 b628
LOADEV 2678 118 b4af
LOADEV 2679 119 9bb6
LOADEV 2680 120 32b2
LOADEV 2681 121 361b
LOADEV 2682 122 2f34
LOADEV 2683 123 a836
LOADEV 2684 124 b52b
LOADEV 2685 125 b5ae
LOADEV 2686 126 a3b6
LOADEV 2687 127 31b3
LOADEV 2688 128 3600
LOADEV 2689 129 3133
LOADEV 2690 130 a336
LOADEV 2691 131 b52e
LOADEV 2692 132 b5ab
LOADEV 2693 133 a8b6
LOADEV 2694 134 2fb4
LOADEV 2695 135 369b
LOADEV 2696 136 3232
LOADEV 2697 137 9b36
LOADEV 2698 138 b42f
LOADEV 2699 139 b6a8
LOADEV 2700 140 abb5
LOADEV 2701 141 2db4
LOADEV 2702 142 36a3
LOADEV 2703 143 3331
LOADEV 2704 144 8036
LOADEV 2705 145 b331
LOADEV 2706 146 b5a3
LOADEV 2707 147 adb4
LOADEV 2708 148 2ab5
LOADEV 2709 149 35a7
LOADEV 2710 150 332f
LOADEV 2711 151 1a35
LOADEV 2712 152 b131
LOADEV 2713 153 b59a
LOADEV 2714 154 aeb3
LOADEV 2715 155 27b4
LOADEV 2716 156 34aa
LOADEV 2717 157 332c
LOADEV 2718 158 2234
LOADEV 2719 159 af32
LOADEV 2720 160 b480
LOADEV 2721 161 afb1
LOADEV 2722 162 21b4
LOADEV 2723 163 33ab
LOADEV 2724 164 3329
LOADEV 2725 165 2633
LOADEV 2726 166 ad32
LOADEV 2727 167 b319
LOADEV 2728 168 b0b0
LOADEV 2729 169 19b3
LOADEV 2730 170 31ac
LOADEV 2731 171 3225
LOADEV 2732 172 2832
LOADEV 2733 173 aa31
LOADEV 2734 174 b220
LOADEV 2735 175 b0ad
LOADEV 2736 176 80b2
LOADEV 2737 177 2fad
LOADEV 2738 178 321f
LOADEV 2739 179 2931
LOADEV 2740 180 a731
LOADEV 2741 181 b123
LOADEV 2742 182 afaa
LOADEV 2743 183 96b1
LOADEV 2744 184 2dad
LOADEV 2745 185 3116
LOADEV 2746 186 2a2e
LOADEV 2747 187 a230
LOADEV 2748 188 af25
LOADEV 2749 189 aea7
LOADEV 2750 190 9caf
LOADEV 2751 191 2aac
LOADEV 2752 192 2f80
LOADEV 2753 193 2a2c
LOADEV 2754 194 9b2e
LOADEV 2755 195 ad26
LOADEV 2756 196 ada3
LOADEV 2757 197 9fad
LOADEV 2758 198 27ab
LOADEV 2759 199 2d92
LOADEV 2760 200 2929
LOADEV 2761 201 922c
LOADEV 2762 202 aa25
LOADEV 2763 203 ab9e
LOADEV 2764 204 a1ab
LOADEV 2765 205 23aa
LOADEV 2766 206 2b98
LOADEV 2767 207 2825
LOADEV 2768 208 802a
LOADEV 2769 209 a725
LOADEV 2770 210 a997
LOADEV 2771 211 a1a8
LOADEV 2772 212 1ea8
LOADEV 2773 213 289a
LOADEV 2774 214 2621
LOADEV 2775 215 0d28
LOADEV 2776 216 a323
LOADEV 2777 217 a78c
LOADEV 2778 218 a0a4
LOADEV 2779 219 18a6
LOADEV 2780 220 259b
LOADEV 2781 221 241d
LOADEV 2782 222 1225
LOADEV 2783 223 9f22
LOADEV 2784 224 a400
LOADEV 2785 225 9fa1
LOADEV 2786 226 11a3
LOADEV 2787 227 219a
LOADEV 2788 228 2117
LOADEV 2789 229 1321
LOADEV 2790 230 9b1f
LOADEV 2791 231 a100
LOADEV 2792 232 9c9c
LOADEV 2793 233 00a0
LOADEV 2794 234 1d99
LOADEV 2795 235 1f11
LOADEV 2796 236 131e
LOADEV 2797 237 961d
LOADEV 2798 238 9e0b
LOADEV 2799 239 9a98
LOADEV 2800 240 009d
LOADEV 2801 241 1a97
LOADEV 2802 242 1c09
LOADEV 2803 243 131a
LOADEV 2804 244 911a
LOADEV 2805 245 9a0d
LOADEV 2806 246 9994
LOADEV 2807 247 809a
LOADEV 2808 248 1696
LOADEV 2809 249 1a00
LOADEV 2810 250 1317
LOADEV 2811 251 8b19
LOADEV 2812 252 990e
LOADEV 2813 253 9891
LOADEV 2814 254 8099
LOADEV 2815 255 1496
STOREV 2560 0 20a1
STOREV 2561 1 951a
STOREV 2562 2 a69a
STOREV 2563 3 88b0
STOREV 2564 4 30aa
STOREV 2565 5 4238
STOREV 2566 6 1f2a
STOREV 2567 7 2028
STOREV 2568 8 a4a8
STOREV 2569 9 9b1a
STOREV 2570 10 8820
STOREV 2571 11 baa8
STOREV 2572 12 acbe
STOREV 2573 13 26ba
STOREV 2574 14 2224
STOREV 2575 15 28a3
STOREV 2576 16 ae81
STOREV 2577 17 2129
STOREV 2578 18 1090
STOREV 2579 19 34be
STOREV 2580 20 3e3c
STOREV 2581 21 3034
STOREV 2582 22 2a00
STOREV 2583 23 2a81
STOREV 2584 24 a42a
STOREV 2585 25 2aac
STOREV 2586 26 9a18
STOREV 2587 27 b430
STOREV 2588 28 aeb8
STOREV 2589 29 3841
STOREV 2590 30 1aa5
STOREV 2591 31 25b4
STOREV 2592 32 2323
STOREV 2593 33 b29e
STOREV 2594 34 0b1d
STOREV 2595 35 e4ba
STOREV 2596 36 6e30
STOREV 2597 37 e63c
STOREV 2598 38 939a
STOREV 2599 39 b294
STOREV 2600 40 20a6
STOREV 2601 41 8832
STOREV 2602 42 2403
STOREV 2603 43 31b2
STOREV 2604 44 ad42
STOREV 2605 45 c4bf
STOREV 2606 46 9892
STOREV 2607 47 2b20
STOREV 2608 48 aaaa
STOREV 2609 49 2792
STOREV 2610 50 23a3
STOREV 2611 51 3abc
STOREV 2612 52 42be
STOREV 2613 53 3cb9
STOREV 2614 54 071b
STOREV 2615 55 82ae
STOREV 2616 56 ae1c
STOREV 2617 57 8e1b
STOREV 2618 58 90a6
STOREV 2619 59 3440
STOREV 2620 60 9341
STOREV 2621 61 3934
STOREV 2622 62 01a7
STOREV 2623 63 a398
STOREV 2624 64 9e2c
STOREV 2625 65 21a0
STOREV 2626 66 8da1
STOREV 2627 67 c2b0
STOREV 2628 68 c49c
STOREV 2629 69 b22c
STOREV 2630 70 ae99
STOREV 2631 71 001d
STOREV 2632 72 251c
STOREV 2633 73 aa12
STOREV 2634 74 a10a
STOREV 2635 75 2a98
STOREV 2636 76 2ac8
STOREV 2637 77 38bb
STOREV 2638 78 a22f
STOREV 2639 79 2aa3
STOREV 2640 80 16aa
STOREV 2641 81 222c
STOREV 2642 82 2612
STOREV 2643 83 32b7
STOREV 2644 84 b8a0
STOREV 2645 85 bd3e
STOREV 2646 86 2124
STOREV 2647 87 a0ac
STOREV 2648 88 aca6
STOREV 2649 89 20a6
STOREV 2650 90 1bad
STOREV 2651 91 9032
STOREV 2652 92 2ebc
STOREV 2653 93 28bb
STOREV 2654 94 0c0c
STOREV 2655 95 109b
STOREV 2656 96 ae23
STOREV 2657 97 a921
STOREV 2658 98 a29e
STOREV 2659 99 b03a
STOREV 2660 100 bcb4
STOREV 2661 101 383c
STOREV 2662 102 9a20
STOREV 2663 103 a9b0
STOREV 2664 104 962a
STOREV 2665 105 1a2c
STOREV 2666 106 98a3
STOREV 2667 107 b89f
STOREV 2668 108 2ac3
STOREV 2669 109 20c4
STOREV 2670 110 8028
STOREV 2671 111 a829
STOREV 2672 112 2481
STOREV 2673 113 1d1b
STOREV 2674 114 a898
STOREV 2675 115 3aba
STOREV 2676 116 48b0
STOREV 2677 117 423e
STOREV 2678 118 2622
STOREV 2679 119 2aaa
STOREV 2680 120 98a8
STOREV 2681 121 2a20
STOREV 2682 122 8f1a
STOREV 2683 123 b238
STOREV 2684 124 922e
STOREV 2685 125 b638
STOREV 2686 126 239d
STOREV 2687 127 b0a8
STOREV 2688 128 ac9e
STOREV 2689 129 1eaa
STOREV 2690 130 a21a
STOREV 2691 131 b0ab
STOREV 2692 132 28ba
STOREV 2693 133 ca40
STOREV 2694 134 9f9c
STOREV 2695 135 a42a
STOREV 2696 136 a923
STOREV 2697 137 aa11
STOREV 2698 138 2528
STOREV 2699 139 b3c3
STOREV 2700 140 a8b5
STOREV 2701 141 1cd0
STOREV 2702 142 9928
STOREV 2703 143 9008
STOREV 2704 144 0024
STOREV 2705 145 1a24
STOREV 2706 146 28a9
STOREV 2707 147 4eba
STOREV 2708 148 4caa
STOREV 2709 149 4f3c
STOREV 2710 150 2718
STOREV 2711 151 a022
STOREV 2712 152 129c
STOREV 2713 153 981e
STOREV 2714 154 a8a0
STOREV 2715 155 304f
STOREV 2716 156 ae48
STOREV 2717 157 bc43
STOREV 2718 158 089e
STOREV 2719 159 211c
STOREV 2720 160 a3a3
STOREV 2721 161 2025
STOREV 2722 162 8b22
STOREV 2723 163 c0ba
STOREV 2724 164 c830
STOREV 2725 165 c0b1
STOREV 2726 166 9583
STOREV 2727 167 22a7
STOREV 2728 168 a901
STOREV 2729 169 259c
STOREV 2730 170 2403
STOREV 2731 171 3c46
STOREV 2732 172 ab39
STOREV 2733 173 ac40
STOREV 2734 174 a019
STOREV 2735 175 a29d
STOREV 2736 176 a020
STOREV 2737 177 1a92
STOREV 2738 178 25a3
STOREV 2739 179 be00
STOREV 2740 180 303a
STOREV 2741 181 c036
STOREV 2742 182 8526
STOREV 2743 183 9e00
STOREV 2744 184 8800
STOREV 2745 185 8aa4
STOREV 2746 186 9aa6
STOREV 2747 187 be20
STOREV 2748 188 113a
STOREV 2749 189 36c0
STOREV 2750 190 2414
STOREV 2751 191 a394
STOREV 2752 192 a1a0
STOREV 2753 193 aa0e
STOREV 2754 194 9800
STOREV 2755 195 b8c0
STOREV 2756 196 c0ab
STOREV 2757 197 b22c
STOREV 2758 198 18a2
STOREV 2759 199 a326
STOREV 2760 200 a700
STOREV 2761 201 8828
STOREV 2762 202 1c9a
STOREV 2763 203 3a3a
STOREV 2764 204 2a00
STOREV 2765 205 b2bd
STOREV 2766 206 a8a2
STOREV 2767 207 242a
STOREV 2768 208 a020
STOREV 2769 209 181c
STOREV 2770 210 18a2
STOREV 2771 211 b298
STOREV 2772 212 3c33
STOREV 2773 213 2c00
STOREV 2774 214 a528
STOREV 2775 215 2a9e
STOREV 2776 216 1001
STOREV 2777 217 2022
STOREV 2778 218 8cab
STOREV 2779 219 b436
STOREV 2780 220 2eaa
STOREV 2781 221 3abb
STOREV 2782 222 198a
STOREV 2783 223 9c96
STOREV 2784 224 9aa3
STOREV 2785 225 18a7
STOREV 2786 226 aba1
STOREV 2787 227 30c3
STOREV 2788 228 3c3e
STOREV 2789 229 383c
STOREV 2790 230 ac1c
STOREV 2791 231 1f21
STOREV 2792 232 a99c
STOREV 2793 233 aa08
STOREV 2794 234 9828
STOREV 2795 235 b01f
STOREV 2796 236 2e28
STOREV 2797 237 2020
STOREV 2798 238 2030
STOREV 2799 239 2218
STOREV 2800 240 a824
STOREV 2801 241 0c29
STOREV 2802 242 2890
STOREV 2803 243 b4b5
STOREV 2804 244 00b8
STOREV 2805 245 bc40
STOREV 2806 246 22a0
STOREV 2807 247 2aa1
STOREV 2808 248 1023
STOREV 2809 249 148c
STOREV 2810 250 10aa
STOREV 2811 251 2d34
STOREV 2812 252 1f23
STOREV 2813 253 bdc3
STOREV 2814 254 a324
STOREV 2815 255 9ca8
---- dumping results to results.hex ----
../risc-v-integration/tb_fft_soc.v:44: $finish called at 3000095000 (1ps)
