solution_id,fft_size,s0_mult,s0_add,s1_mult,s1_add,s2_mult,s2_add,s3_mult,s3_add,s4_mult,s4_add,s5_mult,s5_add,s6_mult,s6_add,s7_mult,s7_add,s8_mult,s8_add,s9_mult,s9_add,power_W,area_LUTs,sqnr_dB,norm_latency,crit_delay_ns,meets_timing,on_pareto_front
0,1024,0,0,0,0,0,0,0,0,0,0,0,0,0,0,0,0,0,0,0,0,6.000000,20000,0.0000,3.3333,200.000,0,0
1,1024,0,0,0,0,0,0,0,0,0,0,1,1,1,1,1,1,1,1,1,1,6.000000,20000,0.0000,3.3333,200.000,0,0
2,1024,0,1,0,1,0,1,0,1,0,1,0,1,0,1,0,1,0,1,0,1,6.000000,20000,0.0000,3.3333,200.000,0,0
3,1024,1,0,1,0,1,0,1,0,1,0,1,0,1,0,1,0,1,0,1,0,6.000000,20000,0.0000,3.3333,200.000,0,0
4,1024,1,1,1,1,1,1,1,1,1,1,0,0,0,0,0,0,0,0,0,0,6.000000,20000,0.0000,3.3333,200.000,0,0
5,1024,1,1,1,1,1,1,1,1,1,1,1,1,1,1,1,1,1,1,1,1,6.000000,20000,0.0000,3.3333,200.000,0,0
