generation,solution_id,fft_size,s0_mult,s0_add,s1_mult,s1_add,s2_mult,s2_add,s3_mult,s3_add,s4_mult,s4_add,s5_mult,s5_add,s6_mult,s6_add,s7_mult,s7_add,s8_mult,s8_add,s9_mult,s9_add,power_W,area_LUTs,lutrams,dsps,brams,ffs,sqnr_dB,norm_latency,crit_delay_ns,meets_timing,avg_exec_cycles,tot_sim_cycles,fp4_mult_pct,fp8_mult_pct,fp4_add_pct,fp8_add_pct
704,0,1024,0,0,0,0,0,0,0,0,0,0,0,0,0,0,0,0,0,0,0,0,0.029000,537,43,6,4,136,6.5000,0.3275,15.718,1,5243,102740,100.0,0.0,100.0,0.0
704,1,1024,1,1,1,1,1,1,1,1,1,1,1,1,1,1,1,1,1,1,1,1,0.060000,1405,82,10,4,157,22.4900,0.7325,35.161,1,5243,102740,0.0,100.0,0.0,100.0
704,2,1024,1,1,1,1,1,1,1,1,1,1,0,0,0,0,0,0,0,0,0,0,0.029000,1459,83,10,4,168,6.0500,0.7325,35.161,1,5243,102740,50.0,50.0,50.0,50.0
704,3,1024,0,0,0,0,0,0,0,0,0,0,1,1,1,1,1,1,1,1,1,1,0.039000,1459,83,10,4,168,11.0700,0.7325,35.161,1,5243,102740,50.0,50.0,50.0,50.0
704,4,1024,1,0,1,0,1,0,1,0,1,0,1,0,1,0,1,0,1,0,1,0,0.041000,1004,68,10,4,162,6.9700,0.5633,27.038,1,5243,102740,0.0,100.0,100.0,0.0
704,5,1024,0,1,0,1,0,1,0,1,0,1,0,1,0,1,0,1,0,1,0,1,0.040000,882,60,6,4,141,9.5000,0.5250,25.199,1,5243,102740,100.0,0.0,0.0,100.0
704,6,1024,1,0,0,0,0,0,0,0,0,1,0,0,0,1,0,0,0,0,0,0,0.032000,1521,83,10,4,168,6.6000,0.7415,35.594,1,5243,102740,90.0,10.0,80.0,20.0
704,7,1024,1,0,0,1,1,0,0,1,1,1,0,1,1,0,1,1,1,1,1,0,0.032000,1543,83,10,4,168,7.4900,0.7407,35.554,1,5243,102740,30.0,70.0,40.0,60.0
704,8,1024,1,1,1,1,0,0,0,0,0,0,0,0,0,0,0,0,0,0,0,0,0.030000,1452,82,10,4,166,3.0800,0.7325,35.161,1,5243,102740,80.0,20.0,80.0,20.0
704,9,1024,0,1,1,1,0,0,0,0,0,1,1,1,0,0,0,1,0,0,0,1,0.039000,1524,83,10,4,168,1.2800,0.7405,35.543,1,5243,102740,80.0,20.0,40.0,60.0
704,10,1024,0,0,0,0,1,0,1,1,0,1,0,0,0,0,0,1,1,0,0,1,0.035000,1517,83,10,4,168,8.9700,0.7688,36.903,1,5243,102740,70.0,30.0,60.0,40.0
704,11,1024,0,1,1,0,1,1,1,0,1,0,0,0,1,0,1,1,0,0,1,1,0.037000,1540,83,10,4,168,1.5100,0.7407,35.554,1,5243,102740,30.0,70.0,60.0,40.0
704,12,1024,1,0,1,1,1,0,1,1,1,0,0,1,0,0,1,0,0,1,1,1,0.038000,1543,83,10,4,168,9.3300,0.7407,35.554,1,5243,102740,30.0,70.0,50.0,50.0
704,13,1024,0,0,1,0,1,1,0,0,1,0,0,1,0,0,1,1,1,0,0,1,0.035000,1516,83,10,4,168,9.0200,0.7683,36.879,1,5243,102740,50.0,50.0,60.0,40.0
704,14,1024,1,1,1,0,0,1,0,1,0,0,0,0,1,1,0,1,1,0,0,0,0.030000,1543,83,10,4,168,1.0900,0.7407,35.554,1,5243,102740,60.0,40.0,50.0,50.0
704,15,1024,1,0,1,0,1,1,1,0,1,0,1,0,0,1,1,0,0,0,1,1,0.033000,1540,83,10,4,168,9.1700,0.7407,35.554,1,5243,102740,20.0,80.0,70.0,30.0
704,16,1024,0,1,1,1,1,0,0,0,0,1,0,1,1,1,1,1,1,1,1,1,0.040000,1509,83,10,4,168,2.8100,0.7688,36.901,1,5243,102740,40.0,60.0,20.0,80.0
704,17,1024,1,1,1,0,0,1,1,0,1,1,0,1,1,1,0,1,1,1,0,1,0.040000,1541,83,10,4,168,2.0400,0.7503,36.016,1,5243,102740,40.0,60.0,20.0,80.0
704,18,1024,0,1,0,1,0,0,1,1,1,0,0,0,0,1,1,0,1,1,0,0,0.031000,1543,83,10,4,168,3.7600,0.7407,35.554,1,5243,102740,60.0,40.0,50.0,50.0
704,19,1024,1,1,1,1,1,0,1,1,0,0,1,1,1,0,1,1,1,1,0,1,0.042000,1541,83,10,4,168,1.8400,0.7503,36.016,1,5243,102740,20.0,80.0,30.0,70.0
704,20,1024,0,1,0,1,0,0,1,1,0,1,0,0,1,0,1,0,1,0,0,0,0.030000,1543,83,10,4,168,3.0700,0.7407,35.554,1,5243,102740,60.0,40.0,60.0,40.0
704,21,1024,0,0,0,0,0,0,1,1,0,0,1,0,1,0,1,1,1,1,1,0,0.031000,1514,83,10,4,168,7.4700,0.7683,36.879,1,5243,102740,40.0,60.0,70.0,30.0
704,22,1024,0,0,1,0,1,1,0,1,0,1,0,1,0,1,1,0,0,1,1,0,0.031000,1543,83,10,4,168,4.8800,0.7407,35.554,1,5243,102740,60.0,40.0,40.0,60.0
704,23,1024,0,0,0,1,0,1,1,1,1,1,1,1,1,1,0,1,0,1,0,0,0.038000,1502,83,10,4,168,6.3300,0.7685,36.886,1,5243,102740,60.0,40.0,20.0,80.0
704,24,1024,1,1,0,0,1,0,0,1,0,0,1,0,0,0,0,0,1,0,0,0,0.031000,1543,83,10,4,168,3.1800,0.7407,35.554,1,5243,102740,60.0,40.0,80.0,20.0
704,25,1024,1,0,0,0,0,0,1,0,0,1,1,0,0,1,0,1,1,1,1,0,0.031000,1548,83,10,4,168,7.5100,0.7407,35.554,1,5243,102740,50.0,50.0,60.0,40.0
704,26,1024,1,0,0,0,1,0,0,0,1,1,0,1,0,1,0,1,1,0,0,0,0.031000,1534,83,10,4,168,6.7800,0.7407,35.552,1,5243,102740,60.0,40.0,60.0,40.0
704,27,1024,0,1,0,1,0,0,0,0,1,0,1,0,0,1,1,0,0,0,0,1,0.037000,1525,83,10,4,168,1.3000,0.7406,35.550,1,5243,102740,70.0,30.0,60.0,40.0
704,28,1024,0,1,1,1,0,1,0,0,1,1,0,1,0,1,0,1,0,1,1,1,0.042000,1519,83,10,4,168,2.1000,0.7405,35.543,1,5243,102740,70.0,30.0,10.0,90.0
705,0,1024,1,0,1,0,0,0,1,0,0,1,1,0,0,1,0,1,1,1,1,0,0.031000,1548,83,10,4,168,7.5100,0.7407,35.554,1,5243,102740,40.0,60.0,60.0,40.0
705,1,1024,0,0,0,0,1,1,1,1,0,1,0,0,0,0,0,1,1,0,0,1,0.036000,1519,83,10,4,168,8.9800,0.7641,36.675,1,5243,102740,70.0,30.0,50.0,50.0
705,2,1024,1,1,0,0,1,1,1,1,1,1,0,0,0,0,0,0,0,0,0,0,0.029000,1454,83,10,4,168,3.4600,0.7325,35.161,1,5243,102740,60.0,40.0,60.0,40.0
705,3,1024,1,0,0,1,1,0,0,0,1,1,0,1,1,0,1,1,1,1,1,0,0.031000,1543,83,10,4,168,7.5900,0.7407,35.554,1,5243,102740,30.0,70.0,50.0,50.0
705,4,1024,0,0,1,0,1,0,0,0,1,0,0,1,0,0,1,1,1,0,0,1,0.030000,1543,83,10,4,168,9.0200,0.7407,35.554,1,5243,102740,50.0,50.0,70.0,30.0
705,5,1024,0,1,0,1,0,0,1,1,0,1,0,0,0,1,1,0,1,0,0,0,0.030000,1543,83,10,4,168,3.2000,0.7407,35.554,1,5243,102740,70.0,30.0,50.0,50.0
705,6,1024,1,1,1,1,1,1,1,1,0,0,1,1,1,1,1,1,1,1,1,1,0.055000,1454,83,10,4,168,4.3400,0.7325,35.161,1,5243,102740,10.0,90.0,10.0,90.0
705,7,1024,0,0,0,0,0,0,0,0,0,0,1,0,1,0,1,1,1,1,1,0,0.032000,1516,83,10,4,168,7.4000,0.7688,36.903,1,5243,102740,50.0,50.0,80.0,20.0
705,8,1024,1,1,0,0,0,1,1,0,1,1,0,1,1,1,0,1,1,1,0,1,0.040000,1544,83,10,4,168,2.0500,0.7503,36.016,1,5243,102740,50.0,50.0,20.0,80.0
705,9,1024,1,1,1,1,1,0,1,1,1,1,1,1,1,1,1,1,1,1,1,1,0.062000,1548,83,10,4,168,6.0100,0.7407,35.554,1,5243,102740,0.0,100.0,10.0,90.0
705,10,1024,1,0,1,1,0,0,0,0,0,1,0,0,0,1,0,0,0,0,0,0,0.031000,1548,83,10,4,168,6.6000,0.7407,35.554,1,5243,102740,80.0,20.0,70.0,30.0
705,11,1024,0,0,0,0,0,0,0,1,0,0,1,1,1,1,1,1,1,1,1,1,0.038000,1507,83,10,4,168,11.0100,0.7685,36.886,1,5243,102740,50.0,50.0,40.0,60.0
705,12,1024,0,1,0,1,0,0,1,1,1,0,0,0,1,0,1,0,1,1,0,0,0.030000,1543,83,10,4,168,3.5000,0.7407,35.554,1,5243,102740,50.0,50.0,60.0,40.0
705,13,1024,0,0,0,0,0,0,0,0,1,1,0,0,0,0,0,0,0,0,0,0,0.033000,1454,83,10,4,168,6.6600,0.7325,35.161,1,5243,102740,90.0,10.0,90.0,10.0
705,14,1024,1,0,0,0,0,0,1,1,0,1,0,0,0,1,0,0,0,0,0,0,0.031000,1543,83,10,4,168,6.5100,0.7407,35.554,1,5243,102740,80.0,20.0,70.0,30.0
705,15,1024,0,0,0,1,0,1,1,1,1,1,1,1,1,1,0,1,1,0,0,0,0.037000,1543,83,10,4,168,6.4000,0.7407,35.554,1,5243,102740,50.0,50.0,30.0,70.0
705,16,1024,0,0,0,0,0,0,1,1,0,0,1,0,1,0,1,1,1,1,1,1,0.036000,1543,83,10,4,168,9.7700,0.7407,35.554,1,5243,102740,40.0,60.0,60.0,40.0
705,17,1024,1,0,1,0,1,0,1,0,1,0,1,0,1,0,1,0,1,1,1,0,0.046000,1548,83,10,4,168,7.2800,0.7407,35.554,1,5243,102740,0.0,100.0,90.0,10.0
705,18,1024,1,0,0,0,1,0,0,0,1,1,0,1,0,1,0,1,0,0,0,0,0.031000,1531,83,10,4,168,6.7000,0.7407,35.552,1,5243,102740,70.0,30.0,60.0,40.0
705,19,1024,1,1,1,1,1,1,1,1,1,1,1,1,1,1,1,1,0,0,1,1,0.054000,1454,83,10,4,168,2.2600,0.7325,35.161,1,5243,102740,10.0,90.0,10.0,90.0
705,20,1024,1,0,1,1,1,0,1,1,1,0,0,0,0,0,1,0,0,1,1,1,0.037000,1543,83,10,4,168,9.3100,0.7407,35.554,1,5243,102740,30.0,70.0,60.0,40.0
705,21,1024,0,0,0,0,1,0,1,1,0,1,0,0,0,0,0,1,0,1,0,1,0.037000,1522,83,10,4,168,9.3700,0.7683,36.879,1,5243,102740,80.0,20.0,50.0,50.0
705,22,1024,0,0,0,0,0,0,0,0,0,0,1,1,1,1,1,1,1,1,1,0,0.031000,1548,83,10,4,168,8.0800,0.7407,35.554,1,5243,102740,50.0,50.0,60.0,40.0
705,23,1024,1,0,0,1,1,0,0,1,1,1,0,1,1,0,1,1,1,0,1,0,0.031000,1543,83,10,4,168,7.2900,0.7407,35.554,1,5243,102740,30.0,70.0,50.0,50.0
705,24,1024,0,0,0,0,0,0,0,0,0,0,0,0,0,0,0,0,1,0,0,0,0.031000,1007,69,10,4,164,6.5700,0.5633,27.038,1,5243,102740,90.0,10.0,100.0,0.0
705,25,1024,1,0,1,0,1,1,1,0,1,0,1,0,0,1,1,0,1,1,1,1,0.043000,1540,83,10,4,168,9.4000,0.7407,35.554,1,5243,102740,10.0,90.0,60.0,40.0
705,26,1024,0,1,0,1,0,0,1,1,0,1,0,1,1,0,1,0,1,0,0,0,0.030000,1543,83,10,4,168,3.1100,0.7407,35.554,1,5243,102740,60.0,40.0,50.0,50.0
705,27,1024,0,1,0,1,0,0,1,1,1,1,0,0,1,0,1,0,1,0,0,0,0.030000,1543,83,10,4,168,3.1100,0.7407,35.554,1,5243,102740,50.0,50.0,60.0,40.0
705,28,1024,1,1,1,1,1,1,1,1,0,1,1,1,1,1,1,1,1,1,1,1,0.054000,1466,83,10,4,159,15.5000,0.7414,35.587,1,5243,102740,10.0,90.0,0.0,100.0
705,29,1024,1,0,0,1,1,0,0,1,1,1,1,0,1,0,1,1,1,1,1,0,0.036000,1543,83,10,4,168,7.7600,0.7407,35.554,1,5243,102740,20.0,80.0,50.0,50.0
706,0,1024,0,0,0,0,1,0,1,1,0,1,1,0,0,0,0,1,1,0,0,1,0.035000,1517,83,10,4,168,9.0100,0.7688,36.903,1,5243,102740,60.0,40.0,60.0,40.0
706,1,1024,0,0,0,0,1,0,1,0,0,1,0,0,0,0,0,1,0,1,0,1,0.036000,1506,83,10,4,168,9.4000,0.7399,35.516,1,5243,102740,80.0,20.0,60.0,40.0
706,2,1024,1,0,1,1,0,0,1,0,0,1,1,0,0,1,0,1,1,1,1,0,0.031000,1543,83,10,4,168,7.5100,0.7407,35.554,1,5243,102740,40.0,60.0,50.0,50.0
706,3,1024,0,0,0,1,0,0,1,1,0,0,1,0,1,0,1,1,1,1,1,1,0.037000,1513,83,10,4,168,9.7700,0.7688,36.903,1,5243,102740,40.0,60.0,50.0,50.0
706,4,1024,1,1,1,1,1,0,1,1,1,0,0,0,0,0,1,0,0,1,1,1,0.040000,1543,83,10,4,168,1.6900,0.7407,35.554,1,5243,102740,30.0,70.0,50.0,50.0
706,5,1024,1,0,0,1,1,0,0,1,0,0,0,1,1,0,1,1,1,1,1,0,0.031000,1543,83,10,4,168,7.4200,0.7407,35.554,1,5243,102740,40.0,60.0,50.0,50.0
706,6,1024,1,0,1,1,1,0,1,1,1,0,0,1,0,0,1,0,0,1,0,1,0.037000,1543,83,10,4,168,9.2500,0.7407,35.554,1,5243,102740,40.0,60.0,50.0,50.0
706,7,1024,1,1,1,1,1,1,1,1,1,1,1,0,1,1,1,1,1,1,1,1,0.062000,1548,83,10,4,168,3.6000,0.7407,35.554,1,5243,102740,0.0,100.0,10.0,90.0
706,8,1024,0,0,1,0,0,0,0,0,1,0,0,1,0,0,1,1,1,0,0,1,0.030000,1543,83,10,4,168,9.0200,0.7407,35.554,1,5243,102740,60.0,40.0,70.0,30.0
706,9,1024,0,0,0,0,1,1,0,1,0,0,1,1,1,1,1,1,1,1,1,1,0.039000,1499,83,10,4,168,10.9100,0.7680,36.862,1,5243,102740,40.0,60.0,30.0,70.0
706,10,1024,0,0,0,0,1,0,1,1,1,0,0,0,0,0,0,1,0,1,0,1,0.036000,1543,83,10,4,168,9.3700,0.7407,35.554,1,5243,102740,70.0,30.0,60.0,40.0
706,11,1024,0,1,0,1,0,0,0,1,0,1,0,1,0,1,0,1,0,1,0,1,0.041000,920,61,6,4,148,1.8000,0.5252,25.208,1,5243,102740,100.0,0.0,10.0,90.0
706,12,1024,1,0,1,1,1,0,0,0,1,0,0,0,0,0,1,0,0,1,1,1,0.031000,1543,83,10,4,168,9.3200,0.7407,35.554,1,5243,102740,40.0,60.0,70.0,30.0
706,13,1024,1,0,1,0,1,1,1,0,1,0,0,0,0,1,1,0,1,1,1,1,0.038000,1543,83,10,4,168,9.4000,0.7407,35.554,1,5243,102740,20.0,80.0,60.0,40.0
706,14,1024,1,0,1,0,1,1,1,1,1,0,1,0,0,1,1,0,0,0,1,1,0.038000,1543,83,10,4,168,9.1700,0.7407,35.554,1,5243,102740,20.0,80.0,60.0,40.0
706,15,1024,1,1,1,0,1,1,1,1,1,1,1,1,1,1,1,1,1,1,1,1,0.061000,1515,83,10,4,168,5.2500,0.7688,36.903,1,5243,102740,0.0,100.0,10.0,90.0
706,16,1024,0,1,0,0,0,1,0,1,0,1,0,1,0,1,0,1,0,1,0,1,0.040000,913,61,6,4,148,1.9500,0.5251,25.207,1,5243,102740,100.0,0.0,10.0,90.0
706,17,1024,1,0,1,1,1,1,1,1,0,1,1,1,1,1,1,1,1,1,1,1,0.054000,1516,83,10,4,168,11.6300,0.7688,36.903,1,5243,102740,10.0,90.0,10.0,90.0
706,18,1024,0,0,0,0,0,0,0,1,1,1,1,1,1,1,1,1,1,1,1,1,0.039000,1519,83,10,4,168,11.1700,0.7637,36.658,1,5243,102740,40.0,60.0,30.0,70.0
706,19,1024,0,0,0,0,1,1,1,1,0,1,0,0,0,0,0,1,1,0,1,1,0.036000,1519,83,10,4,168,9.3000,0.7683,36.879,1,5243,102740,60.0,40.0,50.0,50.0
706,20,1024,0,0,0,0,0,0,1,1,0,0,1,1,1,0,1,1,1,1,1,1,0.038000,1548,83,10,4,168,9.8000,0.7407,35.554,1,5243,102740,40.0,60.0,50.0,50.0
706,21,1024,0,0,0,0,1,0,0,0,0,0,1,1,1,1,1,1,1,1,1,1,0.038000,1518,83,10,4,168,11.0700,0.7683,36.879,1,5243,102740,40.0,60.0,50.0,50.0
706,22,1024,1,0,1,0,0,0,1,0,1,0,1,0,0,1,1,0,1,1,1,1,0.036000,1540,83,10,4,168,9.4000,0.7407,35.554,1,5243,102740,20.0,80.0,70.0,30.0
706,23,1024,1,0,1,1,1,0,1,1,0,1,0,1,0,0,1,0,0,1,1,1,0.039000,1516,83,10,4,168,9.3500,0.7683,36.879,1,5243,102740,40.0,60.0,40.0,60.0
706,24,1024,1,0,1,0,0,1,1,0,0,1,1,0,0,1,0,1,1,1,1,0,0.031000,1543,83,10,4,168,7.7200,0.7407,35.554,1,5243,102740,40.0,60.0,50.0,50.0
706,25,1024,1,1,1,1,1,1,1,1,0,1,1,1,1,1,1,1,0,0,1,1,0.045000,1519,83,10,4,168,2.1500,0.7405,35.543,1,5243,102740,20.0,80.0,10.0,90.0
706,26,1024,1,0,1,0,1,1,1,0,0,0,1,0,0,1,1,0,1,1,1,1,0.038000,1543,83,10,4,168,9.3700,0.7407,35.554,1,5243,102740,20.0,80.0,60.0,40.0
706,27,1024,0,0,0,0,0,0,0,1,1,0,1,1,1,1,1,1,1,1,1,1,0.038000,1520,83,10,4,168,10.9900,0.7688,36.903,1,5243,102740,40.0,60.0,40.0,60.0
706,28,1024,1,0,0,0,0,0,1,0,0,1,0,0,0,1,0,1,1,1,1,1,0.037000,1522,83,10,4,168,9.7600,0.7641,36.675,1,5243,102740,60.0,40.0,50.0,50.0
706,29,1024,0,0,0,0,1,0,1,1,0,1,1,0,0,0,0,1,0,1,0,1,0.037000,1520,83,10,4,168,9.4000,0.7688,36.903,1,5243,102740,70.0,30.0,50.0,50.0
707,0,1024,1,0,0,0,0,0,1,0,0,1,0,0,0,1,1,1,1,1,1,1,0.038000,1548,83,10,4,168,9.9400,0.7407,35.554,1,5243,102740,50.0,50.0,50.0,50.0
707,1,1024,1,0,1,0,1,1,1,0,1,0,1,1,0,1,1,0,1,1,1,1,0.046000,1543,83,10,4,168,9.4600,0.7407,35.554,1,5243,102740,10.0,90.0,50.0,50.0
707,2,1024,0,1,0,1,0,1,0,1,0,1,0,1,0,1,1,1,0,1,0,1,0.044000,1466,83,10,4,159,9.4100,0.7414,35.587,1,5243,102740,90.0,10.0,0.0,100.0
707,3,1024,0,0,0,0,1,0,0,0,0,0,1,0,1,1,1,1,1,1,1,1,0.036000,1536,83,10,4,168,10.8800,0.7416,35.598,1,5243,102740,40.0,60.0,60.0,40.0
707,4,1024,0,0,0,0,1,0,1,1,1,0,0,0,0,0,1,1,0,1,0,1,0.036000,1543,83,10,4,168,9.3600,0.7407,35.554,1,5243,102740,60.0,40.0,60.0,40.0
707,5,1024,1,0,1,0,1,0,1,0,0,0,1,0,0,1,1,0,1,1,1,1,0.032000,1540,83,10,4,168,9.3800,0.7407,35.554,1,5243,102740,20.0,80.0,70.0,30.0
707,6,1024,0,0,0,1,0,0,1,1,0,0,1,0,1,0,0,1,1,1,1,1,0.037000,1513,83,10,4,168,9.5700,0.7688,36.903,1,5243,102740,50.0,50.0,50.0,50.0
707,7,1024,1,1,1,1,1,1,1,1,0,1,0,0,1,1,1,1,1,1,1,1,0.045000,1525,83,10,4,168,3.1300,0.7501,36.005,1,5243,102740,20.0,80.0,10.0,90.0
707,8,1024,0,0,0,0,0,0,1,1,0,0,1,1,1,0,0,1,1,1,1,1,0.038000,1548,83,10,4,168,9.6100,0.7407,35.554,1,5243,102740,50.0,50.0,50.0,50.0
707,9,1024,0,0,0,0,0,0,0,1,1,1,1,1,1,1,0,1,1,1,1,1,0.039000,1517,83,10,4,168,10.1800,0.7685,36.886,1,5243,102740,50.0,50.0,30.0,70.0
707,10,1024,0,0,0,1,1,0,0,0,0,0,1,1,1,1,1,1,1,1,1,1,0.039000,1513,83,10,4,168,11.0700,0.7688,36.903,1,5243,102740,40.0,60.0,40.0,60.0
707,11,1024,1,0,1,1,1,1,1,1,1,0,0,1,0,0,1,0,0,1,0,1,0.038000,1516,83,10,4,168,9.2200,0.7683,36.879,1,5243,102740,40.0,60.0,40.0,60.0
707,13,1024,0,0,0,0,1,0,1,1,1,0,0,0,0,0,0,1,0,1,1,1,0.036000,1543,83,10,4,168,9.5000,0.7407,35.554,1,5243,102740,60.0,40.0,60.0,40.0
707,14,1024,0,0,0,0,0,0,1,1,0,0,0,1,1,0,1,1,1,1,1,1,0.038000,1548,83,10,4,168,9.7400,0.7407,35.554,1,5243,102740,50.0,50.0,50.0,50.0
707,15,1024,0,0,0,0,1,1,1,1,0,0,1,1,1,1,1,1,1,1,1,1,0.041000,1455,83,10,4,168,11.3800,0.7323,35.151,1,5243,102740,30.0,70.0,30.0,70.0
707,16,1024,1,1,1,0,1,1,1,0,1,0,1,0,0,1,1,0,0,0,1,1,0.038000,1543,83,10,4,168,1.5800,0.7407,35.554,1,5243,102740,20.0,80.0,60.0,40.0
707,17,1024,1,0,1,0,0,0,1,0,1,0,1,0,1,1,1,0,1,1,1,1,0.041000,1540,83,10,4,168,9.3800,0.7407,35.554,1,5243,102740,10.0,90.0,70.0,30.0
707,18,1024,0,0,0,0,1,0,1,1,0,1,0,0,0,0,1,0,0,1,0,1,0.036000,1513,83,10,4,168,9.2200,0.7688,36.903,1,5243,102740,70.0,30.0,60.0,40.0
707,19,1024,1,0,1,1,1,1,1,1,0,1,1,1,1,1,1,1,1,1,0,1,0.042000,1516,83,10,4,168,10.2800,0.7688,36.903,1,5243,102740,20.0,80.0,10.0,90.0
707,20,1024,0,1,0,1,0,1,0,1,0,1,1,1,0,1,0,1,0,1,0,1,0.043000,1466,83,10,4,159,9.4000,0.7414,35.587,1,5243,102740,90.0,10.0,0.0,100.0
707,21,1024,1,1,1,1,1,1,0,1,1,1,1,1,1,1,1,1,1,1,1,1,0.054000,1466,83,10,4,159,15.9200,0.7414,35.587,1,5243,102740,10.0,90.0,0.0,100.0
707,22,1024,0,0,0,0,0,0,0,0,0,0,1,1,0,1,1,1,1,1,1,1,0.038000,1524,83,10,4,168,10.1000,0.7405,35.543,1,5243,102740,60.0,40.0,50.0,50.0
707,23,1024,1,0,1,0,0,0,1,0,1,0,1,0,0,1,0,1,1,1,1,1,0.036000,1536,83,10,4,168,9.7400,0.7416,35.598,1,5243,102740,30.0,70.0,60.0,40.0
707,24,1024,1,0,1,1,1,0,1,1,1,0,1,1,0,0,1,0,0,1,1,1,0.039000,1516,83,10,4,168,9.3700,0.7683,36.879,1,5243,102740,20.0,80.0,50.0,50.0
707,25,1024,0,0,0,0,0,0,0,0,0,0,0,1,1,1,1,1,1,1,1,1,0.037000,1512,83,10,4,168,10.9500,0.7637,36.658,1,5243,102740,60.0,40.0,50.0,50.0
707,26,1024,1,0,1,0,1,1,1,0,1,1,0,0,0,1,1,0,1,1,1,1,0.039000,1543,83,10,4,168,9.4200,0.7407,35.554,1,5243,102740,20.0,80.0,50.0,50.0
707,27,1024,0,0,1,0,1,1,0,1,0,0,1,1,1,1,1,1,1,1,1,1,0.040000,1516,83,10,4,168,10.9100,0.7683,36.879,1,5243,102740,30.0,70.0,30.0,70.0
707,28,1024,1,1,1,1,1,1,1,1,1,0,1,1,1,1,1,1,1,1,1,1,0.062000,1548,83,10,4,168,4.5900,0.7407,35.554,1,5243,102740,0.0,100.0,10.0,90.0
707,29,1024,1,0,0,0,1,1,1,0,1,0,1,0,0,1,1,0,1,1,1,1,0.041000,1543,83,10,4,168,9.4000,0.7407,35.554,1,5243,102740,20.0,80.0,60.0,40.0
708,1,1024,0,0,1,1,1,1,0,1,1,1,1,1,1,1,1,1,1,1,1,1,0.043000,1501,83,10,4,168,11.9100,0.7685,36.886,1,5243,102740,20.0,80.0,10.0,90.0
708,2,1024,0,0,0,1,0,0,0,0,0,0,1,1,0,1,1,1,1,1,1,1,0.038000,1504,83,10,4,168,10.1000,0.7680,36.862,1,5243,102740,60.0,40.0,40.0,60.0
708,3,1024,0,0,0,0,0,0,0,1,1,1,1,0,1,1,1,1,1,1,1,1,0.039000,1547,83,10,4,168,11.0700,0.7407,35.552,1,5243,102740,40.0,60.0,40.0,60.0
708,4,1024,0,0,0,0,1,0,0,0,0,1,1,0,1,1,1,1,1,1,1,1,0.038000,1548,83,10,4,168,10.9800,0.7407,35.554,1,5243,102740,40.0,60.0,50.0,50.0
708,5,1024,1,1,0,0,1,1,1,1,0,0,1,1,1,1,1,1,1,1,1,1,0.051000,1480,83,10,4,168,3.6900,0.7282,34.954,1,5243,102740,20.0,80.0,20.0,80.0
708,6,1024,0,0,0,0,0,0,1,1,0,0,1,0,1,0,0,1,1,1,1,1,0.036000,1543,83,10,4,168,9.5700,0.7407,35.554,1,5243,102740,50.0,50.0,60.0,40.0
708,7,1024,1,0,1,1,1,1,1,1,0,1,1,1,0,0,1,1,1,1,1,1,0.044000,1543,83,10,4,168,9.8500,0.7407,35.554,1,5243,102740,20.0,80.0,20.0,80.0
708,8,1024,0,0,1,1,1,1,1,1,0,1,1,1,1,1,1,1,1,1,1,1,0.043000,1506,83,10,4,168,11.6300,0.7685,36.886,1,5243,102740,20.0,80.0,10.0,90.0
708,9,1024,0,0,0,0,0,0,1,1,1,0,1,1,1,1,1,1,1,1,1,1,0.039000,1512,83,10,4,168,11.0900,0.7688,36.903,1,5243,102740,30.0,70.0,40.0,60.0
708,10,1024,0,0,0,0,1,1,1,1,1,1,1,1,1,1,1,1,1,1,1,1,0.054000,1452,82,10,4,166,12.2600,0.7325,35.161,1,5243,102740,20.0,80.0,20.0,80.0
708,11,1024,1,1,1,1,1,1,1,1,1,1,0,0,1,1,1,1,1,1,1,1,0.055000,1454,83,10,4,168,3.6600,0.7325,35.161,1,5243,102740,10.0,90.0,10.0,90.0
708,12,1024,0,0,0,0,1,1,1,1,0,1,1,1,1,1,1,1,1,1,1,1,0.040000,1508,83,10,4,168,11.6300,0.7414,35.587,1,5243,102740,30.0,70.0,20.0,80.0
708,13,1024,0,1,0,0,0,0,0,0,0,0,1,1,0,1,1,1,1,1,1,1,0.038000,1505,83,10,4,168,2.3300,0.7690,36.910,1,5243,102740,60.0,40.0,40.0,60.0
708,14,1024,0,0,0,1,0,0,0,1,1,0,1,1,1,1,1,1,1,1,1,1,0.040000,1548,83,10,4,168,10.9900,0.7407,35.554,1,5243,102740,40.0,60.0,30.0,70.0
708,15,1024,0,0,0,0,1,0,0,0,0,0,0,0,1,1,1,1,1,1,1,1,0.035000,1536,83,10,4,168,10.8000,0.7416,35.598,1,5243,102740,50.0,50.0,60.0,40.0
708,16,1024,1,0,1,1,1,1,1,1,0,0,1,1,1,1,1,1,1,1,0,1,0.041000,1513,83,10,4,168,10.1000,0.7688,36.903,1,5243,102740,20.0,80.0,20.0,80.0
708,17,1024,0,0,0,1,0,1,0,1,0,1,0,1,0,1,0,1,0,1,0,1,0.040000,916,61,6,4,148,9.7400,0.5251,25.207,1,5243,102740,100.0,0.0,10.0,90.0
708,18,1024,1,0,0,0,0,0,1,0,0,1,1,1,0,1,0,1,1,1,1,1,0.038000,1537,83,10,4,168,9.7900,0.7416,35.598,1,5243,102740,50.0,50.0,40.0,60.0
708,19,1024,0,0,0,0,0,0,0,1,1,0,1,1,1,1,0,1,1,1,1,1,0.038000,1517,83,10,4,168,10.1400,0.7688,36.903,1,5243,102740,50.0,50.0,40.0,60.0
708,20,1024,1,0,1,1,1,1,1,1,0,1,1,1,1,1,0,0,1,1,0,1,0.040000,1515,83,10,4,168,9.2900,0.7688,36.903,1,5243,102740,30.0,70.0,20.0,80.0
708,21,1024,0,0,0,0,0,0,1,1,0,0,1,1,1,1,1,1,1,1,1,1,0.040000,1455,83,10,4,168,11.0300,0.7323,35.151,1,5243,102740,40.0,60.0,40.0,60.0
708,22,1024,1,0,1,1,1,1,1,1,0,1,1,0,1,1,1,1,1,1,1,1,0.052000,1543,83,10,4,168,10.9600,0.7407,35.554,1,5243,102740,10.0,90.0,20.0,80.0
708,23,1024,0,0,1,0,0,0,0,1,0,0,1,1,1,1,1,1,1,1,1,1,0.039000,1517,83,10,4,168,11.0100,0.7688,36.903,1,5243,102740,40.0,60.0,40.0,60.0
708,24,1024,0,0,0,1,0,0,1,1,0,0,1,1,1,0,1,1,1,1,1,1,0.039000,1542,83,10,4,168,9.8000,0.7407,35.554,1,5243,102740,40.0,60.0,40.0,60.0
708,25,1024,0,0,0,0,0,0,1,1,0,0,1,1,1,0,1,1,1,1,0,0,0.030000,1548,83,10,4,168,7.2200,0.7407,35.554,1,5243,102740,50.0,50.0,60.0,40.0
708,26,1024,0,0,0,0,0,0,0,1,1,1,1,1,0,1,0,1,1,1,1,1,0.039000,1523,83,10,4,168,9.9500,0.7637,36.658,1,5243,102740,60.0,40.0,30.0,70.0
708,27,1024,1,0,1,0,0,0,1,0,1,0,1,0,1,1,0,1,1,1,1,1,0.041000,1537,83,10,4,168,10.0700,0.7416,35.598,1,5243,102740,20.0,80.0,60.0,40.0
708,28,1024,1,0,0,0,1,1,1,1,0,1,1,1,1,1,1,1,1,1,1,1,0.049000,1532,83,10,4,168,11.6300,0.7416,35.598,1,5243,102740,20.0,80.0,20.0,80.0
708,29,1024,0,0,0,1,1,0,0,1,0,0,1,1,1,1,1,1,1,1,1,1,0.040000,1543,83,10,4,168,11.0100,0.7407,35.554,1,5243,102740,40.0,60.0,30.0,70.0
709,0,1024,0,0,0,0,1,1,0,1,0,0,1,1,0,0,1,1,1,1,1,1,0.038000,1507,83,10,4,168,9.9700,0.7685,36.886,1,5243,102740,50.0,50.0,40.0,60.0
709,1,1024,0,0,0,0,0,0,1,1,1,1,1,1,1,1,1,1,1,1,1,1,0.041000,1465,83,10,4,168,11.3700,0.7323,35.151,1,5243,102740,30.0,70.0,30.0,70.0
709,2,1024,1,0,1,1,1,1,1,0,0,1,1,1,1,1,1,1,1,1,1,1,0.052000,1514,83,10,4,168,11.2800,0.7693,36.927,1,5243,102740,10.0,90.0,20.0,80.0
709,3,1024,0,0,0,0,1,1,0,1,0,1,1,1,1,1,1,1,1,1,1,1,0.039000,1493,83,10,4,168,11.5000,0.7684,36.884,1,5243,102740,40.0,60.0,20.0,80.0
709,4,1024,1,0,1,0,0,0,1,1,1,0,1,0,1,1,0,1,1,1,1,1,0.044000,1517,83,10,4,168,10.1100,0.7688,36.903,1,5243,102740,20.0,80.0,50.0,50.0
709,5,1024,0,0,1,1,0,0,0,1,1,1,1,1,1,1,1,1,1,1,1,1,0.041000,1519,83,10,4,168,11.1700,0.7405,35.543,1,5243,102740,30.0,70.0,20.0,80.0
709,6,1024,0,0,1,1,0,0,1,1,1,0,1,1,1,1,1,1,1,1,1,1,0.050000,1512,83,10,4,168,11.0900,0.7688,36.903,1,5243,102740,20.0,80.0,30.0,70.0
709,7,1024,0,0,1,1,0,0,0,1,1,1,1,0,1,1,1,1,1,1,1,1,0.040000,1519,83,10,4,168,11.0700,0.7688,36.903,1,5243,102740,30.0,70.0,30.0,70.0
709,8,1024,0,0,0,0,1,0,1,1,1,0,1,1,1,1,1,1,1,1,1,1,0.048000,1515,83,10,4,168,11.0900,0.7688,36.903,1,5243,102740,20.0,80.0,40.0,60.0
709,9,1024,1,0,0,0,1,1,1,1,0,0,1,1,1,1,1,1,1,1,1,1,0.046000,1515,83,10,4,168,11.3800,0.7683,36.879,1,5243,102740,20.0,80.0,30.0,70.0
709,10,1024,1,0,1,0,0,0,1,0,0,0,1,0,1,1,0,1,1,1,1,1,0.036000,1537,83,10,4,168,10.0000,0.7416,35.598,1,5243,102740,30.0,70.0,60.0,40.0
709,11,1024,0,0,0,0,0,0,0,0,1,1,1,1,1,1,1,1,1,1,1,1,0.039000,1452,82,10,4,166,11.0800,0.7325,35.161,1,5243,102740,40.0,60.0,40.0,60.0
709,12,1024,0,0,0,0,1,1,0,1,1,1,1,1,1,1,1,1,1,1,0,0,0.037000,1519,83,10,4,168,6.0300,0.7405,35.543,1,5243,102740,40.0,60.0,30.0,70.0
709,13,1024,0,0,0,0,0,0,0,0,0,0,1,0,1,1,1,1,1,1,1,1,0.035000,1536,83,10,4,168,10.8800,0.7416,35.598,1,5243,102740,50.0,50.0,60.0,40.0
709,14,1024,0,0,0,1,0,0,0,0,1,0,1,1,0,1,1,1,1,1,1,1,0.039000,1543,83,10,4,168,10.1300,0.7407,35.554,1,5243,102740,50.0,50.0,40.0,60.0
709,16,1024,0,0,0,0,1,1,0,1,1,0,1,1,1,1,1,1,1,1,1,1,0.040000,1513,83,10,4,168,11.0700,0.7688,36.903,1,5243,102740,30.0,70.0,30.0,70.0
709,17,1024,1,0,1,1,0,0,1,1,0,1,1,1,1,1,1,1,1,1,1,1,0.050000,1543,83,10,4,168,11.3700,0.7407,35.554,1,5243,102740,20.0,80.0,20.0,80.0
709,18,1024,0,0,0,1,0,0,0,0,1,0,1,1,1,1,0,0,1,1,1,1,0.038000,1543,83,10,4,168,9.4900,0.7407,35.554,1,5243,102740,50.0,50.0,50.0,50.0
709,19,1024,0,0,0,1,0,0,0,0,0,0,1,1,1,1,1,1,1,1,1,1,0.038000,1499,83,10,4,168,11.0700,0.7680,36.862,1,5243,102740,50.0,50.0,40.0,60.0
709,20,1024,0,0,0,1,0,0,0,1,0,0,1,1,1,1,1,1,1,1,1,1,0.040000,1519,83,10,4,168,11.0100,0.7405,35.543,1,5243,102740,50.0,50.0,30.0,70.0
709,21,1024,0,0,0,0,1,0,0,1,0,0,1,1,1,1,1,1,1,1,1,1,0.039000,1517,83,10,4,168,11.0100,0.7688,36.903,1,5243,102740,40.0,60.0,40.0,60.0
709,22,1024,0,0,0,0,1,0,0,1,1,1,1,0,1,1,1,1,1,1,1,1,0.039000,1542,83,10,4,168,11.0700,0.7407,35.552,1,5243,102740,30.0,70.0,40.0,60.0
709,23,1024,1,1,1,1,1,1,0,1,1,1,1,1,1,1,0,0,1,1,1,1,0.045000,1519,83,10,4,168,2.0800,0.7405,35.543,1,5243,102740,20.0,80.0,10.0,90.0
709,24,1024,0,0,0,0,0,0,0,1,0,0,1,1,0,1,1,1,1,1,1,1,0.038000,1507,83,10,4,168,10.0400,0.7685,36.886,1,5243,102740,60.0,40.0,40.0,60.0
709,25,1024,0,0,0,0,0,0,0,1,1,0,1,1,1,1,0,0,1,1,1,1,0.038000,1543,83,10,4,168,9.4700,0.7407,35.554,1,5243,102740,50.0,50.0,50.0,50.0
709,26,1024,0,0,0,0,0,0,1,1,1,0,1,1,1,1,1,1,0,0,1,1,0.037000,1543,83,10,4,168,9.4700,0.7407,35.554,1,5243,102740,40.0,60.0,50.0,50.0
709,27,1024,0,0,0,0,0,0,0,0,0,0,1,0,0,1,1,1,1,1,1,1,0.035000,1537,83,10,4,168,9.9100,0.7416,35.598,1,5243,102740,60.0,40.0,60.0,40.0
709,28,1024,0,0,0,0,1,0,1,1,0,0,1,1,1,1,1,1,1,1,1,1,0.039000,1516,83,10,4,168,11.0300,0.7688,36.903,1,5243,102740,30.0,70.0,40.0,60.0
709,29,1024,0,0,0,0,1,1,0,0,0,0,0,0,1,1,1,1,1,1,1,1,0.038000,1458,83,10,4,168,10.8700,0.7323,35.151,1,5243,102740,50.0,50.0,50.0,50.0
710,0,1024,0,0,0,0,0,0,1,1,0,1,1,1,1,1,1,1,1,1,1,1,0.040000,1513,83,10,4,168,11.3700,0.7685,36.886,1,5243,102740,40.0,60.0,30.0,70.0
710,2,1024,0,0,0,0,1,1,1,1,1,0,1,1,1,1,1,1,1,1,1,1,0.049000,1516,83,10,4,168,11.4800,0.7683,36.879,1,5243,102740,20.0,80.0,30.0,70.0
710,3,1024,0,0,0,0,1,0,0,0,1,1,0,0,1,1,1,1,1,1,1,1,0.038000,1548,83,10,4,168,10.9800,0.7407,35.554,1,5243,102740,40.0,60.0,50.0,50.0
710,4,1024,0,0,1,1,1,1,0,1,1,1,1,1,0,1,1,1,1,1,1,1,0.042000,1501,83,10,4,168,10.1900,0.7685,36.886,1,5243,102740,30.0,70.0,10.0,90.0
710,5,1024,1,0,1,1,0,0,1,1,1,1,1,1,1,1,1,1,1,1,1,1,0.058000,1542,83,10,4,168,11.3700,0.7407,35.554,1,5243,102740,10.0,90.0,20.0,80.0
710,6,1024,1,1,0,0,1,0,0,0,0,0,1,1,1,1,1,1,1,1,1,1,0.040000,1520,83,10,4,168,2.9900,0.7693,36.927,1,5243,102740,30.0,70.0,40.0,60.0
710,7,1024,1,1,1,1,0,0,1,1,0,1,1,1,1,1,1,1,1,1,1,1,0.052000,1519,83,10,4,168,4.3500,0.7405,35.543,1,5243,102740,20.0,80.0,10.0,90.0
710,8,1024,1,1,1,1,1,1,0,0,1,1,1,1,1,1,1,1,1,1,1,1,0.055000,1454,83,10,4,168,4.2000,0.7325,35.161,1,5243,102740,10.0,90.0,10.0,90.0
710,9,1024,0,0,0,0,1,1,0,0,0,0,1,1,1,1,1,1,1,1,1,1,0.040000,1452,83,10,4,168,11.2200,0.7325,35.161,1,5243,102740,40.0,60.0,40.0,60.0
710,10,1024,0,0,1,1,1,1,0,0,0,1,1,1,1,1,1,1,1,1,1,1,0.041000,1502,83,10,4,168,11.1700,0.7690,36.910,1,5243,102740,30.0,70.0,20.0,80.0
710,11,1024,0,0,0,0,0,0,1,1,1,1,1,0,1,1,1,1,1,1,1,1,0.040000,1542,83,10,4,168,11.1800,0.7407,35.552,1,5243,102740,30.0,70.0,40.0,60.0
710,12,1024,0,0,0,0,0,0,1,1,0,0,1,0,1,1,1,1,1,1,1,1,0.037000,1512,83,10,4,168,10.8900,0.7688,36.903,1,5243,102740,40.0,60.0,50.0,50.0
710,13,1024,0,0,0,1,1,1,0,0,0,0,1,1,1,1,1,1,1,1,1,1,0.040000,1517,83,10,4,168,11.2200,0.7685,36.886,1,5243,102740,40.0,60.0,30.0,70.0
710,14,1024,0,0,0,0,1,1,0,1,1,1,1,1,1,1,1,1,1,1,1,1,0.040000,1513,83,10,4,168,11.9100,0.7414,35.587,1,5243,102740,30.0,70.0,20.0,80.0
710,15,1024,1,1,1,1,0,0,1,1,1,1,1,1,1,1,1,1,1,1,1,1,0.060000,1454,83,10,4,168,4.6900,0.7325,35.161,1,5243,102740,10.0,90.0,10.0,90.0
710,16,1024,0,0,1,1,1,0,0,0,0,1,1,0,1,1,1,1,1,1,1,1,0.039000,1514,83,10,4,168,10.9800,0.7693,36.927,1,5243,102740,30.0,70.0,40.0,60.0
710,17,1024,1,1,0,0,1,1,1,1,0,1,1,1,1,1,1,1,1,1,1,1,0.052000,1498,83,10,4,168,4.4000,0.7685,36.886,1,5243,102740,20.0,80.0,10.0,90.0
710,18,1024,0,0,0,0,0,0,0,0,0,1,0,1,1,1,1,1,1,1,1,1,0.037000,1504,82,10,4,166,10.9200,0.7414,35.585,1,5243,102740,60.0,40.0,40.0,60.0
710,19,1024,1,0,0,0,0,0,1,1,0,1,1,1,1,1,1,1,1,1,1,1,0.040000,1523,83,10,4,168,11.3700,0.7688,36.903,1,5243,102740,30.0,70.0,30.0,70.0
710,20,1024,0,0,0,0,1,0,0,1,0,1,1,0,1,1,1,1,1,1,1,1,0.039000,1542,83,10,4,168,10.9500,0.7407,35.552,1,5243,102740,40.0,60.0,40.0,60.0
710,21,1024,1,0,1,1,1,1,1,1,0,0,1,1,1,1,1,1,1,1,1,1,0.053000,1542,83,10,4,168,11.3800,0.7407,35.552,1,5243,102740,10.0,90.0,20.0,80.0
710,22,1024,0,0,1,1,0,0,1,0,1,1,1,1,1,1,1,1,1,1,1,1,0.051000,1543,83,10,4,168,11.0300,0.7407,35.554,1,5243,102740,20.0,80.0,30.0,70.0
710,23,1024,1,1,0,0,1,1,0,1,1,1,1,1,1,1,1,1,1,1,1,1,0.051000,1499,83,10,4,168,5.2700,0.7680,36.862,1,5243,102740,20.0,80.0,10.0,90.0
710,25,1024,1,1,0,0,1,1,0,0,0,0,0,0,1,1,1,1,1,1,1,1,0.040000,1454,83,10,4,168,2.9400,0.7325,35.161,1,5243,102740,40.0,60.0,40.0,60.0
710,26,1024,1,0,0,0,0,0,1,1,1,0,1,1,1,1,1,1,1,1,1,1,0.046000,1540,83,10,4,168,11.0900,0.7407,35.554,1,5243,102740,20.0,80.0,40.0,60.0
710,28,1024,0,0,0,0,1,0,0,0,0,1,0,0,1,1,1,1,1,1,1,1,0.038000,1548,83,10,4,168,10.8900,0.7407,35.554,1,5243,102740,50.0,50.0,50.0,50.0
710,29,1024,0,0,0,0,1,0,0,0,0,1,1,1,1,1,1,1,1,1,1,1,0.038000,1537,83,10,4,168,10.9400,0.7416,35.598,1,5243,102740,40.0,60.0,40.0,60.0
711,0,1024,1,1,1,1,1,1,1,1,0,1,1,1,1,1,1,1,1,1,0,0,0.043000,1518,83,10,4,168,3.3400,0.7501,36.005,1,5243,102740,20.0,80.0,10.0,90.0
711,2,1024,1,1,0,0,0,0,0,0,0,0,1,1,0,1,1,1,1,1,1,1,0.039000,1504,83,10,4,168,2.2300,0.7690,36.910,1,5243,102740,50.0,50.0,40.0,60.0
711,3,1024,0,0,0,0,0,0,0,0,0,0,0,0,1,1,1,1,1,1,1,1,0.036000,1452,82,10,4,166,10.8000,0.7325,35.161,1,5243,102740,60.0,40.0,60.0,40.0
711,4,1024,0,0,0,0,0,0,0,0,0,1,1,1,0,1,1,1,1,1,1,1,0.038000,1513,83,10,4,168,10.0700,0.7414,35.587,1,5243,102740,60.0,40.0,40.0,60.0
711,5,1024,0,0,0,0,1,1,0,0,0,0,0,0,1,1,1,1,0,0,1,1,0.036000,1454,83,10,4,168,9.4100,0.7325,35.161,1,5243,102740,60.0,40.0,60.0,40.0
711,6,1024,1,1,0,0,1,0,1,1,0,0,0,0,1,1,1,1,1,1,1,1,0.040000,1510,83,10,4,168,2.7800,0.7693,36.927,1,5243,102740,30.0,70.0,40.0,60.0
711,7,1024,0,0,1,1,1,1,1,1,1,1,1,1,1,1,1,1,1,1,1,1,0.059000,1458,83,10,4,168,12.2600,0.7323,35.151,1,5243,102740,10.0,90.0,10.0,90.0
711,8,1024,0,0,0,0,1,0,0,1,1,1,1,1,1,1,1,1,1,1,1,1,0.040000,1526,83,10,4,168,11.1700,0.7641,36.675,1,5243,102740,30.0,70.0,30.0,70.0
711,10,1024,0,0,0,0,1,0,1,1,0,0,0,0,1,1,1,1,1,1,1,1,0.037000,1515,83,10,4,168,10.8200,0.7688,36.903,1,5243,102740,40.0,60.0,50.0,50.0
711,12,1024,1,1,0,0,1,1,0,0,0,0,1,1,1,1,1,1,1,1,1,1,0.041000,1480,83,10,4,168,3.2500,0.7282,34.954,1,5243,102740,30.0,70.0,30.0,70.0
711,13,1024,0,0,0,0,0,0,1,1,1,1,1,1,1,1,0,0,1,1,1,1,0.039000,1482,83,10,4,168,9.5300,0.7282,34.954,1,5243,102740,40.0,60.0,40.0,60.0
711,14,1024,0,0,1,1,0,0,0,0,0,0,1,1,0,1,1,1,1,1,1,1,0.038000,1499,83,10,4,168,10.1000,0.7680,36.862,1,5243,102740,50.0,50.0,40.0,60.0
711,15,1024,1,0,1,1,1,1,1,1,0,0,1,0,1,1,1,1,1,1,1,1,0.049000,1543,83,10,4,168,10.9800,0.7407,35.554,1,5243,102740,10.0,90.0,30.0,70.0
711,16,1024,1,1,0,0,0,0,0,0,0,0,1,0,1,1,1,1,1,1,1,1,0.038000,1516,83,10,4,168,2.8500,0.7688,36.903,1,5243,102740,40.0,60.0,50.0,50.0
711,17,1024,0,0,0,0,0,0,0,0,0,1,1,0,1,1,1,1,1,1,1,1,0.038000,1548,83,10,4,168,10.9800,0.7407,35.554,1,5243,102740,50.0,50.0,50.0,50.0
711,18,1024,0,0,1,1,1,1,0,0,1,1,1,1,1,1,1,1,1,1,1,1,0.042000,1480,83,10,4,168,11.3900,0.7282,34.954,1,5243,102740,20.0,80.0,20.0,80.0
711,20,1024,0,0,0,0,1,1,0,1,0,0,0,0,1,1,1,1,1,1,1,1,0.038000,1513,83,10,4,168,10.7700,0.7414,35.587,1,5243,102740,50.0,50.0,40.0,60.0
711,21,1024,0,0,0,0,1,0,0,0,0,0,1,1,0,1,1,1,1,1,1,1,0.037000,1519,83,10,4,168,10.1000,0.7683,36.879,1,5243,102740,50.0,50.0,50.0,50.0
711,22,1024,1,1,0,0,1,1,1,1,1,1,1,1,1,1,1,1,1,1,1,1,0.060000,1455,83,10,4,168,4.8700,0.7323,35.151,1,5243,102740,10.0,90.0,10.0,90.0
711,23,1024,1,1,1,1,1,0,0,1,1,1,1,1,1,1,1,1,1,1,1,1,0.055000,1543,83,10,4,168,5.2700,0.7407,35.554,1,5243,102740,10.0,90.0,10.0,90.0
711,24,1024,0,0,0,0,0,0,0,0,0,0,1,0,0,0,1,1,1,1,1,1,0.030000,1517,83,10,4,168,9.8900,0.7683,36.879,1,5243,102740,60.0,40.0,70.0,30.0
711,25,1024,0,0,0,0,0,0,0,0,0,1,1,1,1,1,1,1,1,1,1,1,0.038000,1513,83,10,4,168,10.9400,0.7414,35.587,1,5243,102740,50.0,50.0,40.0,60.0
711,26,1024,0,0,1,1,1,0,0,0,0,0,0,0,1,1,1,1,1,1,1,1,0.039000,1543,83,10,4,168,10.8000,0.7407,35.554,1,5243,102740,40.0,60.0,50.0,50.0
711,29,1024,1,1,1,1,1,1,1,0,1,1,1,1,1,1,1,1,1,1,1,1,0.062000,1548,83,10,4,168,5.0400,0.7407,35.554,1,5243,102740,0.0,100.0,10.0,90.0
712,1,1024,0,0,0,0,1,1,0,1,0,1,1,0,1,1,1,1,1,1,1,1,0.039000,1516,83,10,4,168,10.7100,0.7683,36.879,1,5243,102740,40.0,60.0,30.0,70.0
712,2,1024,0,0,0,0,0,0,0,0,0,0,1,1,0,1,0,0,1,1,1,1,0.036000,1519,83,10,4,168,9.5200,0.7405,35.543,1,5243,102740,70.0,30.0,60.0,40.0
712,3,1024,0,0,0,0,1,1,0,0,0,0,1,1,0,1,1,1,1,1,1,1,0.039000,1514,83,10,4,168,10.2200,0.7404,35.539,1,5243,102740,50.0,50.0,40.0,60.0
712,4,1024,0,0,1,1,0,0,0,0,0,0,1,1,1,1,1,1,1,1,1,1,0.040000,1455,83,10,4,168,11.0700,0.7323,35.151,1,5243,102740,40.0,60.0,40.0,60.0
712,6,1024,0,0,0,0,1,0,0,0,0,0,0,1,1,1,1,1,1,1,1,1,0.038000,1548,83,10,4,168,10.9500,0.7407,35.554,1,5243,102740,50.0,50.0,50.0,50.0
712,7,1024,0,0,1,1,1,1,0,1,0,1,1,1,1,1,1,1,1,1,1,1,0.042000,1510,83,10,4,168,11.5000,0.7685,36.886,1,5243,102740,30.0,70.0,10.0,90.0
712,10,1024,0,0,0,0,0,0,0,1,1,1,0,1,1,1,1,1,1,1,1,1,0.039000,1513,83,10,4,168,11.0500,0.7685,36.886,1,5243,102740,50.0,50.0,30.0,70.0
712,11,1024,0,0,1,1,1,1,1,1,0,0,1,1,1,1,1,1,1,1,1,1,0.043000,1455,83,10,4,168,11.3800,0.7323,35.151,1,5243,102740,20.0,80.0,20.0,80.0
712,12,1024,0,0,0,0,1,1,0,0,1,1,1,1,1,1,1,1,1,1,1,1,0.041000,1454,83,10,4,168,11.3900,0.7325,35.161,1,5243,102740,30.0,70.0,30.0,70.0
712,15,1024,1,1,1,1,1,1,0,1,1,1,0,0,1,1,1,1,1,1,1,1,0.052000,1519,83,10,4,168,3.3000,0.7405,35.543,1,5243,102740,20.0,80.0,10.0,90.0
712,16,1024,0,0,0,0,1,0,1,1,0,0,1,0,1,1,1,1,1,1,1,1,0.038000,1512,83,10,4,168,10.8900,0.7688,36.903,1,5243,102740,30.0,70.0,50.0,50.0
712,17,1024,0,0,0,0,1,1,1,1,1,1,1,0,1,1,1,1,1,1,1,1,0.049000,1516,83,10,4,168,11.2800,0.7683,36.879,1,5243,102740,20.0,80.0,30.0,70.0
712,18,1024,1,1,1,1,1,1,0,0,0,1,1,1,1,1,1,1,1,1,1,1,0.052000,1519,83,10,4,168,3.7700,0.7405,35.543,1,5243,102740,20.0,80.0,10.0,90.0
712,19,1024,0,0,0,0,1,1,1,1,0,0,0,0,1,1,1,1,1,1,1,1,0.040000,1452,82,10,4,166,10.8500,0.7325,35.161,1,5243,102740,40.0,60.0,40.0,60.0
712,20,1024,0,0,0,1,0,0,1,1,0,0,1,1,1,1,1,1,1,1,1,1,0.040000,1504,83,10,4,168,11.0300,0.7680,36.862,1,5243,102740,40.0,60.0,30.0,70.0
712,22,1024,0,0,1,1,1,0,0,0,0,0,1,1,1,1,1,1,1,1,1,1,0.039000,1512,83,10,4,168,11.0700,0.7688,36.903,1,5243,102740,30.0,70.0,40.0,60.0
712,23,1024,0,0,0,0,1,1,1,1,0,0,1,0,1,1,1,1,1,1,1,1,0.039000,1536,83,10,4,168,10.9800,0.7416,35.598,1,5243,102740,30.0,70.0,40.0,60.0
712,24,1024,1,1,1,1,1,1,0,1,1,1,1,0,1,1,1,1,1,1,1,1,0.055000,1543,83,10,4,168,3.1200,0.7407,35.554,1,5243,102740,10.0,90.0,10.0,90.0
712,25,1024,0,0,0,1,0,0,0,0,1,1,1,1,1,1,1,1,1,1,1,1,0.040000,1524,83,10,4,168,11.0800,0.7405,35.543,1,5243,102740,40.0,60.0,30.0,70.0
712,27,1024,0,0,0,0,0,0,1,1,0,1,0,1,1,1,1,1,1,1,1,1,0.039000,1513,83,10,4,168,11.2100,0.7685,36.886,1,5243,102740,50.0,50.0,30.0,70.0
712,29,1024,0,0,1,1,1,1,0,0,1,1,1,1,1,1,0,1,1,1,1,1,0.041000,1499,83,10,4,168,10.3800,0.7690,36.910,1,5243,102740,30.0,70.0,20.0,80.0
713,1,1024,1,1,0,0,0,0,1,1,0,0,1,0,1,1,1,1,1,1,1,1,0.040000,1517,83,10,4,168,2.8900,0.7693,36.927,1,5243,102740,30.0,70.0,40.0,60.0
713,3,1024,0,0,1,1,0,0,0,0,0,1,0,1,1,1,1,1,1,1,1,1,0.040000,1519,83,10,4,168,10.9200,0.7405,35.543,1,5243,102740,50.0,50.0,30.0,70.0
713,4,1024,0,0,1,1,1,1,0,1,0,0,1,1,1,1,1,1,1,1,1,1,0.041000,1507,83,10,4,168,10.9100,0.7685,36.886,1,5243,102740,30.0,70.0,20.0,80.0
713,5,1024,0,0,1,0,1,0,0,0,0,0,1,0,1,1,1,1,1,1,1,1,0.036000,1536,83,10,4,168,10.8800,0.7416,35.598,1,5243,102740,30.0,70.0,60.0,40.0
713,7,1024,0,0,0,0,1,1,0,0,0,0,1,0,1,1,1,1,1,1,1,1,0.037000,1519,83,10,4,168,10.9000,0.7688,36.903,1,5243,102740,40.0,60.0,50.0,50.0
713,8,1024,0,0,1,1,0,0,0,0,1,1,1,1,1,1,1,1,1,1,1,1,0.041000,1454,83,10,4,168,11.0800,0.7325,35.161,1,5243,102740,30.0,70.0,30.0,70.0
713,9,1024,1,1,0,0,1,0,0,0,0,1,1,0,1,1,1,1,1,1,1,1,0.040000,1514,83,10,4,168,2.9600,0.7683,36.879,1,5243,102740,30.0,70.0,40.0,60.0
713,13,1024,0,0,0,1,1,0,0,0,0,0,0,0,1,1,1,1,1,1,1,1,0.038000,1543,83,10,4,168,10.8000,0.7407,35.554,1,5243,102740,50.0,50.0,50.0,50.0
713,14,1024,1,1,0,0,0,0,0,0,0,0,0,0,1,1,1,1,1,1,1,1,0.039000,1454,83,10,4,168,2.7600,0.7325,35.161,1,5243,102740,50.0,50.0,50.0,50.0
713,16,1024,0,0,0,0,0,0,0,0,0,0,0,0,0,1,1,1,1,1,1,1,0.035000,1513,83,10,4,168,9.8600,0.7414,35.587,1,5243,102740,70.0,30.0,60.0,40.0
713,17,1024,0,0,1,1,1,1,0,0,0,0,1,1,1,1,1,1,1,1,1,1,0.041000,1490,83,10,4,168,11.2200,0.7282,34.954,1,5243,102740,30.0,70.0,30.0,70.0
713,20,1024,0,0,0,0,1,0,0,0,0,0,1,0,1,1,1,1,1,1,0,0,0.031000,1543,83,10,4,168,7.3600,0.7407,35.554,1,5243,102740,50.0,50.0,70.0,30.0
713,21,1024,0,0,1,1,0,0,1,1,1,1,1,1,1,1,1,1,1,1,1,1,0.054000,1454,83,10,4,168,11.3700,0.7325,35.161,1,5243,102740,20.0,80.0,20.0,80.0
713,24,1024,0,0,0,1,1,1,0,1,0,1,1,1,1,1,1,1,1,1,1,1,0.041000,1506,83,10,4,168,11.5000,0.7685,36.886,1,5243,102740,40.0,60.0,10.0,90.0
713,25,1024,0,0,1,1,1,1,0,0,1,1,1,1,1,1,1,1,0,0,1,1,0.039000,1480,83,10,4,168,9.5000,0.7282,34.954,1,5243,102740,30.0,70.0,30.0,70.0
713,28,1024,0,0,0,0,0,0,0,0,0,0,0,0,1,1,0,0,1,1,1,1,0.029000,1454,83,10,4,168,9.3700,0.7325,35.161,1,5243,102740,70.0,30.0,70.0,30.0
714,1,1024,0,0,0,0,0,0,0,1,0,1,1,0,1,1,1,1,1,1,1,1,0.039000,1542,83,10,4,168,10.9500,0.7407,35.552,1,5243,102740,50.0,50.0,40.0,60.0
714,2,1024,0,0,0,0,0,0,0,1,0,0,1,0,1,1,1,1,1,1,1,1,0.037000,1516,83,10,4,168,10.8600,0.7641,36.675,1,5243,102740,50.0,50.0,50.0,50.0
714,5,1024,0,0,0,0,1,1,0,0,0,1,1,1,1,1,1,1,1,1,1,1,0.040000,1519,83,10,4,168,11.1700,0.7405,35.543,1,5243,102740,40.0,60.0,30.0,70.0
714,7,1024,0,0,0,0,0,0,0,0,0,1,0,0,1,1,1,1,1,1,1,1,0.037000,1512,83,10,4,168,10.8900,0.7637,36.658,1,5243,102740,60.0,40.0,50.0,50.0
714,9,1024,1,1,1,1,1,1,0,0,1,1,1,1,1,1,0,0,1,1,1,1,0.043000,1454,83,10,4,168,1.8900,0.7325,35.161,1,5243,102740,20.0,80.0,20.0,80.0
714,10,1024,0,0,1,1,1,1,0,0,0,0,1,0,1,1,1,1,1,1,1,1,0.039000,1517,83,10,4,168,10.9000,0.7693,36.927,1,5243,102740,30.0,70.0,40.0,60.0
714,11,1024,0,0,1,0,1,0,1,1,0,0,1,0,1,1,1,1,1,1,1,1,0.038000,1513,83,10,4,168,10.8900,0.7683,36.879,1,5243,102740,20.0,80.0,50.0,50.0
714,12,1024,1,1,1,1,1,0,1,1,0,1,1,1,1,1,1,1,1,1,1,1,0.055000,1543,83,10,4,168,5.6300,0.7407,35.554,1,5243,102740,10.0,90.0,10.0,90.0
714,15,1024,0,0,0,0,1,1,0,0,0,1,1,0,1,1,1,1,1,1,1,1,0.038000,1517,83,10,4,168,10.9800,0.7688,36.903,1,5243,102740,40.0,60.0,40.0,60.0
714,16,1024,0,0,1,0,1,0,0,1,0,0,1,0,1,1,1,1,1,1,1,1,0.038000,1516,83,10,4,168,10.8600,0.7641,36.675,1,5243,102740,30.0,70.0,50.0,50.0
714,25,1024,0,0,0,0,0,0,0,0,1,1,1,0,1,1,1,1,1,1,1,1,0.038000,1518,83,10,4,168,11.0600,0.7688,36.903,1,5243,102740,40.0,60.0,50.0,50.0
714,26,1024,0,0,1,0,1,0,0,0,1,1,1,0,1,1,1,1,1,1,1,1,0.040000,1548,83,10,4,168,11.0600,0.7407,35.554,1,5243,102740,20.0,80.0,50.0,50.0
714,27,1024,0,0,0,0,0,0,0,1,0,0,0,0,1,1,1,1,1,1,1,1,0.037000,1510,83,10,4,168,10.7800,0.7637,36.658,1,5243,102740,60.0,40.0,50.0,50.0
714,29,1024,1,1,0,0,0,0,1,1,0,0,0,0,1,1,1,1,1,1,1,1,0.039000,1482,83,10,4,168,2.7900,0.7282,34.954,1,5243,102740,40.0,60.0,40.0,60.0
715,4,1024,1,1,0,0,0,0,0,0,0,1,0,0,1,1,1,1,1,1,1,1,0.039000,1504,83,10,4,168,2.8700,0.7680,36.862,1,5243,102740,50.0,50.0,40.0,60.0
715,5,1024,0,0,0,0,0,0,0,0,1,1,0,0,1,1,1,1,1,1,1,1,0.038000,1459,83,10,4,168,10.9800,0.7325,35.161,1,5243,102740,50.0,50.0,50.0,50.0
715,6,1024,0,0,0,0,1,1,1,1,0,0,1,1,0,1,1,1,1,1,1,1,0.039000,1504,83,10,4,168,10.2700,0.7680,36.862,1,5243,102740,40.0,60.0,30.0,70.0
715,10,1024,0,0,1,1,1,1,0,0,1,1,0,0,1,1,1,1,1,1,1,1,0.040000,1478,83,10,4,168,11.0600,0.7282,34.954,1,5243,102740,30.0,70.0,30.0,70.0
715,12,1024,0,0,0,0,1,1,0,1,0,1,1,1,1,1,0,0,1,1,1,1,0.039000,1519,83,10,4,168,9.4300,0.7405,35.543,1,5243,102740,50.0,50.0,30.0,70.0
715,16,1024,0,0,1,1,1,0,0,0,0,0,1,0,1,1,1,1,1,1,1,1,0.039000,1515,83,10,4,168,10.8800,0.7683,36.879,1,5243,102740,30.0,70.0,50.0,50.0
715,23,1024,0,0,1,1,0,0,0,0,0,0,0,0,1,1,1,1,1,1,1,1,0.038000,1454,83,10,4,168,10.8000,0.7325,35.161,1,5243,102740,50.0,50.0,50.0,50.0
715,25,1024,0,0,0,0,0,0,0,0,0,1,0,0,0,1,1,1,1,1,1,1,0.038000,1524,83,10,4,168,9.9300,0.7405,35.543,1,5243,102740,70.0,30.0,50.0,50.0
715,28,1024,1,1,0,0,1,0,0,0,0,0,0,0,1,1,1,1,1,1,1,1,0.039000,1543,83,10,4,168,2.7400,0.7407,35.554,1,5243,102740,40.0,60.0,50.0,50.0
715,29,1024,0,0,1,1,1,1,0,1,1,1,1,1,1,1,0,0,1,1,1,1,0.041000,1498,83,10,4,168,9.5200,0.7685,36.886,1,5243,102740,30.0,70.0,20.0,80.0
716,5,1024,0,0,1,1,1,1,0,1,1,1,0,0,1,1,1,1,1,1,1,1,0.041000,1519,83,10,4,168,11.0100,0.7405,35.543,1,5243,102740,30.0,70.0,20.0,80.0
716,6,1024,1,1,0,0,1,1,0,0,0,0,1,0,1,1,1,1,1,1,1,1,0.040000,1543,83,10,4,168,2.9700,0.7407,35.554,1,5243,102740,30.0,70.0,40.0,60.0
716,8,1024,1,1,1,1,0,0,0,1,1,1,1,1,1,1,1,1,1,1,1,1,0.052000,1525,83,10,4,168,4.1300,0.7501,36.005,1,5243,102740,20.0,80.0,10.0,90.0
716,12,1024,0,0,0,0,1,0,0,1,0,1,1,1,1,1,1,1,1,1,1,1,0.039000,1523,83,10,4,168,11.0600,0.7688,36.903,1,5243,102740,40.0,60.0,30.0,70.0
716,14,1024,0,0,1,1,0,0,0,1,0,0,0,0,1,1,1,1,1,1,1,1,0.039000,1519,83,10,4,168,10.7800,0.7405,35.543,1,5243,102740,50.0,50.0,40.0,60.0
716,17,1024,0,0,0,0,1,0,0,0,1,1,1,0,1,1,1,1,1,1,1,1,0.039000,1548,83,10,4,168,11.0600,0.7407,35.554,1,5243,102740,30.0,70.0,50.0,50.0
716,18,1024,0,0,0,0,1,1,0,1,0,1,1,1,1,1,1,1,1,0,1,1,0.038000,1514,83,10,4,168,9.5500,0.7683,36.879,1,5243,102740,40.0,60.0,30.0,70.0
716,19,1024,0,0,1,1,0,0,0,0,1,1,0,0,1,1,1,1,1,1,1,1,0.039000,1482,83,10,4,168,10.9800,0.7282,34.954,1,5243,102740,40.0,60.0,40.0,60.0
716,20,1024,0,0,1,1,1,1,0,0,0,0,0,0,1,1,1,1,1,1,1,1,0.039000,1482,83,10,4,168,10.8700,0.7282,34.954,1,5243,102740,40.0,60.0,40.0,60.0
716,21,1024,0,0,1,1,0,0,0,0,0,0,1,0,1,1,1,1,1,1,1,1,0.038000,1543,83,10,4,168,10.8800,0.7407,35.554,1,5243,102740,40.0,60.0,50.0,50.0
716,23,1024,1,1,1,1,1,1,0,1,0,1,1,1,1,1,1,1,1,1,1,1,0.051000,1466,83,10,4,159,13.5400,0.7414,35.587,1,5243,102740,20.0,80.0,0.0,100.0
716,25,1024,0,0,0,0,1,1,0,0,1,1,1,0,1,1,1,1,1,1,1,1,0.039000,1512,83,10,4,168,11.0900,0.7688,36.903,1,5243,102740,30.0,70.0,40.0,60.0
716,26,1024,0,0,0,0,0,0,0,0,1,1,0,1,1,1,1,1,1,1,1,1,0.038000,1513,83,10,4,168,11.0400,0.7414,35.587,1,5243,102740,50.0,50.0,40.0,60.0
716,27,1024,0,0,0,0,0,0,0,0,0,0,0,0,1,1,1,1,0,0,1,1,0.029000,1454,83,10,4,168,9.4100,0.7325,35.161,1,5243,102740,70.0,30.0,70.0,30.0
717,0,1024,1,1,1,1,1,1,0,0,0,0,0,0,1,1,1,1,1,1,1,1,0.042000,1454,83,10,4,168,2.7300,0.7325,35.161,1,5243,102740,30.0,70.0,30.0,70.0
717,5,1024,0,0,0,0,0,0,1,1,0,1,1,0,1,1,1,1,1,1,1,1,0.039000,1542,83,10,4,168,11.0100,0.7407,35.552,1,5243,102740,40.0,60.0,40.0,60.0
717,6,1024,0,0,1,1,1,0,0,0,1,1,0,0,1,1,1,1,1,1,1,1,0.039000,1517,83,10,4,168,10.9800,0.7693,36.927,1,5243,102740,30.0,70.0,40.0,60.0
717,7,1024,0,0,0,0,1,0,0,1,0,0,0,0,1,1,1,1,1,1,1,1,0.037000,1516,83,10,4,168,10.7800,0.7641,36.675,1,5243,102740,50.0,50.0,50.0,50.0
717,8,1024,1,1,0,0,1,1,0,0,1,1,1,1,1,1,1,1,1,1,1,1,0.051000,1454,83,10,4,168,3.7500,0.7325,35.161,1,5243,102740,20.0,80.0,20.0,80.0
717,10,1024,0,0,0,0,1,0,1,1,0,1,1,0,1,1,1,1,1,1,1,1,0.040000,1542,83,10,4,168,11.0100,0.7407,35.552,1,5243,102740,30.0,70.0,40.0,60.0
717,12,1024,0,0,1,1,1,0,1,1,1,1,1,1,1,1,1,1,1,1,1,1,0.057000,1544,83,10,4,168,11.3700,0.7503,36.016,1,5243,102740,10.0,90.0,20.0,80.0
717,13,1024,0,0,1,1,1,1,0,0,0,0,0,1,1,1,1,1,1,1,1,1,0.040000,1509,83,10,4,168,11.0400,0.7680,36.862,1,5243,102740,40.0,60.0,30.0,70.0
717,14,1024,1,1,1,1,1,1,0,1,0,0,1,1,1,1,1,1,1,1,1,1,0.052000,1519,83,10,4,168,3.6500,0.7405,35.543,1,5243,102740,20.0,80.0,10.0,90.0
717,16,1024,1,1,0,0,1,1,0,1,0,1,1,1,1,1,1,1,1,1,1,1,0.042000,1507,83,10,4,168,4.1200,0.7685,36.886,1,5243,102740,30.0,70.0,10.0,90.0
717,19,1024,1,1,0,1,1,1,1,1,1,1,1,1,1,1,1,1,1,1,1,1,0.058000,1467,83,10,4,159,15.0700,0.7510,36.049,1,5243,102740,10.0,90.0,0.0,100.0
717,20,1024,0,0,0,0,0,0,0,1,0,1,1,1,1,1,1,1,1,1,1,1,0.039000,1513,83,10,4,168,11.0600,0.7685,36.886,1,5243,102740,50.0,50.0,30.0,70.0
717,21,1024,1,1,1,1,1,1,0,0,0,0,1,1,1,1,1,1,1,1,1,1,0.052000,1458,83,10,4,168,3.2000,0.7323,35.151,1,5243,102740,20.0,80.0,20.0,80.0
717,22,1024,0,0,0,0,1,1,0,1,1,1,0,0,1,1,1,1,1,1,1,1,0.039000,1499,83,10,4,168,11.0100,0.7680,36.862,1,5243,102740,40.0,60.0,30.0,70.0
717,25,1024,0,0,1,1,0,0,0,0,0,1,1,0,1,1,1,1,1,1,1,1,0.039000,1517,83,10,4,168,10.9800,0.7693,36.927,1,5243,102740,40.0,60.0,40.0,60.0
717,26,1024,0,0,0,0,0,0,0,0,1,0,0,0,1,1,1,1,1,1,1,1,0.035000,1536,83,10,4,168,10.9200,0.7416,35.598,1,5243,102740,50.0,50.0,60.0,40.0
717,27,1024,1,1,0,0,0,0,0,0,0,1,0,1,1,1,1,1,1,1,1,1,0.040000,1519,83,10,4,168,3.1800,0.7405,35.543,1,5243,102740,50.0,50.0,30.0,70.0
717,29,1024,0,0,1,1,1,0,0,0,1,1,1,1,1,1,1,1,1,1,1,1,0.041000,1513,83,10,4,168,11.0800,0.7683,36.879,1,5243,102740,20.0,80.0,30.0,70.0
718,0,1024,0,0,1,1,0,0,0,1,1,1,0,0,1,1,1,1,1,1,1,1,0.040000,1499,83,10,4,168,10.9500,0.7680,36.862,1,5243,102740,40.0,60.0,30.0,70.0
718,4,1024,1,1,0,1,1,1,1,1,0,0,1,1,1,1,1,1,1,1,1,1,0.052000,1519,83,10,4,168,4.0000,0.7405,35.543,1,5243,102740,20.0,80.0,10.0,90.0
718,7,1024,0,0,0,0,0,0,1,1,1,0,0,0,1,1,1,1,1,1,1,1,0.038000,1516,83,10,4,168,10.9600,0.7688,36.903,1,5243,102740,40.0,60.0,50.0,50.0
718,11,1024,0,0,0,0,0,0,0,0,0,0,0,0,1,1,1,1,1,1,0,0,0.030000,1454,83,10,4,168,7.3200,0.7325,35.161,1,5243,102740,70.0,30.0,70.0,30.0
718,13,1024,0,0,0,0,1,1,1,0,0,0,1,1,1,1,1,1,1,1,1,1,0.040000,1542,83,10,4,168,11.2300,0.7407,35.552,1,5243,102740,30.0,70.0,40.0,60.0
718,17,1024,0,0,0,1,1,1,1,1,1,1,1,1,1,1,1,1,1,1,1,1,0.054000,1507,83,10,4,168,12.2600,0.7637,36.658,1,5243,102740,20.0,80.0,10.0,90.0
718,18,1024,1,1,1,1,0,0,0,0,1,1,0,0,1,1,1,1,1,1,1,1,0.042000,1454,83,10,4,168,2.9400,0.7325,35.161,1,5243,102740,30.0,70.0,30.0,70.0
718,20,1024,0,0,0,0,1,1,1,1,0,0,1,1,1,1,0,0,1,1,1,1,0.039000,1482,83,10,4,168,9.4600,0.7282,34.954,1,5243,102740,40.0,60.0,40.0,60.0
718,22,1024,0,0,0,0,0,0,0,1,0,1,0,1,1,1,1,1,1,1,1,1,0.038000,1519,83,10,4,168,10.9400,0.7637,36.658,1,5243,102740,60.0,40.0,30.0,70.0
718,25,1024,1,1,0,0,0,0,0,0,1,1,0,0,1,1,1,1,1,1,1,1,0.040000,1455,83,10,4,168,2.9700,0.7323,35.151,1,5243,102740,40.0,60.0,40.0,60.0
718,27,1024,0,0,0,0,1,1,0,0,1,1,0,0,1,1,1,1,1,1,1,1,0.039000,1455,83,10,4,168,11.0600,0.7323,35.151,1,5243,102740,40.0,60.0,40.0,60.0
718,28,1024,0,0,1,1,0,0,1,1,0,0,1,0,1,1,1,1,1,1,1,1,0.040000,1543,83,10,4,168,10.8900,0.7407,35.554,1,5243,102740,30.0,70.0,40.0,60.0
718,29,1024,1,1,0,1,1,0,1,1,1,1,1,1,1,1,1,1,1,1,1,1,0.059000,1544,83,10,4,168,4.5900,0.7503,36.016,1,5243,102740,10.0,90.0,10.0,90.0
719,0,1024,0,1,0,0,0,0,0,0,1,1,0,0,1,1,1,1,1,1,1,1,0.038000,1503,83,10,4,168,3.1100,0.7685,36.886,1,5243,102740,50.0,50.0,40.0,60.0
719,1,1024,1,1,0,0,0,0,0,0,1,0,0,0,1,1,1,1,1,1,1,1,0.039000,1544,83,10,4,168,2.8700,0.7503,36.016,1,5243,102740,40.0,60.0,50.0,50.0
719,2,1024,0,0,0,1,1,1,1,1,0,1,1,1,1,1,1,1,1,1,1,1,0.042000,1506,83,10,4,168,11.6300,0.7685,36.886,1,5243,102740,30.0,70.0,10.0,90.0
719,6,1024,0,0,0,0,1,1,1,0,0,0,0,0,1,1,1,1,1,1,1,1,0.038000,1518,83,10,4,168,10.8700,0.7688,36.903,1,5243,102740,40.0,60.0,50.0,50.0
719,9,1024,0,0,0,0,0,0,1,1,0,0,0,0,1,1,1,1,1,1,1,1,0.038000,1455,83,10,4,168,10.8200,0.7323,35.151,1,5243,102740,50.0,50.0,50.0,50.0
719,15,1024,0,0,0,0,0,0,0,0,1,1,0,1,1,1,0,0,1,1,1,1,0.038000,1519,83,10,4,168,9.4800,0.7405,35.543,1,5243,102740,60.0,40.0,50.0,50.0
719,17,1024,0,0,0,0,0,0,0,1,1,1,0,0,1,1,1,1,1,1,1,1,0.039000,1518,83,10,4,168,10.9500,0.7404,35.541,1,5243,102740,50.0,50.0,40.0,60.0
719,18,1024,0,0,1,1,1,1,1,1,1,1,1,0,1,1,1,1,1,1,1,1,0.057000,1542,83,10,4,168,11.2800,0.7407,35.552,1,5243,102740,10.0,90.0,20.0,80.0
719,19,1024,0,0,0,0,1,1,1,1,1,1,0,0,1,1,1,1,1,1,1,1,0.041000,1455,83,10,4,168,11.1600,0.7323,35.151,1,5243,102740,30.0,70.0,30.0,70.0
719,24,1024,0,0,0,1,0,0,0,0,0,1,1,1,1,1,1,1,1,1,1,1,0.040000,1519,83,10,4,168,10.9400,0.7405,35.543,1,5243,102740,50.0,50.0,30.0,70.0
719,26,1024,0,0,1,1,1,1,1,0,0,0,1,1,1,1,1,1,1,1,1,1,0.041000,1524,83,10,4,168,11.2300,0.7688,36.903,1,5243,102740,20.0,80.0,30.0,70.0
719,27,1024,0,0,0,0,0,0,0,0,1,0,1,0,1,1,1,1,1,1,1,1,0.035000,1534,82,10,4,166,10.9700,0.7416,35.598,1,5243,102740,40.0,60.0,60.0,40.0
719,28,1024,0,0,0,0,0,0,0,1,1,0,0,0,1,1,1,1,1,1,1,1,0.037000,1516,83,10,4,168,10.8900,0.7641,36.675,1,5243,102740,50.0,50.0,50.0,50.0
720,1,1024,0,0,0,1,1,1,1,1,1,1,0,0,1,1,1,1,1,1,1,1,0.041000,1503,83,10,4,168,11.1600,0.7685,36.886,1,5243,102740,30.0,70.0,20.0,80.0
720,2,1024,0,0,0,0,1,1,0,0,1,0,0,0,1,1,1,1,1,1,1,1,0.037000,1515,83,10,4,168,11.0100,0.7688,36.903,1,5243,102740,40.0,60.0,50.0,50.0
720,3,1024,0,0,0,0,0,0,0,0,1,1,0,0,1,1,1,1,1,1,0,0,0.030000,1459,83,10,4,168,7.4000,0.7325,35.161,1,5243,102740,60.0,40.0,60.0,40.0
720,7,1024,0,0,0,0,0,0,0,0,1,0,1,0,0,0,1,1,1,1,1,1,0.030000,1516,83,10,4,168,9.9200,0.7683,36.879,1,5243,102740,50.0,50.0,70.0,30.0
720,14,1024,0,0,0,0,0,0,1,0,1,1,0,0,1,1,1,1,1,1,1,1,0.037000,1518,83,10,4,168,10.9900,0.7683,36.879,1,5243,102740,40.0,60.0,50.0,50.0
720,16,1024,0,0,0,0,1,1,1,0,0,1,1,1,1,1,1,1,1,1,1,1,0.040000,1543,83,10,4,168,11.2800,0.7407,35.554,1,5243,102740,30.0,70.0,30.0,70.0
720,18,1024,0,0,0,0,1,1,0,0,1,0,1,0,1,1,1,1,1,1,1,1,0.038000,1519,83,10,4,168,10.9900,0.7683,36.879,1,5243,102740,30.0,70.0,50.0,50.0
720,19,1024,0,0,0,0,0,0,0,0,1,0,1,1,1,1,1,1,1,1,1,1,0.038000,1518,83,10,4,168,11.1100,0.7688,36.903,1,5243,102740,40.0,60.0,50.0,50.0
720,20,1024,0,0,0,0,0,0,1,0,0,0,1,1,1,1,1,1,1,1,1,1,0.038000,1548,83,10,4,168,11.0200,0.7407,35.554,1,5243,102740,40.0,60.0,50.0,50.0
720,23,1024,0,0,1,1,1,1,0,0,1,1,0,1,1,1,1,1,1,1,1,1,0.041000,1503,83,10,4,168,11.2200,0.7690,36.910,1,5243,102740,30.0,70.0,20.0,80.0
720,26,1024,0,0,1,1,0,0,0,0,1,0,1,0,1,1,1,1,1,1,1,1,0.039000,1540,83,10,4,168,10.9700,0.7407,35.554,1,5243,102740,30.0,70.0,50.0,50.0
720,28,1024,0,0,1,1,1,1,1,0,0,0,0,0,1,1,1,1,1,1,1,1,0.039000,1510,83,10,4,168,10.8700,0.7693,36.927,1,5243,102740,30.0,70.0,40.0,60.0
721,3,1024,1,1,1,1,1,1,1,1,1,1,1,0,1,1,0,1,1,1,1,1,0.055000,1543,83,10,4,168,2.7200,0.7407,35.554,1,5243,102740,10.0,90.0,10.0,90.0
721,7,1024,1,1,1,1,1,1,1,0,0,1,1,1,1,1,1,1,1,1,1,1,0.055000,1543,83,10,4,168,4.6000,0.7407,35.554,1,5243,102740,10.0,90.0,10.0,90.0
721,8,1024,0,0,0,0,0,0,0,0,1,1,0,0,1,1,1,1,1,1,1,0,0.031000,1548,83,10,4,168,7.9200,0.7407,35.554,1,5243,102740,50.0,50.0,60.0,40.0
721,10,1024,1,1,1,1,1,1,0,1,1,1,1,1,0,0,1,1,1,1,1,1,0.052000,1519,83,10,4,168,2.4800,0.7405,35.543,1,5243,102740,20.0,80.0,10.0,90.0
721,13,1024,0,0,0,0,1,1,1,1,1,1,0,1,1,1,1,1,1,1,1,1,0.040000,1508,83,10,4,168,11.5000,0.7414,35.587,1,5243,102740,30.0,70.0,20.0,80.0
721,14,1024,1,1,0,0,1,1,1,0,0,1,1,1,1,1,1,1,1,1,1,1,0.051000,1543,83,10,4,168,3.6600,0.7407,35.554,1,5243,102740,20.0,80.0,20.0,80.0
721,18,1024,0,0,0,1,1,1,0,0,0,0,0,0,1,1,1,1,1,1,1,1,0.038000,1499,83,10,4,168,10.8700,0.7690,36.910,1,5243,102740,50.0,50.0,40.0,60.0
721,22,1024,0,0,1,1,0,0,0,0,1,0,0,0,1,1,1,1,1,1,1,1,0.038000,1516,83,10,4,168,10.9200,0.7688,36.903,1,5243,102740,40.0,60.0,50.0,50.0
721,24,1024,0,0,0,0,0,0,1,0,1,0,1,1,1,1,1,1,1,1,1,1,0.039000,1548,83,10,4,168,11.0200,0.7407,35.554,1,5243,102740,30.0,70.0,50.0,50.0
721,29,1024,1,1,1,1,1,1,0,1,1,1,1,1,1,1,1,1,1,1,0,0,0.042000,1517,83,10,4,168,4.2000,0.7405,35.543,1,5243,102740,20.0,80.0,10.0,90.0
722,1,1024,0,0,0,0,0,0,0,0,0,0,1,1,1,1,1,1,0,0,1,1,0.036000,1454,83,10,4,168,9.4700,0.7325,35.161,1,5243,102740,60.0,40.0,60.0,40.0
722,3,1024,0,0,0,0,0,0,0,0,1,0,1,0,1,1,1,1,0,1,1,1,0.035000,1534,83,10,4,168,9.9500,0.7416,35.598,1,5243,102740,50.0,50.0,60.0,40.0
722,8,1024,1,1,0,0,1,1,0,0,1,0,0,0,1,1,1,1,1,1,1,1,0.040000,1543,83,10,4,168,3.0600,0.7407,35.554,1,5243,102740,30.0,70.0,40.0,60.0
722,11,1024,0,0,0,0,1,1,0,0,0,1,0,1,1,1,1,1,1,1,1,1,0.039000,1519,83,10,4,168,11.0800,0.7405,35.543,1,5243,102740,50.0,50.0,30.0,70.0
722,14,1024,0,0,1,1,1,1,0,0,1,0,0,0,1,1,1,1,1,1,1,1,0.039000,1517,83,10,4,168,11.0100,0.7693,36.927,1,5243,102740,30.0,70.0,40.0,60.0
722,15,1024,0,0,0,0,1,1,0,0,1,0,1,1,1,1,1,1,1,1,1,1,0.039000,1542,83,10,4,168,11.2700,0.7407,35.552,1,5243,102740,30.0,70.0,40.0,60.0
722,18,1024,1,1,1,1,1,1,0,1,1,0,1,1,1,1,1,1,1,1,1,1,0.055000,1543,83,10,4,168,3.5800,0.7407,35.554,1,5243,102740,10.0,90.0,10.0,90.0
722,20,1024,0,0,0,0,1,1,0,0,0,1,0,0,1,1,1,1,1,1,1,1,0.038000,1507,83,10,4,168,10.9500,0.7685,36.886,1,5243,102740,50.0,50.0,40.0,60.0
722,22,1024,0,0,0,0,0,0,1,0,1,1,1,1,1,1,1,1,1,1,1,1,0.039000,1536,83,10,4,168,11.0300,0.7416,35.598,1,5243,102740,30.0,70.0,40.0,60.0
722,23,1024,0,0,1,1,0,0,0,0,1,0,1,1,1,1,1,1,1,1,1,1,0.039000,1513,83,10,4,168,11.1100,0.7683,36.879,1,5243,102740,30.0,70.0,40.0,60.0
722,28,1024,0,0,1,1,0,0,0,0,0,1,1,1,1,1,1,1,1,1,1,1,0.040000,1504,83,10,4,168,10.9400,0.7680,36.862,1,5243,102740,40.0,60.0,30.0,70.0
722,29,1024,0,0,0,0,1,1,1,0,1,0,1,1,1,1,1,1,1,1,1,1,0.049000,1547,83,10,4,168,11.3600,0.7407,35.552,1,5243,102740,20.0,80.0,40.0,60.0
723,6,1024,0,0,0,1,0,0,0,0,1,0,1,1,1,1,1,1,1,1,1,1,0.039000,1519,83,10,4,168,11.1100,0.7683,36.879,1,5243,102740,40.0,60.0,40.0,60.0
723,9,1024,0,0,1,1,1,1,0,0,1,0,1,1,1,1,1,1,1,1,1,1,0.041000,1526,83,10,4,168,11.2700,0.7688,36.903,1,5243,102740,20.0,80.0,30.0,70.0
723,10,1024,0,0,0,0,0,0,0,0,1,0,1,0,1,1,1,1,1,1,0,0,0.031000,1540,83,10,4,168,7.4500,0.7407,35.554,1,5243,102740,50.0,50.0,70.0,30.0
723,16,1024,1,1,0,1,0,0,0,0,0,0,1,1,1,1,1,1,1,1,1,1,0.040000,1499,83,10,4,168,3.0000,0.7680,36.862,1,5243,102740,40.0,60.0,30.0,70.0
723,20,1024,0,0,1,1,1,1,1,0,1,1,1,1,1,1,1,1,1,1,1,1,0.057000,1511,83,10,4,168,11.6200,0.7693,36.927,1,5243,102740,10.0,90.0,20.0,80.0
723,24,1024,1,1,0,0,0,0,0,0,1,1,1,1,1,1,1,1,1,1,1,1,0.042000,1454,83,10,4,168,3.4300,0.7325,35.161,1,5243,102740,30.0,70.0,30.0,70.0
723,28,1024,0,0,0,1,0,0,0,0,1,0,1,0,1,1,1,1,1,1,1,1,0.038000,1545,83,10,4,168,10.9700,0.7407,35.554,1,5243,102740,40.0,60.0,50.0,50.0
724,1,1024,0,0,1,1,0,0,1,1,0,0,0,0,1,1,1,1,1,1,1,1,0.039000,1454,83,10,4,168,10.8200,0.7325,35.161,1,5243,102740,40.0,60.0,40.0,60.0
724,13,1024,0,0,1,1,0,0,1,1,1,1,0,0,1,1,1,1,1,1,1,1,0.040000,1480,83,10,4,168,11.0500,0.7282,34.954,1,5243,102740,30.0,70.0,30.0,70.0
724,19,1024,0,0,1,1,1,1,0,0,0,0,1,1,1,1,0,0,1,1,1,1,0.039000,1480,83,10,4,168,9.4500,0.7282,34.954,1,5243,102740,40.0,60.0,40.0,60.0
724,23,1024,0,0,0,0,1,1,0,1,1,1,0,1,1,1,1,1,1,1,1,1,0.040000,1513,83,10,4,168,11.1400,0.7414,35.587,1,5243,102740,40.0,60.0,20.0,80.0
724,24,1024,0,0,0,0,1,1,1,0,1,1,0,0,1,1,1,1,1,1,1,1,0.039000,1516,83,10,4,168,11.0300,0.7688,36.903,1,5243,102740,30.0,70.0,40.0,60.0
724,27,1024,0,0,0,0,1,1,1,0,1,1,1,1,1,1,1,1,1,1,1,1,0.050000,1548,83,10,4,168,11.6200,0.7407,35.554,1,5243,102740,20.0,80.0,30.0,70.0
724,28,1024,0,0,0,0,1,1,1,1,1,0,0,0,1,1,1,1,1,1,1,1,0.039000,1536,83,10,4,168,11.0000,0.7416,35.598,1,5243,102740,30.0,70.0,40.0,60.0
725,2,1024,0,0,0,0,1,1,0,1,1,0,0,0,1,1,1,1,1,1,1,1,0.038000,1537,83,10,4,168,10.9000,0.7416,35.598,1,5243,102740,40.0,60.0,40.0,60.0
725,4,1024,0,0,1,1,0,0,0,0,1,1,0,1,1,1,1,1,1,1,1,1,0.040000,1519,83,10,4,168,11.0400,0.7405,35.543,1,5243,102740,40.0,60.0,30.0,70.0
725,9,1024,0,0,0,0,1,1,1,0,1,1,1,0,1,1,1,1,1,1,1,1,0.048000,1515,83,10,4,168,11.2500,0.7688,36.903,1,5243,102740,20.0,80.0,40.0,60.0
725,14,1024,0,0,0,1,0,0,1,0,1,1,0,0,1,1,1,1,1,1,1,1,0.038000,1518,83,10,4,168,10.9900,0.7693,36.927,1,5243,102740,40.0,60.0,40.0,60.0
725,15,1024,1,1,1,1,1,1,0,1,0,1,0,1,1,1,1,1,1,1,1,1,0.042000,1466,83,10,4,159,12.4000,0.7414,35.587,1,5243,102740,30.0,70.0,0.0,100.0
725,16,1024,0,0,1,1,0,0,1,1,1,1,1,0,1,1,1,1,1,1,1,1,0.050000,1512,83,10,4,168,11.1800,0.7688,36.903,1,5243,102740,20.0,80.0,30.0,70.0
725,21,1024,0,0,0,0,1,1,1,0,1,1,1,1,0,0,1,1,1,1,1,1,0.039000,1518,83,10,4,168,10.0700,0.7688,36.903,1,5243,102740,30.0,70.0,40.0,60.0
725,22,1024,1,1,1,1,0,0,1,1,1,1,0,0,1,1,1,1,1,1,1,1,0.052000,1455,83,10,4,168,3.0700,0.7323,35.151,1,5243,102740,20.0,80.0,20.0,80.0
725,23,1024,1,1,0,0,0,0,0,0,1,0,1,0,1,1,1,1,1,1,1,1,0.039000,1540,83,10,4,168,3.0000,0.7407,35.554,1,5243,102740,30.0,70.0,50.0,50.0
725,26,1024,0,0,0,0,0,0,1,1,1,1,0,0,1,1,1,1,1,1,1,1,0.040000,1452,83,10,4,168,11.0500,0.7325,35.161,1,5243,102740,40.0,60.0,40.0,60.0
725,28,1024,0,0,0,0,1,1,0,0,1,0,0,1,1,1,1,1,1,1,1,1,0.039000,1542,83,10,4,168,11.1400,0.7407,35.552,1,5243,102740,40.0,60.0,40.0,60.0
726,8,1024,0,0,0,0,1,1,0,0,1,1,1,1,1,1,0,0,1,1,1,1,0.039000,1451,83,10,4,168,9.5200,0.7325,35.161,1,5243,102740,40.0,60.0,40.0,60.0
726,10,1024,0,0,1,1,1,1,0,1,0,1,0,1,1,1,1,1,1,1,1,1,0.041000,1506,83,10,4,168,11.2300,0.7685,36.886,1,5243,102740,40.0,60.0,10.0,90.0
726,13,1024,0,0,0,0,0,0,1,1,1,0,1,0,1,1,1,1,1,1,1,1,0.038000,1516,83,10,4,168,11.0100,0.7683,36.879,1,5243,102740,30.0,70.0,50.0,50.0
726,15,1024,1,1,1,1,1,1,0,1,0,0,0,1,1,1,1,1,1,1,1,1,0.043000,1519,83,10,4,168,3.4500,0.7405,35.543,1,5243,102740,30.0,70.0,10.0,90.0
726,17,1024,0,0,1,0,0,0,0,0,0,0,1,1,1,1,1,1,1,1,1,1,0.038000,1515,83,10,4,168,11.0700,0.7688,36.903,1,5243,102740,40.0,60.0,50.0,50.0
726,22,1024,0,0,0,0,0,0,0,1,1,0,1,0,1,1,1,1,1,1,1,1,0.037000,1517,83,10,4,168,10.9500,0.7641,36.675,1,5243,102740,40.0,60.0,50.0,50.0
726,26,1024,0,0,0,0,0,0,1,0,0,0,0,0,1,1,1,1,1,1,1,1,0.035000,1536,83,10,4,168,10.8000,0.7416,35.598,1,5243,102740,50.0,50.0,60.0,40.0
726,28,1024,1,1,1,1,1,1,0,1,1,1,1,1,1,1,1,0,1,1,1,1,0.055000,1543,83,10,4,168,1.9200,0.7407,35.554,1,5243,102740,10.0,90.0,10.0,90.0
726,29,1024,1,1,1,1,0,0,0,1,0,1,0,1,1,1,1,1,1,1,1,1,0.042000,1524,83,10,4,168,3.5700,0.7405,35.543,1,5243,102740,40.0,60.0,10.0,90.0
727,0,1024,1,1,1,1,0,0,0,1,0,1,1,1,1,1,1,1,1,1,1,1,0.043000,1519,83,10,4,168,3.7400,0.7405,35.543,1,5243,102740,30.0,70.0,10.0,90.0
727,7,1024,1,1,1,1,1,1,0,0,0,1,1,1,0,0,1,1,1,1,1,1,0.042000,1504,83,10,4,168,2.2300,0.7680,36.862,1,5243,102740,30.0,70.0,20.0,80.0
727,12,1024,0,0,0,0,1,1,0,1,1,1,1,1,1,1,0,0,1,1,1,1,0.040000,1519,83,10,4,168,9.5200,0.7405,35.543,1,5243,102740,40.0,60.0,30.0,70.0
727,19,1024,1,1,0,0,0,0,0,0,1,0,1,1,1,1,1,1,1,1,1,1,0.040000,1513,83,10,4,168,3.1300,0.7693,36.927,1,5243,102740,30.0,70.0,40.0,60.0
727,25,1024,1,1,1,1,1,1,1,1,1,1,0,1,1,1,1,1,1,1,1,1,0.054000,1466,83,10,4,159,14.3200,0.7414,35.587,1,5243,102740,10.0,90.0,0.0,100.0
727,26,1024,0,0,0,0,0,0,1,0,1,1,0,1,1,1,1,1,1,1,1,1,0.038000,1537,83,10,4,168,10.9600,0.7416,35.598,1,5243,102740,40.0,60.0,40.0,60.0
727,27,1024,0,0,0,1,0,0,0,0,0,0,0,0,1,1,1,1,1,1,1,1,0.038000,1524,83,10,4,168,10.8000,0.7405,35.543,1,5243,102740,60.0,40.0,50.0,50.0
728,6,1024,0,0,0,0,0,0,1,0,1,0,0,0,1,1,1,1,1,1,1,1,0.036000,1536,83,10,4,168,10.9500,0.7416,35.598,1,5243,102740,40.0,60.0,60.0,40.0
728,9,1024,0,0,1,1,1,1,1,1,1,1,0,0,1,1,1,1,1,1,1,1,0.043000,1454,83,10,4,168,11.1600,0.7325,35.161,1,5243,102740,20.0,80.0,20.0,80.0
728,11,1024,0,0,0,0,1,1,0,1,0,1,0,1,1,1,1,1,1,1,1,1,0.039000,1508,83,10,4,168,11.2300,0.7414,35.587,1,5243,102740,50.0,50.0,20.0,80.0
728,13,1024,1,1,1,1,1,1,0,0,0,1,0,1,1,1,1,1,1,1,1,1,0.043000,1519,83,10,4,168,3.5000,0.7405,35.543,1,5243,102740,30.0,70.0,10.0,90.0
728,14,1024,0,0,1,1,0,0,1,0,1,1,0,0,1,1,1,1,1,1,1,1,0.039000,1517,83,10,4,168,10.9900,0.7693,36.927,1,5243,102740,30.0,70.0,40.0,60.0
728,23,1024,0,0,0,0,1,1,0,1,1,1,0,0,0,1,1,1,1,1,1,1,0.039000,1499,83,10,4,168,9.9500,0.7680,36.862,1,5243,102740,50.0,50.0,30.0,70.0
728,28,1024,1,1,1,1,1,1,0,1,0,1,0,1,1,1,0,1,1,1,1,1,0.041000,1466,83,10,4,159,10.6200,0.7414,35.587,1,5243,102740,40.0,60.0,0.0,100.0
729,1,1024,1,1,1,1,1,1,0,1,1,1,0,1,1,1,1,1,1,1,1,1,0.051000,1466,83,10,4,159,12.5400,0.7414,35.587,1,5243,102740,20.0,80.0,0.0,100.0
729,11,1024,0,0,0,1,0,0,1,0,0,0,1,1,1,1,1,1,1,1,1,1,0.039000,1542,83,10,4,168,11.0200,0.7407,35.552,1,5243,102740,40.0,60.0,40.0,60.0
729,18,1024,0,0,0,0,0,0,1,0,1,1,0,0,1,1,0,0,1,1,1,1,0.036000,1543,83,10,4,168,9.4000,0.7407,35.554,1,5243,102740,50.0,50.0,60.0,40.0
729,20,1024,1,1,1,1,1,1,1,0,0,1,0,1,1,1,1,1,1,1,1,1,0.045000,1549,83,10,4,168,4.0500,0.7503,36.016,1,5243,102740,20.0,80.0,10.0,90.0
729,24,1024,0,0,1,1,0,0,1,0,0,0,1,1,1,1,1,1,1,1,1,1,0.040000,1513,83,10,4,168,11.0200,0.7683,36.879,1,5243,102740,30.0,70.0,40.0,60.0
729,25,1024,1,1,0,0,1,1,0,1,0,1,0,1,1,1,1,1,1,1,1,1,0.042000,1503,83,10,4,168,3.6900,0.7685,36.886,1,5243,102740,40.0,60.0,10.0,90.0
729,28,1024,0,0,0,1,1,1,0,0,1,1,1,1,1,1,1,1,1,1,1,1,0.041000,1522,83,10,4,168,11.3900,0.7404,35.541,1,5243,102740,30.0,70.0,20.0,80.0
730,0,1024,0,0,0,0,1,1,0,0,1,0,1,1,1,1,1,1,0,0,1,1,0.037000,1543,83,10,4,168,9.4700,0.7407,35.554,1,5243,102740,40.0,60.0,50.0,50.0
730,9,1024,0,0,0,1,1,1,0,0,1,0,1,1,1,1,1,1,1,1,1,1,0.040000,1525,83,10,4,168,11.2700,0.7688,36.903,1,5243,102740,30.0,70.0,30.0,70.0
730,13,1024,1,1,1,1,1,1,0,1,0,1,1,0,1,1,1,1,1,1,1,1,0.052000,1543,83,10,4,168,2.5900,0.7407,35.554,1,5243,102740,20.0,80.0,10.0,90.0
730,15,1024,0,0,1,1,0,0,1,1,0,0,1,1,1,1,1,1,1,1,1,1,0.041000,1454,83,10,4,168,11.0300,0.7325,35.161,1,5243,102740,30.0,70.0,30.0,70.0
730,24,1024,0,0,0,0,0,0,1,0,0,0,0,1,1,1,1,1,1,1,1,1,0.038000,1548,83,10,4,168,10.8500,0.7407,35.554,1,5243,102740,50.0,50.0,50.0,50.0
731,7,1024,1,1,0,1,1,1,0,1,0,1,0,1,1,1,1,1,1,1,1,1,0.041000,1466,83,10,4,159,12.4100,0.7414,35.587,1,5243,102740,40.0,60.0,0.0,100.0
731,10,1024,1,1,1,1,1,1,0,1,0,1,0,1,1,1,1,1,0,0,1,1,0.042000,1520,83,10,4,168,1.9700,0.7501,36.005,1,5243,102740,40.0,60.0,10.0,90.0
731,21,1024,0,0,0,0,1,1,0,0,1,0,1,1,1,1,1,1,1,1,0,0,0.031000,1512,83,10,4,168,7.7700,0.7683,36.879,1,5243,102740,40.0,60.0,50.0,50.0
731,23,1024,1,1,1,1,1,1,0,0,1,1,0,0,1,1,1,1,1,1,1,1,0.051000,1458,83,10,4,168,2.9800,0.7323,35.151,1,5243,102740,20.0,80.0,20.0,80.0
731,24,1024,0,0,1,1,1,1,0,0,1,1,1,1,1,1,1,1,0,1,1,1,0.041000,1499,83,10,4,168,10.1600,0.7690,36.910,1,5243,102740,30.0,70.0,20.0,80.0
731,27,1024,1,1,0,0,1,1,1,1,1,1,0,0,1,1,1,1,1,1,1,1,0.051000,1458,83,10,4,168,3.2500,0.7323,35.151,1,5243,102740,20.0,80.0,20.0,80.0
731,29,1024,0,0,0,0,1,0,0,0,1,0,1,0,1,1,1,1,1,1,1,1,0.036000,1536,83,10,4,168,10.9700,0.7416,35.598,1,5243,102740,30.0,70.0,60.0,40.0
732,0,1024,1,1,0,1,1,1,0,1,0,0,0,1,1,1,1,1,1,1,1,1,0.042000,1519,83,10,4,168,3.7500,0.7405,35.543,1,5243,102740,40.0,60.0,10.0,90.0
732,1,1024,1,1,1,1,1,1,0,1,1,1,1,1,1,0,1,1,1,1,1,1,0.055000,1543,83,10,4,168,1.8400,0.7407,35.554,1,5243,102740,10.0,90.0,10.0,90.0
732,5,1024,0,0,0,0,0,0,1,0,0,1,1,1,1,1,1,1,1,1,1,1,0.038000,1537,83,10,4,168,10.8800,0.7416,35.598,1,5243,102740,40.0,60.0,40.0,60.0
732,6,1024,1,1,0,1,1,1,0,1,1,1,0,1,1,1,1,1,1,1,1,1,0.041000,1466,83,10,4,159,11.8200,0.7414,35.587,1,5243,102740,30.0,70.0,0.0,100.0
732,7,1024,1,1,0,0,0,0,1,0,1,1,0,0,1,1,1,1,1,1,1,1,0.040000,1512,83,10,4,168,3.0000,0.7688,36.903,1,5243,102740,30.0,70.0,40.0,60.0
732,14,1024,0,0,0,1,1,1,0,1,0,1,0,1,1,1,1,1,1,1,1,1,0.041000,1510,83,10,4,168,11.2300,0.7685,36.886,1,5243,102740,50.0,50.0,10.0,90.0
732,16,1024,1,1,0,0,1,1,0,0,1,1,0,0,1,1,1,1,1,1,1,1,0.042000,1454,83,10,4,168,3.0900,0.7325,35.161,1,5243,102740,30.0,70.0,30.0,70.0
732,27,1024,0,0,1,1,1,1,1,1,1,1,1,1,1,1,1,1,0,0,1,1,0.042000,1454,83,10,4,168,9.6000,0.7325,35.161,1,5243,102740,20.0,80.0,20.0,80.0
732,29,1024,0,0,0,0,1,1,1,1,1,1,1,1,1,1,1,1,0,0,1,1,0.040000,1455,83,10,4,168,9.6000,0.7323,35.151,1,5243,102740,30.0,70.0,30.0,70.0
733,5,1024,0,0,0,0,0,0,0,0,1,0,0,1,1,1,1,1,1,1,1,1,0.038000,1548,83,10,4,168,11.0700,0.7407,35.554,1,5243,102740,50.0,50.0,50.0,50.0
733,11,1024,0,0,1,1,1,1,1,0,0,1,1,1,1,1,1,1,1,1,1,1,0.042000,1517,83,10,4,168,11.2800,0.7693,36.927,1,5243,102740,20.0,80.0,20.0,80.0
733,12,1024,0,0,0,0,0,0,1,0,1,0,1,0,1,1,1,1,1,1,1,1,0.036000,1536,83,10,4,168,10.9400,0.7416,35.598,1,5243,102740,30.0,70.0,60.0,40.0
733,20,1024,0,0,0,0,1,1,1,0,0,1,0,0,1,1,1,1,1,1,1,1,0.038000,1520,83,10,4,168,10.9600,0.7688,36.903,1,5243,102740,40.0,60.0,40.0,60.0
733,29,1024,0,0,0,1,1,1,1,0,0,1,1,1,1,1,1,1,1,1,1,1,0.041000,1543,83,10,4,168,11.2800,0.7407,35.554,1,5243,102740,30.0,70.0,20.0,80.0
734,0,1024,0,0,0,0,0,0,1,0,1,1,1,0,1,1,1,1,1,1,1,1,0.039000,1548,83,10,4,168,10.9900,0.7407,35.554,1,5243,102740,30.0,70.0,50.0,50.0
734,6,1024,1,1,0,1,1,1,0,1,0,1,0,1,0,0,1,1,1,1,1,1,0.042000,1519,83,10,4,168,1.8600,0.7405,35.543,1,5243,102740,50.0,50.0,10.0,90.0
734,14,1024,1,1,0,0,0,0,0,0,1,0,1,1,1,1,0,0,1,1,1,1,0.038000,1514,83,10,4,168,1.7700,0.7683,36.879,1,5243,102740,40.0,60.0,50.0,50.0
734,15,1024,1,1,1,1,1,1,1,1,1,1,1,1,0,0,1,1,1,1,1,1,0.055000,1454,83,10,4,168,2.7900,0.7325,35.161,1,5243,102740,10.0,90.0,10.0,90.0
734,19,1024,0,0,1,1,1,1,1,1,1,0,1,1,1,1,1,1,1,1,1,1,0.057000,1512,83,10,4,168,11.4800,0.7688,36.903,1,5243,102740,10.0,90.0,20.0,80.0
735,3,1024,0,0,0,0,0,0,0,0,1,0,1,0,1,1,1,1,0,0,1,1,0.031000,1540,83,10,4,168,9.4400,0.7407,35.554,1,5243,102740,50.0,50.0,70.0,30.0
735,9,1024,1,1,1,1,1,1,0,1,0,1,0,0,1,1,1,1,1,1,1,1,0.043000,1519,83,10,4,168,2.8000,0.7405,35.543,1,5243,102740,30.0,70.0,10.0,90.0
735,25,1024,0,0,0,0,1,1,0,1,1,1,1,1,1,1,1,1,0,0,1,1,0.039000,1519,83,10,4,168,9.5600,0.7405,35.543,1,5243,102740,40.0,60.0,30.0,70.0
736,0,1024,1,1,0,0,1,1,1,0,1,1,1,1,1,1,1,1,1,1,1,1,0.058000,1544,83,10,4,168,4.0900,0.7503,36.016,1,5243,102740,10.0,90.0,20.0,80.0
736,8,1024,1,1,0,1,1,1,0,0,0,1,0,1,0,0,1,1,1,1,1,1,0.041000,1503,83,10,4,168,2.1000,0.7685,36.886,1,5243,102740,50.0,50.0,20.0,80.0
736,9,1024,0,0,0,0,0,0,1,0,0,1,0,0,1,1,1,1,1,1,1,1,0.038000,1548,83,10,4,168,10.9100,0.7407,35.554,1,5243,102740,50.0,50.0,50.0,50.0
736,10,1024,1,1,0,1,1,1,0,1,0,1,1,1,1,1,1,1,1,1,1,1,0.041000,1466,83,10,4,159,12.9700,0.7414,35.587,1,5243,102740,30.0,70.0,0.0,100.0
736,11,1024,0,0,1,1,1,1,1,1,1,1,0,1,1,1,1,1,1,1,1,1,0.043000,1501,83,10,4,168,11.5000,0.7685,36.886,1,5243,102740,20.0,80.0,10.0,90.0
736,19,1024,0,0,0,0,1,0,1,0,1,1,1,1,1,1,1,1,1,1,1,1,0.049000,1534,82,10,4,166,11.0300,0.7416,35.598,1,5243,102740,20.0,80.0,40.0,60.0
736,23,1024,1,1,0,0,0,0,0,0,1,0,0,1,1,1,1,1,1,1,1,1,0.039000,1514,83,10,4,168,3.0600,0.7693,36.927,1,5243,102740,40.0,60.0,40.0,60.0
737,1,1024,0,0,0,0,0,0,1,0,1,1,0,0,1,1,1,1,0,1,1,1,0.037000,1519,83,10,4,168,9.9600,0.7683,36.879,1,5243,102740,50.0,50.0,50.0,50.0
737,9,1024,0,0,1,1,1,1,0,0,0,1,0,0,1,1,1,1,1,1,1,1,0.040000,1498,83,10,4,168,10.9500,0.7685,36.886,1,5243,102740,40.0,60.0,30.0,70.0
737,18,1024,1,1,1,1,1,1,0,0,1,1,1,1,1,1,1,1,1,1,0,0,0.041000,1454,83,10,4,168,5.4800,0.7325,35.161,1,5243,102740,20.0,80.0,20.0,80.0
737,19,1024,0,0,0,0,0,0,1,0,1,1,0,0,1,1,0,1,1,1,1,1,0.037000,1519,83,10,4,168,10.0700,0.7683,36.879,1,5243,102740,50.0,50.0,50.0,50.0
737,26,1024,0,0,0,0,1,1,0,0,1,0,1,1,1,1,0,0,1,1,1,1,0.038000,1513,83,10,4,168,9.4800,0.7683,36.879,1,5243,102740,40.0,60.0,50.0,50.0
737,29,1024,1,1,0,1,0,0,0,1,0,1,1,1,1,1,1,1,1,1,1,1,0.042000,1519,83,10,4,168,3.3700,0.7405,35.543,1,5243,102740,40.0,60.0,10.0,90.0
738,0,1024,0,0,1,1,1,1,1,1,1,1,1,1,0,0,1,1,1,1,1,1,0.043000,1455,83,10,4,168,10.0800,0.7323,35.151,1,5243,102740,20.0,80.0,20.0,80.0
738,1,1024,0,0,0,0,0,0,0,1,1,0,0,1,1,1,1,1,1,1,1,1,0.038000,1520,83,10,4,168,10.9500,0.7641,36.675,1,5243,102740,50.0,50.0,40.0,60.0
738,3,1024,0,0,0,1,1,1,0,0,1,0,0,0,1,1,1,1,1,1,1,1,0.039000,1518,83,10,4,168,11.0100,0.7693,36.927,1,5243,102740,40.0,60.0,40.0,60.0
738,14,1024,0,0,1,1,1,1,0,0,1,1,0,0,1,1,0,0,1,1,1,1,0.039000,1454,83,10,4,168,9.3900,0.7325,35.161,1,5243,102740,40.0,60.0,40.0,60.0
739,1,1024,0,0,0,0,1,1,1,0,1,1,1,1,1,1,1,1,0,0,1,1,0.038000,1543,83,10,4,168,9.5100,0.7407,35.554,1,5243,102740,30.0,70.0,40.0,60.0
739,24,1024,1,1,0,1,1,1,0,1,0,1,0,0,1,1,1,1,1,1,1,1,0.042000,1519,83,10,4,168,2.7600,0.7405,35.543,1,5243,102740,40.0,60.0,10.0,90.0
740,10,1024,0,0,0,0,0,0,0,0,1,0,0,1,1,1,1,1,1,1,0,0,0.031000,1548,83,10,4,168,7.4600,0.7407,35.554,1,5243,102740,60.0,40.0,60.0,40.0
741,8,1024,0,0,0,0,1,1,0,1,1,1,1,1,1,1,1,1,1,1,1,0,0.038000,1543,83,10,4,168,6.6100,0.7407,35.554,1,5243,102740,30.0,70.0,30.0,70.0
741,10,1024,0,0,0,0,1,1,0,0,1,0,0,0,1,1,1,1,1,1,0,0,0.030000,1516,83,10,4,168,7.4900,0.7688,36.903,1,5243,102740,50.0,50.0,60.0,40.0
741,26,1024,1,1,0,0,0,0,0,1,0,0,0,0,1,1,1,1,1,1,1,1,0.039000,1522,83,10,4,168,2.7700,0.7404,35.541,1,5243,102740,50.0,50.0,40.0,60.0
742,3,1024,0,0,1,1,0,0,0,0,1,0,0,1,1,1,1,1,1,1,1,1,0.039000,1513,83,10,4,168,11.0700,0.7688,36.903,1,5243,102740,40.0,60.0,40.0,60.0
742,4,1024,1,1,1,1,1,1,1,1,1,1,1,1,1,1,1,0,1,1,1,1,0.062000,1548,83,10,4,168,2.0700,0.7407,35.554,1,5243,102740,0.0,100.0,10.0,90.0
742,5,1024,1,1,1,1,1,1,0,1,1,0,1,1,0,0,1,1,1,1,1,1,0.051000,1548,83,10,4,168,2.2500,0.7407,35.554,1,5243,102740,20.0,80.0,20.0,80.0
742,10,1024,1,1,0,0,1,1,0,0,1,0,1,1,1,1,1,1,1,1,1,1,0.047000,1512,83,10,4,168,3.3400,0.7688,36.903,1,5243,102740,20.0,80.0,30.0,70.0
743,14,1024,0,0,0,0,0,0,1,1,1,0,0,1,1,1,1,1,1,1,1,1,0.039000,1517,83,10,4,168,10.9700,0.7688,36.903,1,5243,102740,40.0,60.0,40.0,60.0
743,15,1024,0,0,0,0,1,1,0,0,1,0,0,0,1,1,0,0,1,1,1,1,0.036000,1543,83,10,4,168,9.3800,0.7407,35.554,1,5243,102740,50.0,50.0,60.0,40.0
743,19,1024,1,1,0,0,1,1,0,1,0,1,1,1,0,0,1,1,1,1,1,1,0.041000,1499,83,10,4,168,2.0700,0.7680,36.862,1,5243,102740,40.0,60.0,20.0,80.0
743,25,1024,1,1,0,1,1,1,0,1,1,1,1,1,1,1,1,1,1,1,1,1,0.051000,1466,83,10,4,159,13.9700,0.7414,35.587,1,5243,102740,20.0,80.0,0.0,100.0
744,3,1024,0,0,0,1,1,1,0,1,1,1,1,1,1,1,1,1,1,1,1,1,0.042000,1510,83,10,4,168,11.9100,0.7685,36.886,1,5243,102740,30.0,70.0,10.0,90.0
744,18,1024,0,0,0,0,0,0,0,0,0,0,1,1,1,1,0,0,1,1,1,1,0.037000,1454,83,10,4,168,9.4800,0.7325,35.161,1,5243,102740,60.0,40.0,60.0,40.0
744,20,1024,0,0,0,0,0,0,1,0,1,1,1,0,1,1,1,0,1,1,1,1,0.036000,1543,83,10,4,168,9.4100,0.7407,35.554,1,5243,102740,30.0,70.0,60.0,40.0
744,23,1024,1,1,0,1,1,1,0,0,0,1,1,1,1,1,1,1,1,1,1,1,0.043000,1519,83,10,4,168,3.3800,0.7405,35.543,1,5243,102740,30.0,70.0,10.0,90.0
744,27,1024,0,0,1,0,0,0,0,0,1,0,0,1,1,1,1,1,1,1,1,1,0.038000,1548,83,10,4,168,11.0700,0.7407,35.554,1,5243,102740,40.0,60.0,50.0,50.0
744,28,1024,1,1,1,1,1,1,1,1,1,1,1,1,1,1,0,0,1,1,1,1,0.055000,1454,83,10,4,168,2.2400,0.7325,35.161,1,5243,102740,10.0,90.0,10.0,90.0
744,29,1024,1,1,1,1,1,1,1,1,1,0,1,1,0,0,1,1,1,1,1,1,0.055000,1548,83,10,4,168,2.4300,0.7407,35.554,1,5243,102740,10.0,90.0,20.0,80.0
745,9,1024,0,0,1,1,1,1,1,1,1,1,1,1,1,1,1,1,1,1,0,0,0.040000,1481,83,10,4,168,17.2800,0.7282,34.954,1,5243,102740,20.0,80.0,20.0,80.0
745,11,1024,0,0,1,1,1,1,0,0,1,1,1,1,1,1,0,0,1,1,1,1,0.041000,1454,83,10,4,168,9.5200,0.7325,35.161,1,5243,102740,30.0,70.0,30.0,70.0
745,17,1024,1,1,0,1,1,1,1,0,0,1,1,1,1,1,1,1,1,1,1,1,0.052000,1543,83,10,4,168,3.6600,0.7407,35.554,1,5243,102740,20.0,80.0,10.0,90.0
745,21,1024,1,1,1,1,1,1,1,1,1,1,1,1,0,1,1,1,1,1,1,1,0.054000,1466,83,10,4,159,11.6600,0.7414,35.587,1,5243,102740,10.0,90.0,0.0,100.0
745,22,1024,0,0,1,0,1,1,0,0,1,0,0,0,1,1,1,1,1,1,1,1,0.038000,1519,83,10,4,168,11.0100,0.7688,36.903,1,5243,102740,30.0,70.0,50.0,50.0
745,25,1024,1,1,0,1,1,1,0,0,1,1,1,1,1,1,1,1,1,1,1,1,0.052000,1519,83,10,4,168,3.5500,0.7405,35.543,1,5243,102740,20.0,80.0,10.0,90.0
746,0,1024,1,1,0,1,1,1,0,1,1,1,0,0,1,1,1,1,1,1,1,1,0.043000,1519,83,10,4,168,3.0500,0.7405,35.543,1,5243,102740,30.0,70.0,10.0,90.0
746,8,1024,0,0,1,1,1,1,1,1,1,1,0,0,1,1,1,1,1,1,0,0,0.038000,1454,83,10,4,168,7.4200,0.7325,35.161,1,5243,102740,30.0,70.0,30.0,70.0
746,9,1024,1,1,0,1,1,1,0,1,0,0,1,1,1,1,1,1,1,1,1,1,0.043000,1519,83,10,4,168,3.9900,0.7405,35.543,1,5243,102740,30.0,70.0,10.0,90.0
746,15,1024,0,0,0,0,0,0,1,0,1,1,0,0,1,1,1,0,1,1,1,1,0.036000,1540,83,10,4,168,9.3800,0.7407,35.554,1,5243,102740,40.0,60.0,60.0,40.0
746,17,1024,1,1,0,1,0,0,0,1,1,1,1,1,1,1,1,1,1,1,1,1,0.043000,1519,83,10,4,168,3.5900,0.7405,35.543,1,5243,102740,30.0,70.0,10.0,90.0
746,18,1024,0,0,1,1,1,1,1,1,0,1,1,1,1,1,1,1,1,1,0,0,0.038000,1502,83,10,4,168,5.1500,0.7685,36.886,1,5243,102740,30.0,70.0,20.0,80.0
746,20,1024,0,0,0,1,1,1,0,0,1,0,1,0,1,1,1,1,1,1,1,1,0.039000,1513,83,10,4,168,10.9900,0.7693,36.927,1,5243,102740,30.0,70.0,40.0,60.0
746,25,1024,1,1,0,0,1,1,0,0,1,0,1,0,1,1,1,1,1,1,1,1,0.047000,1540,83,10,4,168,3.1000,0.7407,35.554,1,5243,102740,20.0,80.0,40.0,60.0
746,28,1024,0,0,1,1,1,1,1,1,1,0,1,1,1,1,1,1,1,1,0,0,0.038000,1515,83,10,4,168,7.6300,0.7688,36.903,1,5243,102740,20.0,80.0,30.0,70.0
746,29,1024,0,0,1,1,1,1,1,1,0,0,1,1,1,1,1,1,1,1,0,0,0.038000,1454,83,10,4,168,7.6000,0.7323,35.151,1,5243,102740,30.0,70.0,30.0,70.0
747,0,1024,1,1,1,1,1,1,1,1,1,1,1,1,1,1,1,1,1,1,0,0,0.049000,1452,83,10,4,168,7.7800,0.7325,35.161,1,5243,102740,10.0,90.0,10.0,90.0
747,1,1024,0,0,1,1,0,0,0,0,1,1,1,0,1,1,1,1,1,1,1,1,0.039000,1510,83,10,4,168,11.0600,0.7693,36.927,1,5243,102740,30.0,70.0,40.0,60.0
747,5,1024,0,0,1,0,0,0,0,0,1,0,0,1,1,1,0,0,1,1,1,1,0.037000,1543,83,10,4,168,9.4500,0.7407,35.554,1,5243,102740,50.0,50.0,60.0,40.0
747,7,1024,0,0,0,0,1,1,1,1,1,1,1,1,1,1,1,1,1,1,0,0,0.038000,1454,83,10,4,168,17.2800,0.7325,35.161,1,5243,102740,30.0,70.0,30.0,70.0
747,10,1024,1,1,1,1,0,0,0,0,0,0,0,0,1,1,1,1,1,1,1,1,0.040000,1452,82,10,4,166,2.7200,0.7325,35.161,1,5243,102740,40.0,60.0,40.0,60.0
747,11,1024,0,0,1,1,1,1,0,0,0,0,0,0,1,1,0,0,1,1,1,1,0.038000,1454,83,10,4,168,9.3500,0.7325,35.161,1,5243,102740,50.0,50.0,50.0,50.0
747,15,1024,0,0,1,1,0,0,0,0,1,1,0,0,1,1,0,0,1,1,1,1,0.038000,1454,83,10,4,168,9.4200,0.7325,35.161,1,5243,102740,50.0,50.0,50.0,50.0
747,18,1024,0,0,1,0,0,0,0,0,1,0,1,1,1,1,1,1,1,1,1,1,0.038000,1515,83,10,4,168,11.1100,0.7688,36.903,1,5243,102740,30.0,70.0,50.0,50.0
747,20,1024,0,0,1,1,1,1,1,1,0,0,0,0,1,1,1,1,1,1,1,1,0.041000,1454,83,10,4,168,10.8500,0.7325,35.161,1,5243,102740,30.0,70.0,30.0,70.0
747,21,1024,0,0,1,1,1,1,0,0,1,1,1,1,1,1,1,1,1,1,0,0,0.038000,1479,83,10,4,168,8.1100,0.7282,34.954,1,5243,102740,30.0,70.0,30.0,70.0
747,27,1024,0,0,1,0,0,0,0,0,1,1,0,1,1,1,1,1,1,1,1,1,0.038000,1537,83,10,4,168,11.0400,0.7416,35.598,1,5243,102740,40.0,60.0,40.0,60.0
747,29,1024,0,0,0,0,0,0,0,0,1,1,1,0,0,0,1,1,1,1,1,1,0.036000,1515,83,10,4,168,9.9700,0.7683,36.879,1,5243,102740,50.0,50.0,60.0,40.0
748,2,1024,0,0,0,0,1,1,0,1,0,1,1,1,1,1,1,1,0,1,1,1,0.038000,1493,83,10,4,168,10.1500,0.7684,36.884,1,5243,102740,50.0,50.0,20.0,80.0
748,7,1024,0,0,1,1,0,0,1,1,1,1,1,1,1,1,1,1,1,1,0,0,0.038000,1454,83,10,4,168,7.9400,0.7323,35.151,1,5243,102740,30.0,70.0,30.0,70.0
748,10,1024,0,0,1,1,0,0,0,0,0,1,0,0,1,1,1,1,1,1,1,1,0.039000,1518,83,10,4,168,10.8900,0.7404,35.541,1,5243,102740,50.0,50.0,40.0,60.0
748,13,1024,0,0,0,0,1,1,1,1,0,0,1,1,1,1,1,1,1,1,0,0,0.030000,1479,83,10,4,168,7.6000,0.7282,34.954,1,5243,102740,40.0,60.0,40.0,60.0
748,15,1024,0,0,1,0,0,0,1,1,1,0,1,1,1,1,1,1,1,1,1,1,0.049000,1516,83,10,4,168,11.0900,0.7688,36.903,1,5243,102740,20.0,80.0,40.0,60.0
748,16,1024,1,1,0,1,1,1,0,1,1,1,1,0,1,1,1,1,1,1,1,1,0.052000,1543,83,10,4,168,2.9400,0.7407,35.554,1,5243,102740,20.0,80.0,10.0,90.0
748,18,1024,0,0,0,0,1,1,1,0,1,0,0,0,1,1,1,1,1,1,1,1,0.038000,1515,83,10,4,168,10.9200,0.7688,36.903,1,5243,102740,30.0,70.0,50.0,50.0
748,21,1024,0,0,0,0,1,1,1,1,1,0,1,1,1,1,1,1,1,1,0,0,0.032000,1514,83,10,4,168,7.6300,0.7683,36.879,1,5243,102740,30.0,70.0,40.0,60.0
748,25,1024,0,0,1,0,0,0,0,1,1,0,1,1,1,1,1,1,1,1,1,1,0.039000,1517,83,10,4,168,10.9900,0.7688,36.903,1,5243,102740,30.0,70.0,40.0,60.0
748,27,1024,0,0,1,0,0,0,0,0,1,1,1,1,1,1,1,1,1,1,1,1,0.039000,1536,83,10,4,168,11.0800,0.7416,35.598,1,5243,102740,30.0,70.0,40.0,60.0
749,16,1024,0,0,0,0,0,0,0,0,1,0,1,1,1,1,1,1,0,0,1,1,0.036000,1543,83,10,4,168,9.4700,0.7407,35.554,1,5243,102740,50.0,50.0,60.0,40.0
749,19,1024,0,0,0,0,1,0,0,0,1,0,0,0,1,1,1,1,1,1,1,1,0.036000,1536,83,10,4,168,10.9200,0.7416,35.598,1,5243,102740,40.0,60.0,60.0,40.0
749,20,1024,0,0,1,0,1,1,1,1,1,1,1,1,1,1,1,1,1,1,0,0,0.039000,1543,83,10,4,168,17.2800,0.7407,35.554,1,5243,102740,20.0,80.0,30.0,70.0
749,22,1024,0,0,0,1,0,0,1,0,1,1,0,0,1,1,1,1,1,1,0,0,0.031000,1546,83,10,4,168,7.3700,0.7407,35.552,1,5243,102740,50.0,50.0,50.0,50.0
750,0,1024,0,0,1,0,1,1,1,1,1,1,1,1,1,1,1,1,1,1,1,1,0.057000,1537,83,10,4,168,12.2600,0.7513,36.060,1,5243,102740,10.0,90.0,20.0,80.0
750,4,1024,0,0,1,0,1,1,0,0,0,0,1,1,1,1,1,1,1,1,1,1,0.040000,1542,83,10,4,168,11.2200,0.7407,35.552,1,5243,102740,30.0,70.0,40.0,60.0
750,6,1024,0,0,1,0,1,1,0,0,1,1,1,1,1,1,1,1,0,0,0,0,0.030000,1543,83,10,4,168,7.6600,0.7407,35.554,1,5243,102740,40.0,60.0,50.0,50.0
750,11,1024,1,1,1,1,0,0,0,0,1,1,1,1,1,1,1,1,1,1,1,1,0.051000,1453,82,10,4,166,3.4800,0.7323,35.151,1,5243,102740,20.0,80.0,20.0,80.0
750,14,1024,0,0,1,1,0,0,0,0,0,0,0,0,1,1,1,1,1,1,0,0,0.030000,1454,83,10,4,168,7.3200,0.7325,35.161,1,5243,102740,60.0,40.0,60.0,40.0
750,19,1024,0,0,1,0,1,1,0,0,1,1,1,1,1,1,1,1,1,1,0,0,0.032000,1543,83,10,4,168,8.1100,0.7407,35.554,1,5243,102740,30.0,70.0,40.0,60.0
750,25,1024,0,0,1,0,1,1,1,1,1,1,0,0,1,1,1,1,1,1,0,0,0.032000,1543,83,10,4,168,7.4200,0.7407,35.554,1,5243,102740,30.0,70.0,40.0,60.0
750,26,1024,0,0,1,0,1,1,0,0,1,0,1,1,1,1,1,1,1,1,1,1,0.041000,1542,83,10,4,168,11.2700,0.7407,35.552,1,5243,102740,20.0,80.0,40.0,60.0
750,28,1024,0,0,1,0,0,0,0,0,1,0,0,0,1,1,1,1,1,1,1,1,0.036000,1536,83,10,4,168,10.9200,0.7416,35.598,1,5243,102740,40.0,60.0,60.0,40.0
751,0,1024,0,0,0,0,0,0,0,1,1,1,1,0,0,0,1,1,1,1,1,1,0.037000,1516,83,10,4,168,9.9700,0.7688,36.903,1,5243,102740,50.0,50.0,50.0,50.0
751,2,1024,0,0,0,0,0,0,1,1,1,0,1,0,0,0,1,1,1,1,1,1,0.036000,1540,83,10,4,168,9.9100,0.7407,35.554,1,5243,102740,40.0,60.0,60.0,40.0
751,8,1024,0,0,1,1,0,0,0,1,1,0,1,0,1,1,1,1,1,1,1,1,0.040000,1540,83,10,4,168,10.9500,0.7407,35.554,1,5243,102740,30.0,70.0,40.0,60.0
751,9,1024,1,1,0,0,1,1,1,1,1,0,1,1,1,1,1,1,1,1,1,1,0.058000,1513,83,10,4,168,3.7400,0.7683,36.879,1,5243,102740,10.0,90.0,20.0,80.0
751,14,1024,0,0,1,1,0,0,0,0,0,0,0,0,1,1,0,0,1,1,1,1,0.037000,1454,83,10,4,168,9.3700,0.7325,35.161,1,5243,102740,60.0,40.0,60.0,40.0
751,15,1024,0,0,1,0,0,0,0,0,1,0,1,0,1,1,1,1,1,1,1,1,0.036000,1536,83,10,4,168,10.9700,0.7416,35.598,1,5243,102740,30.0,70.0,60.0,40.0
751,21,1024,0,0,1,1,1,1,0,0,0,0,0,0,1,1,1,1,1,1,0,0,0.030000,1481,83,10,4,168,7.4500,0.7282,34.954,1,5243,102740,50.0,50.0,50.0,50.0
751,22,1024,1,1,1,0,1,1,1,1,1,1,1,1,1,1,1,1,1,1,0,0,0.047000,1543,83,10,4,168,5.4600,0.7407,35.554,1,5243,102740,10.0,90.0,20.0,80.0
752,0,1024,1,1,1,0,0,0,0,0,1,0,1,1,1,1,1,1,1,1,1,1,0.046000,1519,83,10,4,168,3.0800,0.7693,36.927,1,5243,102740,20.0,80.0,40.0,60.0
752,5,1024,0,0,1,0,0,0,1,0,1,1,0,0,1,1,1,1,1,1,1,1,0.038000,1545,83,10,4,168,10.9900,0.7407,35.554,1,5243,102740,30.0,70.0,50.0,50.0
752,9,1024,0,0,1,1,1,1,0,0,1,1,0,0,1,1,1,1,1,1,0,0,0.030000,1454,83,10,4,168,7.5100,0.7323,35.151,1,5243,102740,40.0,60.0,40.0,60.0
752,13,1024,0,0,0,0,1,1,1,1,1,0,0,0,1,1,1,1,1,1,0,0,0.031000,1543,83,10,4,168,7.3500,0.7407,35.554,1,5243,102740,40.0,60.0,50.0,50.0
752,14,1024,0,0,0,0,0,0,0,0,1,1,0,0,1,1,1,0,1,1,1,1,0.036000,1543,83,10,4,168,9.3900,0.7407,35.554,1,5243,102740,50.0,50.0,60.0,40.0
752,15,1024,0,0,1,0,0,0,0,0,0,0,0,0,1,1,1,1,1,1,1,1,0.035000,1536,83,10,4,168,10.8000,0.7416,35.598,1,5243,102740,50.0,50.0,60.0,40.0
752,17,1024,0,0,0,0,0,0,1,0,1,1,0,0,1,1,1,1,1,1,0,0,0.030000,1548,83,10,4,168,7.3700,0.7407,35.554,1,5243,102740,50.0,50.0,60.0,40.0
752,29,1024,0,0,0,0,0,0,0,0,1,0,0,0,1,1,1,1,1,1,0,0,0.031000,1543,83,10,4,168,7.3800,0.7407,35.554,1,5243,102740,60.0,40.0,70.0,30.0
753,0,1024,0,0,0,0,1,1,1,1,1,0,1,1,1,1,0,0,1,1,1,1,0.039000,1518,83,10,4,168,9.4700,0.7688,36.903,1,5243,102740,30.0,70.0,40.0,60.0
753,4,1024,0,0,1,1,1,1,0,0,1,1,1,0,1,1,1,1,1,1,1,1,0.042000,1546,83,10,4,168,11.0900,0.7407,35.552,1,5243,102740,20.0,80.0,30.0,70.0
753,5,1024,0,1,0,0,1,1,0,0,0,0,0,0,1,1,1,1,1,1,1,1,0.039000,1519,83,10,4,168,3.0200,0.7405,35.543,1,5243,102740,50.0,50.0,40.0,60.0
753,8,1024,0,0,1,0,1,1,1,1,1,0,1,1,1,1,1,1,1,1,0,0,0.032000,1514,83,10,4,168,7.6300,0.7683,36.879,1,5243,102740,20.0,80.0,40.0,60.0
753,14,1024,0,0,0,0,1,1,1,1,1,1,1,0,1,1,1,1,1,1,0,0,0.032000,1543,83,10,4,168,7.9000,0.7407,35.554,1,5243,102740,30.0,70.0,40.0,60.0
753,15,1024,1,1,0,0,1,1,1,1,0,0,1,1,1,1,1,1,1,1,0,0,0.038000,1454,83,10,4,168,4.7500,0.7325,35.161,1,5243,102740,30.0,70.0,30.0,70.0
753,19,1024,0,0,0,0,1,1,0,0,1,1,1,1,1,1,1,1,1,1,0,0,0.030000,1454,83,10,4,168,8.1100,0.7325,35.161,1,5243,102740,40.0,60.0,40.0,60.0
753,21,1024,0,0,1,0,0,0,0,0,1,1,1,0,1,1,1,1,1,1,1,1,0.038000,1514,83,10,4,168,11.0600,0.7688,36.903,1,5243,102740,30.0,70.0,50.0,50.0
753,22,1024,0,0,1,0,1,1,0,0,0,0,0,0,1,1,1,1,1,1,1,1,0.037000,1516,83,10,4,168,10.8700,0.7683,36.879,1,5243,102740,40.0,60.0,50.0,50.0
753,27,1024,0,0,0,0,0,0,0,0,1,0,0,0,1,1,0,0,1,1,1,1,0.030000,1543,83,10,4,168,9.4000,0.7407,35.554,1,5243,102740,60.0,40.0,70.0,30.0
753,28,1024,0,0,1,0,0,0,0,0,1,1,0,0,1,1,1,1,1,1,1,1,0.037000,1518,83,10,4,168,10.9800,0.7683,36.879,1,5243,102740,40.0,60.0,50.0,50.0
754,3,1024,0,0,0,0,1,1,1,1,1,1,0,1,1,1,1,1,1,1,0,0,0.037000,1519,83,10,4,168,5.4300,0.7405,35.543,1,5243,102740,40.0,60.0,30.0,70.0
754,4,1024,0,0,0,0,1,1,0,0,0,0,0,1,1,1,1,1,1,1,1,1,0.039000,1518,83,10,4,168,11.0400,0.7404,35.541,1,5243,102740,50.0,50.0,40.0,60.0
754,8,1024,0,0,0,0,1,1,0,0,1,1,0,0,1,1,1,1,1,1,0,0,0.029000,1454,83,10,4,168,7.5100,0.7325,35.161,1,5243,102740,50.0,50.0,50.0,50.0
754,9,1024,1,1,1,1,1,1,0,0,1,1,1,1,1,1,1,1,0,1,1,1,0.045000,1520,83,10,4,168,2.6200,0.7501,36.005,1,5243,102740,20.0,80.0,10.0,90.0
754,15,1024,0,0,1,0,1,1,1,1,1,1,0,0,0,0,1,1,1,1,0,0,0.030000,1543,83,10,4,168,7.1100,0.7407,35.554,1,5243,102740,40.0,60.0,50.0,50.0
754,21,1024,0,0,0,0,0,0,1,1,1,1,1,1,1,1,1,1,1,1,0,0,0.030000,1490,83,10,4,168,7.9400,0.7282,34.954,1,5243,102740,40.0,60.0,40.0,60.0
754,24,1024,0,0,0,0,1,1,1,1,1,1,0,0,1,1,1,1,1,1,0,0,0.030000,1454,83,10,4,168,7.4200,0.7325,35.161,1,5243,102740,40.0,60.0,40.0,60.0
754,28,1024,0,0,1,0,0,0,1,1,1,1,1,1,1,1,1,1,1,1,0,0,0.032000,1525,83,10,4,168,7.9400,0.7683,36.879,1,5243,102740,30.0,70.0,40.0,60.0
755,5,1024,0,0,1,0,1,1,1,1,0,0,1,1,1,1,1,1,1,1,0,0,0.032000,1514,83,10,4,168,7.6000,0.7683,36.879,1,5243,102740,30.0,70.0,40.0,60.0
755,12,1024,0,0,1,1,1,1,0,0,1,1,1,1,1,1,1,1,1,1,0,1,0.040000,1502,83,10,4,168,10.0300,0.7690,36.910,1,5243,102740,30.0,70.0,20.0,80.0
755,17,1024,0,0,1,1,1,1,1,1,1,1,1,1,1,1,0,1,1,1,0,0,0.039000,1502,83,10,4,168,6.7600,0.7685,36.886,1,5243,102740,30.0,70.0,20.0,80.0
755,28,1024,0,0,0,0,1,1,1,1,1,1,1,1,0,0,1,1,1,1,1,1,0.041000,1455,83,10,4,168,10.0800,0.7323,35.151,1,5243,102740,30.0,70.0,30.0,70.0
756,4,1024,0,0,1,0,0,0,0,0,1,0,1,0,1,1,1,1,1,1,0,0,0.031000,1543,83,10,4,168,7.4500,0.7407,35.554,1,5243,102740,40.0,60.0,70.0,30.0
756,16,1024,0,0,0,0,0,0,1,1,0,0,0,0,1,1,1,0,1,1,1,1,0.036000,1543,83,10,4,168,9.3500,0.7407,35.554,1,5243,102740,50.0,50.0,60.0,40.0
756,26,1024,0,0,0,0,0,0,0,0,1,0,0,0,0,0,1,1,1,1,1,1,0.030000,1517,83,10,4,168,9.8800,0.7683,36.879,1,5243,102740,60.0,40.0,70.0,30.0
756,28,1024,0,0,1,0,0,0,0,0,0,1,0,1,1,1,1,1,1,1,1,1,0.038000,1536,83,10,4,168,10.9200,0.7416,35.598,1,5243,102740,50.0,50.0,40.0,60.0
757,4,1024,1,0,1,1,0,0,0,0,1,1,0,0,1,1,1,1,1,1,1,1,0.039000,1513,83,10,4,168,10.9800,0.7693,36.927,1,5243,102740,30.0,70.0,40.0,60.0
757,6,1024,0,0,1,1,1,1,0,0,0,0,1,1,1,1,1,1,1,1,0,0,0.030000,1491,83,10,4,168,7.7200,0.7282,34.954,1,5243,102740,40.0,60.0,40.0,60.0
757,21,1024,0,0,1,0,1,1,0,0,1,0,1,0,1,1,1,1,1,1,1,1,0.038000,1516,83,10,4,168,10.9900,0.7683,36.879,1,5243,102740,20.0,80.0,50.0,50.0
757,24,1024,0,0,0,0,1,1,0,0,1,0,1,0,0,0,1,1,1,1,1,1,0.036000,1513,83,10,4,168,9.9400,0.7688,36.903,1,5243,102740,40.0,60.0,60.0,40.0
757,26,1024,0,0,0,0,0,0,1,0,0,1,0,1,1,1,1,1,1,1,1,1,0.038000,1536,83,10,4,168,10.7700,0.7416,35.598,1,5243,102740,50.0,50.0,40.0,60.0
758,0,1024,0,0,1,0,1,1,1,1,1,1,1,1,0,0,1,1,1,1,1,1,0.041000,1512,83,10,4,168,10.0800,0.7688,36.903,1,5243,102740,20.0,80.0,30.0,70.0
758,5,1024,0,0,0,0,0,0,0,0,1,1,1,1,1,1,1,1,1,1,0,0,0.030000,1454,83,10,4,168,7.8800,0.7325,35.161,1,5243,102740,50.0,50.0,50.0,50.0
758,8,1024,0,0,1,0,0,0,1,1,1,1,0,0,1,1,1,1,1,1,1,1,0.040000,1542,83,10,4,168,11.0500,0.7407,35.552,1,5243,102740,30.0,70.0,40.0,60.0
759,6,1024,0,1,0,0,0,0,0,0,0,0,0,0,1,1,1,1,1,1,1,1,0.038000,1524,83,10,4,168,2.9500,0.7405,35.543,1,5243,102740,60.0,40.0,50.0,50.0
759,11,1024,0,1,1,1,1,1,1,1,1,1,0,0,1,1,1,1,1,1,1,1,0.045000,1519,83,10,4,168,2.7600,0.7405,35.543,1,5243,102740,20.0,80.0,10.0,90.0
759,13,1024,0,0,1,0,1,1,0,0,1,1,0,0,1,1,1,1,1,1,1,1,0.038000,1512,83,10,4,168,11.0600,0.7688,36.903,1,5243,102740,30.0,70.0,40.0,60.0
759,25,1024,0,0,1,0,0,0,0,0,1,1,0,0,1,1,1,1,0,1,1,1,0.038000,1548,83,10,4,168,9.9600,0.7407,35.554,1,5243,102740,50.0,50.0,50.0,50.0
760,14,1024,0,0,1,0,1,1,1,1,1,1,1,0,1,1,1,1,1,1,0,0,0.033000,1540,83,10,4,168,7.9000,0.7407,35.554,1,5243,102740,20.0,80.0,40.0,60.0
760,18,1024,1,0,1,1,1,1,1,1,1,1,1,1,1,1,1,1,1,1,0,0,0.045000,1518,83,10,4,168,17.2800,0.7688,36.903,1,5243,102740,10.0,90.0,20.0,80.0
760,20,1024,0,0,0,0,0,0,1,1,0,0,0,0,1,1,1,1,1,1,0,0,0.030000,1454,83,10,4,168,7.3400,0.7325,35.161,1,5243,102740,60.0,40.0,60.0,40.0
760,26,1024,0,0,0,0,0,0,0,0,0,1,0,1,1,1,0,0,1,1,1,1,0.038000,1519,83,10,4,168,9.4200,0.7405,35.543,1,5243,102740,70.0,30.0,50.0,50.0
760,28,1024,0,0,1,0,0,0,0,0,1,1,0,0,1,1,1,1,1,1,0,0,0.030000,1548,83,10,4,168,7.4000,0.7407,35.554,1,5243,102740,50.0,50.0,60.0,40.0
761,0,1024,1,1,1,0,0,0,0,0,1,1,0,0,1,1,1,1,1,1,1,1,0.040000,1512,83,10,4,168,2.9600,0.7688,36.903,1,5243,102740,30.0,70.0,40.0,60.0
762,1,1024,0,0,0,0,1,1,0,0,1,1,0,0,1,1,1,1,0,0,1,1,0.037000,1455,83,10,4,168,9.4300,0.7323,35.151,1,5243,102740,50.0,50.0,50.0,50.0
762,11,1024,0,0,0,0,0,0,0,0,1,1,0,0,0,0,1,1,1,1,1,1,0.037000,1454,83,10,4,168,9.8900,0.7325,35.161,1,5243,102740,60.0,40.0,60.0,40.0
762,27,1024,0,0,1,0,0,0,0,0,1,0,1,1,1,1,1,1,1,1,0,0,0.030000,1548,83,10,4,168,7.6100,0.7407,35.554,1,5243,102740,40.0,60.0,60.0,40.0
763,2,1024,0,0,0,0,0,0,0,0,1,0,0,0,1,1,0,1,1,1,1,1,0.035000,1537,83,10,4,168,10.0400,0.7416,35.598,1,5243,102740,60.0,40.0,60.0,40.0
763,3,1024,1,1,0,0,0,0,1,1,1,1,1,1,1,1,1,1,1,1,1,1,0.051000,1483,83,10,4,168,4.0400,0.7282,34.954,1,5243,102740,20.0,80.0,20.0,80.0
763,6,1024,0,0,0,0,1,1,0,0,1,0,1,1,0,0,1,1,1,1,1,1,0.038000,1512,83,10,4,168,10.0400,0.7688,36.903,1,5243,102740,40.0,60.0,50.0,50.0
763,14,1024,0,0,1,0,1,1,1,1,1,1,1,1,1,1,1,1,0,0,0,0,0.031000,1536,83,10,4,168,16.8000,0.7416,35.598,1,5243,102740,30.0,70.0,40.0,60.0
763,16,1024,0,0,1,0,0,0,0,0,1,0,0,0,1,1,1,1,0,0,1,1,0.031000,1543,83,10,4,168,9.4300,0.7407,35.554,1,5243,102740,50.0,50.0,70.0,30.0
763,23,1024,0,0,0,0,1,1,0,0,0,0,0,0,1,1,1,1,1,1,0,0,0.029000,1458,83,10,4,168,7.4500,0.7323,35.151,1,5243,102740,60.0,40.0,60.0,40.0
763,29,1024,0,0,1,1,1,1,0,0,0,0,0,0,1,1,1,1,0,0,1,1,0.037000,1454,83,10,4,168,9.4100,0.7325,35.161,1,5243,102740,50.0,50.0,50.0,50.0
764,3,1024,0,0,1,0,1,1,1,0,1,1,1,1,1,1,1,1,0,0,0,0,0.031000,1540,83,10,4,168,7.7100,0.7407,35.554,1,5243,102740,30.0,70.0,50.0,50.0
764,13,1024,0,0,0,0,0,0,1,1,0,0,0,0,1,1,1,1,0,0,1,1,0.037000,1454,83,10,4,168,9.4000,0.7325,35.161,1,5243,102740,60.0,40.0,60.0,40.0
764,20,1024,0,0,1,0,1,1,1,1,0,1,1,1,1,1,1,1,0,0,0,0,0.030000,1542,83,10,4,168,4.6900,0.7416,35.598,1,5243,102740,40.0,60.0,40.0,60.0
764,21,1024,0,0,1,0,1,1,1,1,1,1,1,1,1,1,1,1,0,0,1,1,0.041000,1543,83,10,4,168,9.6000,0.7407,35.554,1,5243,102740,20.0,80.0,30.0,70.0
764,25,1024,0,0,1,0,0,0,1,1,1,1,1,1,1,1,1,1,0,0,0,0,0.030000,1548,83,10,4,168,7.5200,0.7407,35.554,1,5243,102740,40.0,60.0,50.0,50.0
765,2,1024,0,0,0,0,0,0,0,0,1,1,1,0,1,0,1,1,1,1,1,1,0.036000,1515,83,10,4,168,9.8700,0.7688,36.903,1,5243,102740,40.0,60.0,60.0,40.0
765,4,1024,0,0,0,0,1,1,0,0,1,1,0,0,1,1,1,1,1,0,1,1,0.036000,1516,83,10,4,168,9.4700,0.7688,36.903,1,5243,102740,40.0,60.0,50.0,50.0
765,5,1024,0,0,1,0,1,1,1,1,1,0,1,1,1,1,1,1,0,0,0,0,0.031000,1543,83,10,4,168,7.1900,0.7407,35.554,1,5243,102740,30.0,70.0,50.0,50.0
765,7,1024,1,1,1,0,1,1,1,1,1,1,1,1,1,1,1,1,0,0,0,0,0.040000,1543,83,10,4,169,4.6800,0.7508,36.040,1,5243,102740,20.0,80.0,30.0,70.0
765,24,1024,0,0,1,0,0,0,1,1,0,0,0,0,1,1,1,1,1,1,1,1,0.037000,1512,83,10,4,168,10.8200,0.7688,36.903,1,5243,102740,40.0,60.0,50.0,50.0
766,18,1024,1,1,0,0,1,1,1,1,1,1,1,1,1,1,1,1,1,1,0,0,0.045000,1454,83,10,4,168,5.5400,0.7323,35.151,1,5243,102740,20.0,80.0,20.0,80.0
766,28,1024,0,0,1,1,1,1,1,1,1,1,1,1,1,1,1,1,0,0,0,0,0.037000,1454,83,10,4,168,16.8000,0.7325,35.161,1,5243,102740,30.0,70.0,30.0,70.0
767,2,1024,0,0,1,1,0,0,1,1,1,0,1,0,1,1,1,1,1,1,1,1,0.050000,1540,83,10,4,168,11.0100,0.7407,35.554,1,5243,102740,20.0,80.0,40.0,60.0
767,12,1024,0,0,0,0,1,1,0,0,1,1,0,1,1,1,1,1,1,1,1,1,0.039000,1503,83,10,4,168,11.2200,0.7685,36.886,1,5243,102740,40.0,60.0,30.0,70.0
767,18,1024,0,0,0,0,1,1,0,0,0,0,1,1,1,1,1,1,1,1,0,0,0.030000,1454,83,10,4,168,7.7200,0.7323,35.151,1,5243,102740,50.0,50.0,50.0,50.0
767,24,1024,0,0,0,0,1,1,1,1,1,1,1,1,1,1,1,1,0,0,0,0,0.029000,1452,82,10,4,166,16.8000,0.7325,35.161,1,5243,102740,40.0,60.0,40.0,60.0
767,25,1024,0,0,1,1,0,0,0,0,0,0,0,0,1,0,1,1,1,1,1,1,0.036000,1514,83,10,4,168,9.7600,0.7688,36.903,1,5243,102740,50.0,50.0,60.0,40.0
767,26,1024,0,0,0,0,1,1,0,0,0,0,0,0,0,1,1,1,1,1,1,1,0.037000,1506,83,10,4,168,9.9400,0.7685,36.886,1,5243,102740,60.0,40.0,50.0,50.0
767,28,1024,0,0,1,1,1,1,0,1,1,1,1,1,1,1,1,1,1,1,0,0,0.038000,1502,83,10,4,168,6.0300,0.7685,36.886,1,5243,102740,30.0,70.0,20.0,80.0
768,7,1024,0,0,1,1,1,1,1,1,1,1,0,0,1,1,1,1,0,0,0,0,0.029000,1454,83,10,4,168,7.1100,0.7325,35.161,1,5243,102740,40.0,60.0,40.0,60.0
768,15,1024,0,0,1,0,1,1,1,1,0,1,1,1,1,1,1,1,1,1,0,0,0.038000,1544,83,10,4,168,5.1500,0.7503,36.016,1,5243,102740,30.0,70.0,30.0,70.0
768,17,1024,0,0,1,1,0,0,1,1,1,1,1,1,1,1,1,1,0,0,0,0,0.029000,1452,82,10,4,166,7.5200,0.7325,35.161,1,5243,102740,40.0,60.0,40.0,60.0
768,19,1024,0,0,0,0,0,0,0,0,0,1,0,1,1,1,1,1,0,0,1,1,0.037000,1519,83,10,4,168,9.4400,0.7405,35.543,1,5243,102740,70.0,30.0,50.0,50.0
768,26,1024,0,0,1,1,1,1,1,1,1,1,0,1,1,1,1,1,0,0,0,0,0.037000,1519,83,10,4,168,5.1900,0.7405,35.543,1,5243,102740,40.0,60.0,30.0,70.0
769,4,1024,0,0,0,0,1,1,1,1,1,1,1,0,1,1,1,1,0,0,0,0,0.031000,1548,83,10,4,168,7.4700,0.7407,35.554,1,5243,102740,40.0,60.0,50.0,50.0
769,8,1024,0,0,0,0,0,0,0,0,0,0,0,0,0,0,1,1,1,1,1,1,0.029000,1459,83,10,4,168,9.8700,0.7323,35.151,1,5243,102740,70.0,30.0,70.0,30.0
769,9,1024,0,0,0,0,1,1,0,0,1,1,1,1,1,1,1,1,0,0,1,1,0.037000,1480,83,10,4,168,9.5000,0.7282,34.954,1,5243,102740,40.0,60.0,40.0,60.0
769,12,1024,0,0,0,0,0,0,1,1,1,1,1,1,1,1,1,1,0,0,0,0,0.030000,1454,83,10,4,168,7.5200,0.7325,35.161,1,5243,102740,50.0,50.0,50.0,50.0
769,20,1024,0,0,1,1,1,1,0,0,0,0,1,1,0,1,1,1,1,1,1,1,0.040000,1513,83,10,4,168,10.2200,0.7685,36.886,1,5243,102740,40.0,60.0,30.0,70.0
769,24,1024,0,0,1,0,1,1,1,1,1,1,0,0,1,1,1,1,0,0,0,0,0.030000,1543,83,10,4,168,7.1100,0.7407,35.554,1,5243,102740,40.0,60.0,50.0,50.0
770,14,1024,0,0,1,1,1,1,1,1,1,0,1,1,1,1,1,1,0,0,0,0,0.031000,1536,83,10,4,168,7.1900,0.7416,35.598,1,5243,102740,30.0,70.0,40.0,60.0
770,16,1024,0,0,0,0,1,1,1,1,1,1,0,0,1,1,1,1,0,0,0,0,0.030000,1454,83,10,4,168,7.1100,0.7325,35.161,1,5243,102740,50.0,50.0,50.0,50.0
770,24,1024,0,0,1,1,1,1,1,1,1,1,1,0,1,1,1,1,0,0,0,0,0.031000,1543,83,10,4,168,7.4700,0.7407,35.554,1,5243,102740,30.0,70.0,40.0,60.0
770,26,1024,0,0,0,0,1,1,0,0,1,1,1,1,1,1,1,1,0,0,0,0,0.030000,1454,83,10,4,168,7.6600,0.7325,35.161,1,5243,102740,50.0,50.0,50.0,50.0
771,0,1024,0,0,1,1,0,0,0,0,1,1,0,0,1,1,1,1,1,1,0,0,0.030000,1454,83,10,4,168,7.4000,0.7325,35.161,1,5243,102740,50.0,50.0,50.0,50.0
771,3,1024,0,0,0,0,1,1,1,1,0,0,1,1,1,1,1,1,0,0,1,1,0.037000,1479,83,10,4,168,9.4700,0.7282,34.954,1,5243,102740,40.0,60.0,40.0,60.0
771,13,1024,1,1,0,0,1,1,1,1,1,1,0,1,1,1,1,1,1,1,1,1,0.051000,1498,83,10,4,168,3.6500,0.7685,36.886,1,5243,102740,20.0,80.0,10.0,90.0
771,24,1024,0,0,1,0,1,1,1,1,1,0,1,1,1,1,1,1,1,1,1,1,0.052000,1512,83,10,4,168,11.4800,0.7688,36.903,1,5243,102740,10.0,90.0,30.0,70.0
772,9,1024,0,0,1,1,1,1,0,0,0,0,1,1,1,1,1,1,0,0,1,1,0.038000,1454,83,10,4,168,9.4700,0.7325,35.161,1,5243,102740,40.0,60.0,40.0,60.0
772,15,1024,0,0,0,0,1,1,1,1,0,1,1,1,1,1,1,1,0,0,0,0,0.030000,1513,83,10,4,168,4.6900,0.7414,35.587,1,5243,102740,50.0,50.0,40.0,60.0
772,17,1024,0,0,0,0,0,0,0,0,0,0,1,0,1,1,1,1,0,0,1,1,0.030000,1543,83,10,4,168,9.4200,0.7407,35.554,1,5243,102740,60.0,40.0,70.0,30.0
772,20,1024,1,1,1,1,1,1,1,1,0,0,0,1,1,1,1,1,1,1,1,1,0.045000,1525,83,10,4,168,3.9700,0.7501,36.005,1,5243,102740,20.0,80.0,10.0,90.0
772,28,1024,0,0,1,1,0,0,0,0,1,1,1,1,1,1,1,1,1,1,0,0,0.030000,1479,83,10,4,168,7.8800,0.7282,34.954,1,5243,102740,40.0,60.0,40.0,60.0
773,6,1024,0,0,0,0,1,1,1,1,1,1,0,1,1,1,0,0,1,1,1,1,0.040000,1519,83,10,4,168,9.4300,0.7405,35.543,1,5243,102740,40.0,60.0,30.0,70.0
773,7,1024,1,1,1,1,1,1,1,1,1,1,0,1,1,1,1,1,0,0,1,1,0.045000,1520,83,10,4,168,2.1500,0.7501,36.005,1,5243,102740,20.0,80.0,10.0,90.0
773,8,1024,0,0,1,1,1,1,0,0,1,1,0,0,1,1,1,1,1,0,1,1,0.037000,1515,83,10,4,168,9.4700,0.7683,36.879,1,5243,102740,30.0,70.0,40.0,60.0
773,13,1024,1,1,1,1,0,0,0,0,1,0,1,1,1,1,1,1,1,1,1,1,0.048000,1516,83,10,4,168,3.0600,0.7684,36.881,1,5243,102740,20.0,80.0,30.0,70.0
773,14,1024,0,0,1,1,1,1,0,0,1,1,1,1,1,1,1,1,0,0,0,0,0.029000,1454,83,10,4,168,7.6600,0.7325,35.161,1,5243,102740,40.0,60.0,40.0,60.0
774,0,1024,0,0,0,0,1,1,1,1,1,0,1,0,1,1,1,1,1,1,1,1,0.049000,1534,82,10,4,166,11.0800,0.7416,35.598,1,5243,102740,20.0,80.0,40.0,60.0
774,7,1024,0,0,0,0,1,1,0,0,1,0,0,0,1,1,1,1,0,0,1,1,0.036000,1543,83,10,4,168,9.4200,0.7407,35.554,1,5243,102740,50.0,50.0,60.0,40.0
774,22,1024,0,0,1,0,1,1,1,1,0,0,1,1,1,1,1,1,0,0,0,0,0.030000,1548,83,10,4,168,7.2100,0.7407,35.554,1,5243,102740,40.0,60.0,50.0,50.0
774,27,1024,0,0,1,1,0,0,1,1,1,1,0,0,1,1,1,1,1,1,0,0,0.030000,1479,83,10,4,168,7.4600,0.7282,34.954,1,5243,102740,40.0,60.0,40.0,60.0
775,16,1024,1,1,1,1,0,0,1,1,1,1,0,1,1,1,1,1,1,1,1,1,0.052000,1519,83,10,4,168,3.9300,0.7405,35.543,1,5243,102740,20.0,80.0,10.0,90.0
775,23,1024,0,0,1,0,1,1,1,1,1,1,1,1,0,0,1,1,1,1,0,0,0.032000,1512,83,10,4,168,7.4600,0.7683,36.879,1,5243,102740,30.0,70.0,40.0,60.0
775,25,1024,0,0,1,1,1,1,1,1,1,1,0,1,1,1,1,1,1,1,0,0,0.038000,1502,83,10,4,168,5.4300,0.7685,36.886,1,5243,102740,30.0,70.0,20.0,80.0
775,28,1024,0,0,1,1,0,0,0,0,1,1,0,0,0,0,1,1,1,1,1,1,0.038000,1481,83,10,4,168,9.8900,0.7282,34.954,1,5243,102740,50.0,50.0,50.0,50.0
776,19,1024,1,1,1,0,1,1,1,1,1,1,0,1,1,1,1,1,1,1,1,1,0.055000,1513,83,10,4,168,3.7400,0.7688,36.903,1,5243,102740,10.0,90.0,10.0,90.0
776,21,1024,0,0,1,1,1,1,0,0,1,1,0,0,1,1,1,1,0,0,0,0,0.030000,1454,83,10,4,168,7.2300,0.7323,35.151,1,5243,102740,50.0,50.0,50.0,50.0
777,6,1024,0,0,1,0,1,1,1,1,1,1,1,1,1,1,0,0,1,1,0,0,0.032000,1543,83,10,4,168,7.6200,0.7407,35.554,1,5243,102740,30.0,70.0,40.0,60.0
777,19,1024,0,0,1,1,1,1,1,1,1,1,0,1,1,1,1,1,0,0,1,1,0.040000,1519,83,10,4,168,9.5000,0.7405,35.543,1,5243,102740,30.0,70.0,20.0,80.0
777,25,1024,1,1,1,1,1,1,0,0,1,1,0,1,1,1,1,1,1,1,1,1,0.052000,1519,83,10,4,168,3.7300,0.7405,35.543,1,5243,102740,20.0,80.0,10.0,90.0
777,26,1024,0,0,0,0,0,0,0,0,1,1,1,0,1,1,1,1,1,1,0,0,0.030000,1548,83,10,4,168,7.7200,0.7407,35.554,1,5243,102740,50.0,50.0,60.0,40.0
777,27,1024,1,1,1,1,1,1,1,1,1,1,0,1,1,1,1,1,1,1,0,0,0.042000,1517,83,10,4,168,4.4400,0.7405,35.543,1,5243,102740,20.0,80.0,10.0,90.0
777,29,1024,0,1,1,1,1,1,0,0,0,0,0,0,1,1,1,1,1,1,1,1,0.041000,1519,83,10,4,168,2.4000,0.7405,35.543,1,5243,102740,40.0,60.0,30.0,70.0
779,12,1024,0,0,0,0,0,0,0,0,1,0,1,0,1,1,1,1,1,1,1,0,0.031000,1548,83,10,4,168,7.9800,0.7407,35.554,1,5243,102740,40.0,60.0,70.0,30.0
779,14,1024,1,1,0,0,1,1,1,1,1,1,1,1,1,1,1,1,0,0,0,0,0.038000,1454,83,10,4,168,4.8300,0.7325,35.161,1,5243,102740,30.0,70.0,30.0,70.0
779,15,1024,0,0,1,1,1,1,0,0,1,0,1,0,1,1,1,1,1,1,1,1,0.042000,1543,83,10,4,168,10.9900,0.7407,35.552,1,5243,102740,20.0,80.0,40.0,60.0
779,21,1024,0,0,1,1,0,0,0,0,0,0,0,0,1,1,1,1,0,0,1,1,0.036000,1454,83,10,4,168,9.4100,0.7323,35.151,1,5243,102740,60.0,40.0,60.0,40.0
780,10,1024,0,0,0,0,1,1,0,0,1,0,1,0,1,1,1,1,1,1,0,0,0.030000,1515,83,10,4,168,7.6100,0.7688,36.903,1,5243,102740,40.0,60.0,60.0,40.0
780,11,1024,0,0,0,0,0,0,1,1,1,1,0,1,1,1,1,1,1,1,1,1,0.039000,1513,83,10,4,168,11.3400,0.7685,36.886,1,5243,102740,40.0,60.0,30.0,70.0
780,12,1024,0,0,1,0,1,1,1,1,1,1,1,0,1,1,1,1,0,0,0,0,0.031000,1540,83,10,4,168,7.4700,0.7407,35.554,1,5243,102740,30.0,70.0,50.0,50.0
780,19,1024,0,0,0,0,0,0,0,0,1,0,1,1,1,1,1,1,1,1,0,0,0.031000,1548,83,10,4,168,7.6100,0.7407,35.554,1,5243,102740,50.0,50.0,60.0,40.0
780,25,1024,0,0,0,0,0,0,1,1,0,0,0,0,1,1,0,0,1,1,1,1,0.037000,1454,83,10,4,168,9.3800,0.7325,35.161,1,5243,102740,60.0,40.0,60.0,40.0
781,6,1024,0,0,0,0,1,1,0,0,1,0,1,0,1,1,1,1,1,1,0,1,0.037000,1516,83,10,4,168,9.9000,0.7683,36.879,1,5243,102740,40.0,60.0,50.0,50.0
781,8,1024,0,0,1,1,1,1,1,1,0,1,1,1,1,1,1,1,0,0,0,0,0.037000,1524,83,10,4,168,4.6900,0.7405,35.543,1,5243,102740,40.0,60.0,30.0,70.0
781,29,1024,0,0,1,0,1,1,1,1,1,1,0,1,1,1,1,1,0,0,0,0,0.030000,1537,83,10,4,168,5.1900,0.7416,35.598,1,5243,102740,40.0,60.0,40.0,60.0
782,7,1024,1,1,1,1,1,1,1,1,1,0,0,1,1,1,1,1,1,1,1,1,0.055000,1543,83,10,4,168,4.3000,0.7407,35.554,1,5243,102740,10.0,90.0,10.0,90.0
782,10,1024,0,0,1,0,1,1,1,1,1,1,1,1,1,1,0,0,0,0,0,0,0.030000,1543,83,10,4,168,7.0300,0.7407,35.554,1,5243,102740,40.0,60.0,50.0,50.0
782,14,1024,0,0,0,0,1,1,1,1,1,1,0,1,1,1,1,1,0,0,0,0,0.030000,1513,83,10,4,168,5.1900,0.7414,35.587,1,5243,102740,50.0,50.0,40.0,60.0
782,22,1024,0,0,0,0,0,0,0,0,1,1,0,0,1,1,1,1,0,0,1,1,0.036000,1454,83,10,4,168,9.4300,0.7325,35.161,1,5243,102740,60.0,40.0,60.0,40.0
782,26,1024,1,1,0,0,0,0,1,1,1,0,1,0,1,1,1,1,1,1,1,1,0.047000,1543,83,10,4,168,3.0500,0.7407,35.552,1,5243,102740,20.0,80.0,40.0,60.0
782,28,1024,0,0,1,1,0,0,1,1,1,1,0,0,1,1,1,1,0,0,1,1,0.038000,1454,83,10,4,168,9.4300,0.7323,35.151,1,5243,102740,40.0,60.0,40.0,60.0
783,8,1024,0,0,0,0,1,1,1,1,0,0,1,1,1,1,1,1,0,0,0,0,0.030000,1454,83,10,4,168,7.2100,0.7325,35.161,1,5243,102740,50.0,50.0,50.0,50.0
783,13,1024,0,0,1,1,1,1,1,1,1,1,1,1,1,1,0,0,0,0,0,0,0.029000,1465,83,10,4,168,7.0300,0.7323,35.151,1,5243,102740,40.0,60.0,40.0,60.0
783,17,1024,0,1,1,0,1,1,1,1,1,1,1,1,1,1,1,1,0,0,0,0,0.038000,1543,83,10,4,168,4.3000,0.7407,35.554,1,5243,102740,30.0,70.0,30.0,70.0
783,22,1024,0,0,1,1,1,1,1,1,0,0,1,1,1,1,1,1,0,0,0,0,0.029000,1452,82,10,4,166,7.2100,0.7325,35.161,1,5243,102740,40.0,60.0,40.0,60.0
783,25,1024,0,0,1,0,1,1,1,1,0,0,1,1,1,1,1,1,1,1,1,1,0.041000,1515,83,10,4,168,11.3800,0.7683,36.879,1,5243,102740,20.0,80.0,30.0,70.0
784,3,1024,0,0,0,0,0,1,0,0,1,0,0,0,1,1,1,1,1,1,1,1,0.037000,1519,83,10,4,168,10.9500,0.7641,36.675,1,5243,102740,50.0,50.0,50.0,50.0
784,6,1024,0,0,0,0,1,1,0,0,1,1,0,0,0,1,1,1,1,1,1,1,0.038000,1507,83,10,4,168,10.0500,0.7685,36.886,1,5243,102740,50.0,50.0,40.0,60.0
785,22,1024,0,0,0,0,1,1,0,0,0,0,0,0,1,1,0,0,1,1,1,1,0.036000,1454,83,10,4,168,9.3500,0.7325,35.161,1,5243,102740,60.0,40.0,60.0,40.0
786,2,1024,0,0,1,0,1,1,0,0,1,1,1,1,1,1,1,1,1,1,1,1,0.042000,1543,83,10,4,168,11.3900,0.7407,35.554,1,5243,102740,20.0,80.0,30.0,70.0
786,15,1024,0,0,1,1,0,0,0,1,1,1,0,0,1,1,1,1,1,1,0,0,0.031000,1503,83,10,4,168,7.3600,0.7680,36.862,1,5243,102740,50.0,50.0,40.0,60.0
787,0,1024,1,1,1,0,1,1,0,1,1,1,1,1,1,1,1,1,1,1,1,1,0.055000,1513,83,10,4,168,5.5300,0.7688,36.903,1,5243,102740,10.0,90.0,10.0,90.0
787,6,1024,0,0,1,1,1,1,0,0,0,0,0,0,0,0,1,1,1,1,1,1,0.038000,1483,83,10,4,168,9.8800,0.7282,34.954,1,5243,102740,50.0,50.0,50.0,50.0
788,2,1024,0,0,1,1,0,0,1,1,1,1,0,0,1,1,0,1,1,1,1,1,0.039000,1504,83,10,4,168,10.1300,0.7680,36.862,1,5243,102740,40.0,60.0,30.0,70.0
788,6,1024,0,1,0,0,0,0,0,0,1,0,1,1,1,1,1,1,1,1,1,1,0.039000,1520,83,10,4,168,3.2200,0.7693,36.927,1,5243,102740,40.0,60.0,40.0,60.0
788,12,1024,0,0,1,0,1,1,0,1,1,1,1,1,1,1,1,1,1,1,1,1,0.040000,1510,83,10,4,168,11.9100,0.7688,36.901,1,5243,102740,20.0,80.0,20.0,80.0
788,20,1024,0,0,1,1,0,0,1,1,1,0,0,0,1,1,1,1,1,1,1,1,0.040000,1543,83,10,4,168,10.9600,0.7407,35.554,1,5243,102740,30.0,70.0,40.0,60.0
788,22,1024,0,0,1,1,1,1,0,1,1,0,1,1,1,1,1,1,1,1,1,1,0.042000,1513,83,10,4,168,11.0700,0.7688,36.903,1,5243,102740,20.0,80.0,20.0,80.0
788,26,1024,1,1,1,1,1,1,0,1,1,1,1,1,1,1,1,1,0,0,1,1,0.045000,1520,83,10,4,168,2.1700,0.7501,36.005,1,5243,102740,20.0,80.0,10.0,90.0
788,27,1024,0,0,1,1,1,1,0,0,0,0,0,0,1,1,1,1,1,1,0,1,0.038000,1504,83,10,4,168,9.8300,0.7680,36.862,1,5243,102740,50.0,50.0,40.0,60.0
790,3,1024,0,0,1,1,0,0,0,0,1,1,0,0,1,1,1,1,0,0,1,1,0.037000,1454,83,10,4,168,9.4300,0.7325,35.161,1,5243,102740,50.0,50.0,50.0,50.0
790,8,1024,0,0,0,0,0,0,1,1,1,0,1,0,1,1,1,1,0,0,1,1,0.037000,1540,83,10,4,168,9.4300,0.7407,35.554,1,5243,102740,40.0,60.0,60.0,40.0
790,26,1024,0,0,0,0,0,0,1,1,1,1,1,1,0,0,1,1,0,0,0,0,0.030000,1454,83,10,4,168,6.8600,0.7326,35.164,1,5243,102740,60.0,40.0,60.0,40.0
792,23,1024,0,0,0,0,1,1,1,1,1,1,0,0,1,1,0,0,1,1,0,0,0.029000,1454,83,10,4,168,7.1700,0.7323,35.151,1,5243,102740,50.0,50.0,50.0,50.0
792,28,1024,0,0,0,0,1,1,1,1,1,1,1,1,0,0,1,1,0,0,0,0,0.030000,1454,83,10,4,168,6.9300,0.7325,35.161,1,5243,102740,50.0,50.0,50.0,50.0
793,23,1024,0,0,1,1,1,1,1,1,1,1,1,1,1,1,0,0,1,1,1,1,0.042000,1480,83,10,4,168,9.5500,0.7282,34.954,1,5243,102740,20.0,80.0,20.0,80.0
794,14,1024,1,1,1,1,1,1,1,1,1,1,1,1,1,1,1,1,0,0,0,0,0.040000,1456,80,10,4,164,7.0200,0.7323,35.152,1,5243,102740,20.0,80.0,20.0,80.0
795,5,1024,1,1,0,0,1,1,0,0,0,0,0,1,1,1,1,1,1,1,1,1,0.040000,1507,83,10,4,168,3.0900,0.7685,36.886,1,5243,102740,40.0,60.0,30.0,70.0
795,12,1024,1,0,1,1,0,0,1,1,1,1,0,0,1,1,1,1,1,1,1,1,0.047000,1518,83,10,4,168,11.0500,0.7688,36.903,1,5243,102740,20.0,80.0,30.0,70.0
795,16,1024,0,0,1,1,0,0,1,1,1,1,1,1,1,1,0,0,1,1,0,0,0.030000,1454,83,10,4,168,7.4600,0.7325,35.161,1,5243,102740,40.0,60.0,40.0,60.0
796,9,1024,0,0,0,0,1,1,0,0,0,0,0,0,0,0,1,1,1,1,1,1,0.037000,1454,83,10,4,168,9.8800,0.7325,35.161,1,5243,102740,60.0,40.0,60.0,40.0
796,20,1024,0,0,0,0,0,0,1,1,1,0,1,0,1,1,1,1,1,1,0,0,0.030000,1540,83,10,4,168,7.4900,0.7407,35.554,1,5243,102740,40.0,60.0,60.0,40.0
796,27,1024,0,0,0,0,1,1,1,1,1,0,1,1,1,1,1,1,0,0,0,0,0.031000,1548,83,10,4,168,7.1900,0.7407,35.554,1,5243,102740,40.0,60.0,50.0,50.0
797,15,1024,0,0,0,0,1,1,0,1,1,1,1,1,1,1,1,1,0,0,0,0,0.030000,1513,83,10,4,168,5.4400,0.7414,35.587,1,5243,102740,50.0,50.0,40.0,60.0
797,17,1024,1,1,1,1,1,1,1,1,1,1,0,0,0,0,1,1,1,1,1,1,0.043000,1484,83,10,4,168,2.6000,0.7282,34.954,1,5243,102740,20.0,80.0,20.0,80.0
798,3,1024,0,0,0,1,1,1,1,1,1,0,1,1,1,1,1,1,0,0,0,0,0.030000,1542,83,10,4,168,7.1900,0.7416,35.598,1,5243,102740,40.0,60.0,40.0,60.0
799,2,1024,1,1,0,0,1,0,0,0,1,1,0,0,1,1,1,1,1,1,1,1,0.039000,1512,83,10,4,168,2.9900,0.7688,36.903,1,5243,102740,30.0,70.0,40.0,60.0
799,20,1024,0,0,1,0,1,1,0,1,1,1,1,1,1,1,1,1,0,0,0,0,0.030000,1537,83,10,4,168,5.4400,0.7416,35.598,1,5243,102740,40.0,60.0,40.0,60.0
799,23,1024,0,0,1,1,1,1,1,1,1,1,1,1,1,1,0,0,1,1,0,0,0.038000,1479,83,10,4,168,7.6200,0.7282,34.954,1,5243,102740,30.0,70.0,30.0,70.0
799,24,1024,1,1,1,1,1,1,0,0,1,1,1,1,1,1,1,1,0,0,1,1,0.043000,1453,83,10,4,168,1.8400,0.7324,35.155,1,5243,102740,20.0,80.0,20.0,80.0
799,27,1024,0,0,1,1,1,1,0,1,0,0,0,0,1,1,1,1,1,1,1,1,0.040000,1519,83,10,4,168,10.7700,0.7405,35.543,1,5243,102740,40.0,60.0,30.0,70.0
800,18,1024,1,1,1,1,0,1,1,1,1,1,1,1,1,1,1,1,1,1,1,1,0.059000,1466,83,10,4,159,14.9100,0.7414,35.587,1,5243,102740,10.0,90.0,0.0,100.0
800,23,1024,0,0,1,0,0,1,1,1,1,1,1,1,1,1,1,1,0,0,0,0,0.030000,1542,83,10,4,168,16.8100,0.7416,35.598,1,5243,102740,40.0,60.0,40.0,60.0
800,24,1024,1,1,1,1,1,1,1,1,1,1,1,1,1,0,1,1,1,1,1,1,0.062000,1548,83,10,4,168,2.2200,0.7407,35.554,1,5243,102740,0.0,100.0,10.0,90.0
801,2,1024,0,0,0,0,1,1,1,1,1,1,1,1,1,1,1,1,0,1,0,0,0.037000,1524,83,10,4,168,16.1500,0.7405,35.543,1,5243,102740,40.0,60.0,30.0,70.0
801,5,1024,0,0,1,0,0,1,1,1,0,0,1,1,1,1,1,1,0,0,0,0,0.031000,1543,83,10,4,168,7.2800,0.7407,35.554,1,5243,102740,50.0,50.0,50.0,50.0
801,20,1024,0,0,0,1,1,1,0,1,1,0,1,1,1,1,1,1,1,1,1,1,0.041000,1513,83,10,4,168,11.0700,0.7688,36.903,1,5243,102740,30.0,70.0,20.0,80.0
801,22,1024,0,0,1,1,0,1,1,1,1,1,1,1,1,1,1,1,0,0,0,0,0.037000,1524,83,10,4,168,16.8100,0.7405,35.543,1,5243,102740,40.0,60.0,30.0,70.0
801,26,1024,0,0,1,0,0,0,0,0,1,1,0,0,1,1,1,1,0,0,1,1,0.036000,1543,83,10,4,168,9.4300,0.7407,35.554,1,5243,102740,50.0,50.0,60.0,40.0
801,28,1024,0,0,1,0,0,1,1,1,1,1,1,1,1,1,1,1,1,1,0,0,0.038000,1543,83,10,4,168,17.2100,0.7407,35.554,1,5243,102740,30.0,70.0,30.0,70.0
802,2,1024,1,0,0,0,0,0,0,0,1,1,1,1,1,1,1,1,1,1,1,1,0.039000,1536,83,10,4,168,11.0800,0.7416,35.598,1,5243,102740,30.0,70.0,40.0,60.0
802,8,1024,0,0,0,0,0,1,1,1,1,1,1,1,1,1,1,1,0,0,0,0,0.030000,1513,83,10,4,168,16.8100,0.7414,35.587,1,5243,102740,50.0,50.0,40.0,60.0
802,11,1024,0,0,1,0,1,1,1,1,1,1,1,1,0,0,1,1,0,0,0,0,0.030000,1543,83,10,4,168,6.9300,0.7407,35.554,1,5243,102740,40.0,60.0,50.0,50.0
802,18,1024,0,0,1,1,1,1,1,1,1,1,1,1,1,1,1,1,0,1,1,1,0.043000,1501,83,10,4,168,10.0500,0.7690,36.910,1,5243,102740,20.0,80.0,10.0,90.0
802,22,1024,0,0,1,0,0,1,1,1,1,1,0,0,1,1,1,1,1,1,0,0,0.031000,1515,83,10,4,168,7.5100,0.7688,36.903,1,5243,102740,40.0,60.0,40.0,60.0
802,23,1024,0,0,0,0,1,1,1,1,0,0,1,1,1,1,1,1,0,1,0,0,0.031000,1498,83,10,4,168,7.2800,0.7680,36.862,1,5243,102740,50.0,50.0,40.0,60.0
802,25,1024,0,0,1,1,0,0,1,1,1,1,0,0,1,1,0,0,1,1,1,1,0.039000,1454,83,10,4,168,9.4300,0.7325,35.161,1,5243,102740,40.0,60.0,40.0,60.0
802,28,1024,1,1,0,0,1,1,1,1,1,1,1,1,1,1,1,1,0,1,0,0,0.039000,1519,83,10,4,168,4.2500,0.7405,35.543,1,5243,102740,30.0,70.0,20.0,80.0
803,1,1024,0,0,1,1,0,1,0,0,1,1,1,1,1,1,1,1,1,1,1,1,0.041000,1522,83,10,4,168,11.3600,0.7404,35.541,1,5243,102740,30.0,70.0,20.0,80.0
803,7,1024,0,0,0,0,0,1,1,1,1,1,1,1,1,1,1,1,0,0,1,1,0.039000,1519,83,10,4,168,9.6000,0.7405,35.543,1,5243,102740,40.0,60.0,30.0,70.0
803,8,1024,0,0,0,0,0,1,1,1,1,1,1,1,1,1,1,1,1,1,0,0,0.037000,1519,83,10,4,168,17.2100,0.7405,35.543,1,5243,102740,40.0,60.0,30.0,70.0
803,12,1024,0,0,0,0,0,1,0,0,1,1,1,1,1,1,1,1,0,0,0,0,0.031000,1520,83,10,4,168,7.7100,0.7438,35.702,1,5243,102740,60.0,40.0,50.0,50.0
803,13,1024,0,0,1,0,0,1,1,1,1,1,0,0,1,1,1,1,0,0,0,0,0.031000,1543,83,10,4,168,7.1500,0.7407,35.554,1,5243,102740,50.0,50.0,50.0,50.0
803,14,1024,0,0,0,1,0,1,1,1,1,1,1,1,1,1,1,1,0,0,0,0,0.037000,1519,83,10,4,168,16.8100,0.7405,35.543,1,5243,102740,50.0,50.0,30.0,70.0
803,16,1024,0,0,1,1,0,1,1,1,1,1,0,0,1,1,1,1,0,0,0,0,0.030000,1519,83,10,4,168,7.1500,0.7405,35.543,1,5243,102740,50.0,50.0,40.0,60.0
803,26,1024,0,0,1,1,0,1,0,0,1,1,0,0,1,1,1,1,1,1,1,1,0.039000,1498,83,10,4,168,10.9700,0.7685,36.886,1,5243,102740,40.0,60.0,30.0,70.0
803,29,1024,0,0,1,1,0,1,1,1,1,1,1,1,1,1,1,1,1,1,1,1,0.055000,1502,83,10,4,168,12.2300,0.7680,36.862,1,5243,102740,20.0,80.0,10.0,90.0
