solution_id,fft_size,s0_mult,s0_add,s1_mult,s1_add,s2_mult,s2_add,s3_mult,s3_add,s4_mult,s4_add,s5_mult,s5_add,s6_mult,s6_add,s7_mult,s7_add,s8_mult,s8_add,s9_mult,s9_add,power_W,area_LUTs,lutrams,dsps,brams,ffs,sqnr_dB,norm_latency,crit_delay_ns,meets_timing,avg_exec_cycles,tot_sim_cycles,on_pareto_front
0,1024,0,0,0,0,0,0,0,0,0,0,1,1,1,1,1,1,1,1,1,1,0.073000,1341,83,10,4,168,9.7326,0.7603,36.493,1,5153,101750,0
1,1024,0,0,0,0,0,0,0,1,0,0,1,1,1,1,1,1,1,1,1,1,0.073000,1303,83,10,4,168,9.6708,0.7394,35.490,1,5153,101750,0
2,1024,0,0,0,1,0,1,0,0,0,1,0,1,0,1,0,1,0,1,0,1,0.073000,867,61,6,4,148,9.4108,0.5052,24.252,1,5153,101750,0
3,1024,0,0,0,1,0,1,0,1,0,1,0,1,0,1,0,1,0,1,0,1,0.073000,869,61,6,4,148,9.5623,0.5052,24.252,1,5153,101750,0
4,1024,1,1,1,1,0,1,1,1,1,1,1,1,1,1,1,1,1,1,1,1,0.073000,1258,83,10,4,159,9.6237,0.7394,35.490,1,5153,101750,0
5,1024,1,1,1,1,1,1,1,1,1,1,1,1,1,1,1,1,1,1,1,1,0.074000,1288,82,10,4,157,10.4228,0.7603,36.493,1,5153,101750,1
