generation,solution_id,fft_size,s0_mult,s0_add,s1_mult,s1_add,s2_mult,s2_add,s3_mult,s3_add,s4_mult,s4_add,s5_mult,s5_add,s6_mult,s6_add,s7_mult,s7_add,s8_mult,s8_add,power_W,area_LUTs,lutrams,dsps,brams,ffs,sqnr_dB,norm_latency,crit_delay_ns,meets_timing,avg_exec_cycles,tot_sim_cycles,fp4_mult_pct,fp8_mult_pct,fp4_add_pct,fp8_add_pct
604,0,512,0,0,0,0,0,0,0,0,0,0,0,0,0,0,0,0,0,0,0.029000,530,41,6,4,133,6.2500,0.2947,15.718,1,2415,49104,100.0,0.0,100.0,0.0
604,1,512,1,1,1,1,1,1,1,1,1,1,1,1,1,1,1,1,1,1,0.059000,1379,81,10,4,156,35.4300,0.6593,35.161,1,2415,49104,0.0,100.0,0.0,100.0
604,2,512,1,1,1,1,1,1,1,1,0,0,0,0,0,0,0,0,0,0,0.029000,1428,79,10,4,161,5.9300,0.6550,34.936,1,2415,49104,55.6,44.4,55.6,44.4
604,3,512,0,0,0,0,0,0,0,0,1,1,1,1,1,1,1,1,1,1,0.039000,1426,81,10,4,165,11.1900,0.6593,35.161,1,2415,49104,44.4,55.6,44.4,55.6
604,4,512,1,0,1,0,1,0,1,0,1,0,1,0,1,0,1,0,1,0,0.041000,987,67,10,4,161,6.9200,0.5006,26.698,1,2415,49104,0.0,100.0,100.0,0.0
604,5,512,0,1,0,1,0,1,0,1,0,1,0,1,0,1,0,1,0,1,0.040000,878,59,6,4,140,9.8100,0.4727,25.208,1,2415,49104,100.0,0.0,0.0,100.0
604,6,512,1,1,0,1,0,0,1,0,0,1,1,0,0,1,0,0,0,0,0.030000,1516,81,10,4,165,3.5900,0.6666,35.554,1,2415,49104,66.7,33.3,55.6,44.4
604,7,512,1,1,1,1,0,0,1,1,1,1,1,1,1,1,1,1,1,1,0.054000,1425,81,10,4,165,5.7200,0.6592,35.155,1,2415,49104,11.1,88.9,11.1,88.9
604,8,512,1,1,1,1,0,0,0,0,0,0,0,0,0,0,0,0,0,0,0.030000,1424,80,10,4,163,4.3900,0.6593,35.161,1,2415,49104,77.8,22.2,77.8,22.2
604,9,512,1,0,1,1,1,1,1,0,1,0,0,1,0,0,1,0,0,0,0.030000,1513,81,10,4,165,6.3900,0.6666,35.554,1,2415,49104,33.3,66.7,66.7,33.3
604,10,512,0,1,1,0,1,1,1,0,1,0,0,0,1,0,0,0,1,1,0.029000,1513,81,10,4,165,1.5400,0.6666,35.554,1,2415,49104,33.3,66.7,66.7,33.3
604,11,512,1,1,0,1,1,0,1,1,0,1,1,1,1,1,1,1,0,0,0.037000,1516,81,10,4,165,4.0000,0.6666,35.554,1,2415,49104,33.3,66.7,22.2,77.8
604,12,512,0,0,1,0,1,0,0,1,1,0,1,1,1,1,0,1,1,0,0.031000,1516,81,10,4,165,7.6900,0.6666,35.554,1,2415,49104,33.3,66.7,55.6,44.4
604,13,512,0,1,1,0,0,0,1,1,1,0,1,0,1,0,0,0,0,1,0.028000,1516,81,10,4,165,1.4700,0.6666,35.554,1,2415,49104,44.4,55.6,66.7,33.3
604,14,512,0,0,0,0,0,0,0,0,1,1,0,1,1,1,1,1,0,1,0.038000,1492,81,10,4,165,9.9000,0.6664,35.543,1,2415,49104,66.7,33.3,44.4,55.6
604,15,512,1,0,1,0,1,0,0,1,1,0,0,0,0,1,0,1,0,1,0.035000,1498,81,10,4,165,9.5700,0.6666,35.550,1,2415,49104,55.6,44.4,55.6,44.4
604,16,512,1,1,1,1,0,0,1,0,1,1,0,1,1,1,1,0,1,1,0.042000,1513,81,10,4,165,1.7100,0.6666,35.554,1,2415,49104,22.2,77.8,33.3,66.7
604,17,512,1,1,1,1,0,1,1,0,1,1,1,1,0,0,0,1,1,1,0.041000,1490,81,10,4,165,1.7500,0.6915,36.879,1,2415,49104,33.3,66.7,22.2,77.8
604,18,512,1,0,0,0,0,0,0,1,1,0,1,0,0,1,1,0,0,1,0.028000,1488,81,10,4,165,9.0600,0.6659,35.516,1,2415,49104,55.6,44.4,66.7,33.3
604,19,512,0,0,1,0,1,1,0,1,1,0,0,1,1,0,1,1,0,1,0.036000,1489,81,10,4,165,9.5300,0.6919,36.903,1,2415,49104,44.4,55.6,44.4,55.6
604,20,512,1,0,1,0,0,1,0,1,1,0,1,1,0,0,1,0,0,0,0.030000,1516,81,10,4,165,4.7100,0.6666,35.554,1,2415,49104,44.4,55.6,66.7,33.3
604,21,512,0,1,1,1,1,0,0,0,0,1,1,0,0,1,0,1,1,1,0.039000,1489,81,10,4,165,1.8000,0.6919,36.903,1,2415,49104,55.6,44.4,33.3,66.7
604,22,512,0,1,1,1,0,0,1,1,0,1,0,1,0,0,0,1,0,0,0.029000,1495,81,10,4,165,2.5600,0.6673,35.587,1,2415,49104,77.8,22.2,33.3,66.7
604,23,512,0,1,1,0,0,1,0,0,0,1,1,1,1,0,1,0,1,0,0.030000,1516,81,10,4,165,3.6900,0.6666,35.554,1,2415,49104,44.4,55.6,55.6,44.4
604,24,512,0,1,0,0,1,0,0,0,1,0,0,0,0,1,1,1,0,1,0.037000,1489,81,10,4,165,1.9100,0.6919,36.903,1,2415,49104,66.7,33.3,55.6,44.4
604,25,512,0,1,1,1,1,1,1,0,1,1,0,0,0,1,0,1,1,0,0.030000,1494,81,10,4,165,3.3900,0.6915,36.879,1,2415,49104,44.4,55.6,33.3,66.7
604,26,512,0,1,1,0,1,0,1,1,1,1,1,0,0,0,1,0,0,0,0.029000,1516,81,10,4,165,3.3800,0.6666,35.554,1,2415,49104,33.3,66.7,66.7,33.3
604,27,512,0,1,0,0,0,1,1,0,1,0,1,0,1,0,1,1,1,1,0.037000,1493,81,10,4,165,1.9300,0.6919,36.903,1,2415,49104,33.3,66.7,55.6,44.4
604,28,512,1,0,1,1,0,1,0,0,1,0,0,0,1,1,0,0,1,0,0.031000,1516,81,10,4,165,6.8800,0.6666,35.554,1,2415,49104,44.4,55.6,66.7,33.3
605,0,512,1,1,1,0,1,1,0,1,1,0,0,1,1,0,1,1,0,1,0.038000,1492,81,10,4,165,1.7600,0.6915,36.879,1,2415,49104,33.3,66.7,33.3,66.7
605,1,512,1,0,1,1,1,1,1,0,1,0,0,1,0,0,1,0,1,0,0.033000,1517,81,10,4,165,6.6600,0.6753,36.016,1,2415,49104,22.2,77.8,66.7,33.3
605,2,512,1,0,0,0,0,0,0,1,1,0,1,0,1,1,1,0,0,1,0.028000,1490,81,10,4,165,9.1000,0.6915,36.879,1,2415,49104,44.4,55.6,66.7,33.3
605,3,512,0,0,0,0,0,0,0,0,0,0,0,0,1,1,0,0,0,0,0.031000,1426,81,10,4,165,6.5300,0.6593,35.161,1,2415,49104,88.9,11.1,88.9,11.1
605,4,512,1,0,1,0,1,0,0,1,1,0,0,0,1,1,0,1,0,1,0.035000,1516,81,10,4,165,9.5800,0.6666,35.554,1,2415,49104,44.4,55.6,55.6,44.4
605,5,512,1,0,0,0,1,0,1,0,1,0,1,0,1,0,1,0,1,0,0.037000,987,67,10,4,161,6.9200,0.5006,26.698,1,2415,49104,11.1,88.9,100.0,0.0
605,6,512,0,0,1,0,0,0,0,1,1,0,0,1,1,0,1,1,0,1,0.035000,1521,81,10,4,165,9.5000,0.6666,35.554,1,2415,49104,55.6,44.4,55.6,44.4
605,7,512,0,1,1,0,1,0,1,1,0,1,1,0,0,0,1,0,0,0,0.030000,1516,81,10,4,165,3.0400,0.6666,35.554,1,2415,49104,44.4,55.6,66.7,33.3
605,8,512,1,1,0,1,0,0,1,0,0,1,1,0,0,1,0,1,0,0,0.030000,1516,81,10,4,165,3.8600,0.6666,35.554,1,2415,49104,66.7,33.3,44.4,55.6
605,9,512,1,0,1,1,0,1,1,1,1,0,0,0,1,1,0,0,1,0,0.031000,1517,81,10,4,165,6.9400,0.6753,36.016,1,2415,49104,33.3,66.7,55.6,44.4
605,10,512,1,0,1,0,0,1,0,1,1,0,0,0,0,0,1,0,0,0,0.031000,1494,81,10,4,165,4.6200,0.6674,35.594,1,2415,49104,55.6,44.4,77.8,22.2
605,11,512,0,0,0,0,0,0,0,0,0,1,0,1,1,1,1,1,0,1,0.038000,1497,81,10,4,165,9.8000,0.6664,35.543,1,2415,49104,77.8,22.2,44.4,55.6
605,12,512,0,0,1,1,0,1,1,0,1,1,1,1,0,0,0,1,1,1,0.038000,1493,81,10,4,165,9.5700,0.6919,36.903,1,2415,49104,44.4,55.6,33.3,66.7
605,13,512,1,0,1,1,0,1,0,0,1,0,0,0,1,1,0,0,0,0,0.030000,1489,81,10,4,165,6.5900,0.6919,36.903,1,2415,49104,55.6,44.4,66.7,33.3
605,14,512,1,1,1,1,1,1,1,1,1,1,1,1,0,1,1,1,1,1,0.053000,1445,81,10,4,156,13.5400,0.6664,35.543,1,2415,49104,11.1,88.9,0.0,100.0
605,15,512,0,0,0,0,0,0,0,0,1,1,0,1,0,0,1,1,0,1,0.035000,1483,81,10,4,165,9.5100,0.6916,36.886,1,2415,49104,77.8,22.2,55.6,44.4
605,16,512,0,0,0,0,0,0,0,0,1,1,1,1,0,1,1,1,1,1,0.037000,1479,81,10,4,165,10.2600,0.6916,36.886,1,2415,49104,55.6,44.4,44.4,55.6
605,17,512,0,0,1,0,0,0,0,0,1,1,1,1,1,1,1,1,1,1,0.038000,1516,81,10,4,165,11.1900,0.6666,35.554,1,2415,49104,33.3,66.7,44.4,55.6
605,18,512,0,1,0,0,1,1,0,1,1,0,1,0,0,1,1,0,0,1,0.038000,1516,81,10,4,165,1.4000,0.6666,35.554,1,2415,49104,55.6,44.4,44.4,55.6
605,19,512,0,1,1,0,0,1,0,0,1,1,1,1,1,0,1,0,1,0,0.030000,1516,81,10,4,165,3.8600,0.6666,35.554,1,2415,49104,33.3,66.7,55.6,44.4
605,20,512,1,0,1,0,1,0,0,1,1,0,0,0,0,1,0,0,0,1,0.028000,1480,81,10,4,165,8.9700,0.6659,35.516,1,2415,49104,55.6,44.4,66.7,33.3
605,21,512,1,1,1,1,1,1,0,0,0,0,0,0,0,0,0,0,0,0,0.029000,1426,81,10,4,165,4.8400,0.6593,35.161,1,2415,49104,66.7,33.3,66.7,33.3
605,22,512,1,1,1,1,1,1,0,0,0,0,1,1,0,0,0,0,0,0,0.029000,1426,81,10,4,165,5.1700,0.6593,35.161,1,2415,49104,55.6,44.4,55.6,44.4
605,23,512,0,1,0,1,0,1,0,1,1,1,0,1,0,1,0,1,0,1,0.041000,1445,81,10,4,156,9.8600,0.6664,35.543,1,2415,49104,88.9,11.1,0.0,100.0
605,24,512,1,0,1,0,0,1,0,1,1,0,1,0,0,0,1,0,0,0,0.031000,1494,81,10,4,165,4.5600,0.6674,35.594,1,2415,49104,44.4,55.6,77.8,22.2
605,25,512,1,0,1,1,0,1,0,0,1,0,0,0,1,1,0,0,1,1,0.036000,1513,81,10,4,165,9.2400,0.6666,35.554,1,2415,49104,44.4,55.6,55.6,44.4
605,26,512,1,1,1,1,1,1,1,0,1,0,1,0,0,0,1,0,0,0,0.031000,1516,81,10,4,165,5.2800,0.6666,35.554,1,2415,49104,22.2,77.8,66.7,33.3
605,27,512,1,0,0,0,0,0,0,1,1,0,1,1,0,1,1,0,0,1,0.035000,1492,81,10,4,165,9.1200,0.6915,36.879,1,2415,49104,55.6,44.4,55.6,44.4
605,28,512,0,0,0,0,0,0,0,0,1,1,1,1,1,1,1,1,1,0,0.030000,1504,81,10,4,165,8.2200,0.6667,35.555,1,2415,49104,44.4,55.6,55.6,44.4
605,29,512,1,0,1,0,1,0,1,0,1,0,0,1,1,0,1,0,1,0,0.039000,1498,81,10,4,165,6.9500,0.6666,35.550,1,2415,49104,11.1,88.9,88.9,11.1
606,0,512,1,0,0,0,1,0,1,0,1,0,1,0,1,0,0,1,1,0,0.034000,1504,81,10,4,165,7.1700,0.6666,35.550,1,2415,49104,22.2,77.8,88.9,11.1
606,1,512,1,0,1,0,1,0,0,0,1,0,0,1,1,0,1,0,1,0,0.034000,1498,81,10,4,165,7.1200,0.6666,35.550,1,2415,49104,22.2,77.8,88.9,11.1
606,2,512,1,0,1,1,0,1,0,0,1,1,0,0,1,1,0,0,1,1,0.036000,1494,81,10,4,165,9.2500,0.6919,36.903,1,2415,49104,44.4,55.6,44.4,55.6
606,3,512,0,0,0,1,0,1,0,1,0,1,0,1,0,1,0,1,0,1,0.039000,916,59,6,4,145,10.0100,0.4727,25.208,1,2415,49104,100.0,0.0,11.1,88.9
606,4,512,0,0,1,0,0,1,0,1,1,0,1,1,1,0,1,1,0,1,0.036000,1492,81,10,4,165,9.4900,0.6877,36.675,1,2415,49104,44.4,55.6,44.4,55.6
606,5,512,0,0,0,0,0,1,0,0,1,1,1,1,1,1,1,1,1,0,0.031000,1516,81,10,4,165,8.2500,0.6666,35.554,1,2415,49104,44.4,55.6,44.4,55.6
606,6,512,1,0,1,0,1,0,0,1,1,0,0,0,1,1,1,0,0,1,0.028000,1516,81,10,4,165,9.0400,0.6666,35.554,1,2415,49104,33.3,66.7,66.7,33.3
606,7,512,0,0,0,0,0,0,1,0,1,1,0,1,1,1,1,1,0,1,0.038000,1516,81,10,4,165,9.8400,0.6666,35.554,1,2415,49104,55.6,44.4,44.4,55.6
606,8,512,0,0,0,0,0,0,0,0,1,0,0,1,0,0,1,1,0,1,0.029000,1516,81,10,4,165,9.4700,0.6666,35.554,1,2415,49104,77.8,22.2,66.7,33.3
606,9,512,0,0,0,0,0,0,1,1,1,1,0,1,1,1,1,1,0,1,0.038000,1485,81,10,4,165,10.2200,0.6912,36.862,1,2415,49104,55.6,44.4,33.3,66.7
606,10,512,0,1,0,0,0,0,0,0,1,1,1,1,1,1,1,1,1,1,0.040000,1492,81,10,4,165,3.3300,0.6664,35.543,1,2415,49104,44.4,55.6,33.3,66.7
606,11,512,1,0,1,1,0,0,0,0,1,0,0,0,1,1,0,0,1,1,0.029000,1513,81,10,4,165,9.2400,0.6666,35.554,1,2415,49104,44.4,55.6,66.7,33.3
606,12,512,0,1,0,1,0,0,0,1,0,1,0,1,0,1,0,1,0,1,0.040000,916,59,6,4,145,1.9700,0.4726,25.207,1,2415,49104,100.0,0.0,11.1,88.9
606,13,512,0,1,1,0,0,1,0,1,0,1,0,1,0,1,0,1,0,1,0.044000,1498,81,10,4,165,2.2900,0.6666,35.550,1,2415,49104,88.9,11.1,11.1,88.9
606,14,512,0,0,1,0,0,0,0,0,1,1,1,1,1,1,1,1,0,1,0.037000,1516,81,10,4,165,10.0000,0.6666,35.554,1,2415,49104,44.4,55.6,44.4,55.6
606,15,512,0,0,0,0,0,0,0,1,1,1,1,1,1,1,1,1,1,1,0.038000,1485,81,10,4,165,11.5700,0.6912,36.862,1,2415,49104,44.4,55.6,33.3,66.7
606,16,512,1,0,1,1,0,1,1,1,1,0,0,0,0,0,0,0,1,0,0.031000,1516,81,10,4,165,6.6500,0.6666,35.554,1,2415,49104,44.4,55.6,66.7,33.3
606,17,512,0,1,0,1,0,0,0,1,1,1,0,1,0,1,0,1,0,1,0.042000,1494,81,10,4,165,1.9900,0.6653,35.482,1,2415,49104,88.9,11.1,11.1,88.9
606,18,512,1,0,0,1,1,0,0,1,1,0,0,0,0,1,0,1,0,1,0.037000,1480,81,10,4,165,9.5700,0.6659,35.516,1,2415,49104,66.7,33.3,44.4,55.6
606,19,512,0,0,1,0,1,1,0,1,1,0,0,1,1,0,1,1,1,1,0.037000,1489,81,10,4,165,9.6700,0.6919,36.903,1,2415,49104,33.3,66.7,44.4,55.6
606,20,512,1,0,0,0,0,0,0,0,1,0,1,0,1,1,1,0,0,1,0.030000,1516,81,10,4,165,9.1000,0.6666,35.554,1,2415,49104,44.4,55.6,77.8,22.2
606,21,512,1,0,1,1,0,1,0,0,1,0,0,0,0,1,0,0,1,1,0.036000,1513,81,10,4,165,9.2800,0.6666,35.554,1,2415,49104,55.6,44.4,55.6,44.4
606,22,512,0,0,1,0,1,1,0,0,1,1,1,1,1,1,1,1,1,1,0.041000,1516,81,10,4,165,11.3600,0.6666,35.554,1,2415,49104,22.2,77.8,33.3,66.7
606,23,512,1,1,1,1,1,1,1,1,1,0,1,1,0,1,1,1,1,1,0.053000,1490,81,10,4,165,3.1500,0.6915,36.879,1,2415,49104,11.1,88.9,11.1,88.9
606,24,512,0,1,0,0,0,0,0,1,1,0,1,1,0,1,1,0,0,1,0.038000,1516,81,10,4,165,1.4400,0.6666,35.554,1,2415,49104,66.7,33.3,44.4,55.6
606,25,512,1,0,0,1,0,1,0,1,1,1,0,1,0,1,0,1,0,1,0.040000,1497,81,10,4,165,10.0600,0.6919,36.903,1,2415,49104,77.8,22.2,11.1,88.9
606,26,512,1,0,1,0,1,0,0,1,1,0,0,0,1,1,0,0,0,1,0.028000,1490,81,10,4,165,8.9700,0.6915,36.879,1,2415,49104,44.4,55.6,66.7,33.3
606,27,512,1,0,1,0,1,0,0,1,1,0,0,0,0,0,0,1,0,1,0.028000,1498,81,10,4,165,9.4000,0.6666,35.550,1,2415,49104,55.6,44.4,66.7,33.3
606,28,512,0,0,1,0,0,0,0,0,1,1,1,1,1,1,0,0,1,1,0.036000,1516,81,10,4,165,9.5300,0.6666,35.554,1,2415,49104,44.4,55.6,55.6,44.4
606,29,512,1,0,1,1,0,1,1,1,1,0,0,0,1,1,1,1,1,0,0.032000,1516,81,10,4,165,7.7800,0.6666,35.554,1,2415,49104,22.2,77.8,44.4,55.6
607,0,512,0,0,0,0,0,1,0,0,0,0,0,1,1,1,1,1,0,1,0.037000,1485,81,10,4,165,9.8400,0.6873,36.658,1,2415,49104,77.8,22.2,44.4,55.6
607,1,512,1,1,1,0,0,0,0,0,1,1,1,1,1,1,1,1,0,1,0.039000,1521,81,10,4,165,2.2900,0.6666,35.554,1,2415,49104,33.3,66.7,33.3,66.7
607,2,512,0,0,1,0,0,1,0,1,1,1,1,1,1,0,1,1,0,1,0.038000,1495,81,10,4,165,9.5400,0.6919,36.903,1,2415,49104,44.4,55.6,33.3,66.7
607,3,512,0,1,0,0,0,1,0,1,1,1,0,1,0,1,0,1,0,1,0.041000,1480,81,10,4,165,2.3000,0.6912,36.862,1,2415,49104,88.9,11.1,11.1,88.9
607,4,512,1,0,0,1,0,1,0,1,1,1,0,1,0,1,0,1,1,1,0.039000,1495,81,10,4,165,10.4600,0.6919,36.903,1,2415,49104,66.7,33.3,11.1,88.9
607,5,512,0,0,0,0,0,0,0,1,1,1,1,1,1,1,0,1,1,1,0.038000,1485,81,10,4,165,10.4400,0.6912,36.862,1,2415,49104,55.6,44.4,33.3,66.7
607,6,512,1,1,1,1,1,1,1,1,1,1,0,0,0,1,1,1,1,1,0.045000,1493,81,10,4,165,2.6400,0.6751,36.005,1,2415,49104,22.2,77.8,11.1,88.9
607,7,512,0,0,1,0,1,0,0,1,1,0,0,0,1,1,0,1,0,1,0.036000,1516,81,10,4,165,9.5800,0.6666,35.554,1,2415,49104,55.6,44.4,55.6,44.4
607,8,512,1,0,1,1,0,1,0,0,1,0,0,0,0,1,0,0,0,1,0.035000,1490,81,10,4,165,8.9500,0.6915,36.879,1,2415,49104,66.7,33.3,55.6,44.4
607,9,512,0,0,0,1,0,0,0,1,0,1,0,1,0,1,0,1,0,1,0.038000,911,59,6,4,145,9.7400,0.4727,25.212,1,2415,49104,100.0,0.0,22.2,77.8
607,10,512,0,0,1,1,1,1,1,1,1,1,1,1,0,1,1,1,1,1,0.042000,1478,81,10,4,165,11.4800,0.6916,36.886,1,2415,49104,22.2,77.8,11.1,88.9
607,11,512,0,0,0,0,0,0,0,0,1,0,1,1,1,1,1,1,1,1,0.036000,1521,81,10,4,165,11.1400,0.6666,35.554,1,2415,49104,44.4,55.6,55.6,44.4
607,12,512,0,0,0,1,0,0,0,0,1,1,1,1,0,1,1,1,1,1,0.038000,1480,81,10,4,165,10.2600,0.6912,36.862,1,2415,49104,55.6,44.4,33.3,66.7
607,13,512,1,1,1,1,1,1,1,1,1,1,1,1,1,1,1,1,0,1,0.049000,1446,81,10,4,157,12.1700,0.6756,36.032,1,2415,49104,11.1,88.9,0.0,100.0
607,14,512,0,0,1,1,0,1,1,0,1,1,1,1,0,0,1,1,1,1,0.039000,1493,81,10,4,165,9.7100,0.6919,36.903,1,2415,49104,33.3,66.7,33.3,66.7
607,15,512,1,0,0,1,0,1,0,1,0,1,0,1,0,1,0,1,0,1,0.040000,1485,81,10,4,165,10.0100,0.6659,35.516,1,2415,49104,88.9,11.1,11.1,88.9
607,16,512,0,0,0,0,0,0,1,0,1,1,0,1,1,1,1,1,1,1,0.037000,1489,81,10,4,165,10.2300,0.6919,36.903,1,2415,49104,44.4,55.6,44.4,55.6
607,17,512,0,0,0,0,1,1,1,1,1,1,0,1,1,1,1,1,0,1,0.039000,1492,81,10,4,165,10.6800,0.6664,35.543,1,2415,49104,44.4,55.6,22.2,77.8
607,18,512,0,0,0,1,0,1,0,1,0,1,0,1,0,1,1,1,0,1,0.040000,1478,81,10,4,165,10.1600,0.6916,36.886,1,2415,49104,88.9,11.1,11.1,88.9
607,19,512,0,0,1,1,1,1,1,1,1,1,1,1,1,1,1,1,1,1,0.056000,1454,81,10,4,165,13.6700,0.6554,34.954,1,2415,49104,11.1,88.9,11.1,88.9
607,20,512,0,0,0,1,0,1,0,1,1,1,0,1,0,1,0,1,0,1,0.040000,1478,81,10,4,165,10.0600,0.6916,36.886,1,2415,49104,88.9,11.1,11.1,88.9
607,21,512,0,0,0,0,1,0,0,0,1,1,1,1,0,1,1,1,1,1,0.038000,1516,81,10,4,165,10.2600,0.6666,35.554,1,2415,49104,44.4,55.6,44.4,55.6
607,22,512,0,0,0,0,0,0,1,0,1,1,0,1,1,1,0,1,0,1,0.038000,1516,81,10,4,165,9.5700,0.6666,35.554,1,2415,49104,66.7,33.3,44.4,55.6
607,23,512,0,0,0,0,0,0,1,1,0,0,0,1,1,1,1,1,0,1,0.037000,1479,81,10,4,165,9.8100,0.6916,36.886,1,2415,49104,66.7,33.3,44.4,55.6
607,24,512,1,0,1,0,1,1,1,1,1,1,1,1,1,1,1,1,1,1,0.058000,1513,81,10,4,165,13.6700,0.6666,35.554,1,2415,49104,0.0,100.0,22.2,77.8
607,25,512,1,0,0,1,0,0,0,1,1,0,0,0,0,1,0,1,0,1,0.037000,1499,81,10,4,165,9.5700,0.6666,35.550,1,2415,49104,77.8,22.2,44.4,55.6
607,26,512,1,1,1,1,1,1,1,1,1,1,1,1,1,0,1,1,1,1,0.061000,1516,81,10,4,165,2.2000,0.6666,35.554,1,2415,49104,0.0,100.0,11.1,88.9
607,27,512,0,0,1,0,1,1,0,1,1,0,0,1,0,1,1,1,1,1,0.038000,1492,81,10,4,165,10.0500,0.6915,36.879,1,2415,49104,44.4,55.6,33.3,66.7
607,28,512,1,1,1,0,1,1,0,1,1,0,0,1,1,0,1,1,1,1,0.041000,1490,81,10,4,165,1.8900,0.6915,36.879,1,2415,49104,22.2,77.8,33.3,66.7
607,29,512,0,0,0,0,0,0,1,1,1,1,1,1,1,1,1,1,0,1,0.038000,1485,81,10,4,165,10.4200,0.6912,36.862,1,2415,49104,44.4,55.6,33.3,66.7
608,0,512,0,0,0,0,0,1,0,1,1,1,1,1,1,1,1,1,1,1,0.040000,1492,81,10,4,165,13.6000,0.6664,35.543,1,2415,49104,44.4,55.6,22.2,77.8
608,1,512,0,0,0,0,0,1,0,1,0,1,0,1,0,1,0,1,0,1,0.038000,911,59,6,4,145,10.0100,0.4727,25.212,1,2415,49104,100.0,0.0,22.2,77.8
608,2,512,0,0,0,1,0,0,0,0,1,1,1,1,1,1,1,1,1,1,0.038000,1475,81,10,4,165,11.1900,0.6912,36.862,1,2415,49104,44.4,55.6,33.3,66.7
608,3,512,1,0,0,1,0,1,0,1,0,1,0,1,0,1,1,1,0,1,0.040000,1499,81,10,4,165,10.1600,0.6919,36.903,1,2415,49104,77.8,22.2,11.1,88.9
608,4,512,0,0,0,0,1,1,1,1,1,1,1,1,1,1,1,1,0,1,0.038000,1497,81,10,4,165,11.1100,0.6664,35.543,1,2415,49104,33.3,66.7,22.2,77.8
608,5,512,0,0,0,0,1,1,1,1,1,1,1,1,1,1,1,1,1,1,0.042000,1427,81,10,4,165,13.6700,0.6591,35.151,1,2415,49104,22.2,77.8,22.2,77.8
608,6,512,0,0,1,0,0,0,0,0,1,1,1,1,0,1,1,1,1,1,0.037000,1489,81,10,4,165,10.2600,0.6919,36.903,1,2415,49104,44.4,55.6,44.4,55.6
608,7,512,1,0,0,1,0,0,0,1,0,1,0,1,0,1,0,1,0,1,0.039000,1498,81,10,4,165,9.7400,0.6666,35.550,1,2415,49104,88.9,11.1,22.2,77.8
608,8,512,0,0,0,1,1,1,1,1,1,1,0,1,1,1,1,1,0,1,0.039000,1478,81,10,4,165,10.6800,0.6916,36.886,1,2415,49104,44.4,55.6,11.1,88.9
608,9,512,0,0,1,1,1,1,1,1,1,0,1,1,1,1,1,1,1,1,0.054000,1492,81,10,4,165,11.4400,0.6919,36.903,1,2415,49104,11.1,88.9,22.2,77.8
608,10,512,0,0,0,0,0,0,0,0,1,1,1,1,0,1,0,1,1,1,0.036000,1455,81,10,4,165,9.8500,0.6915,36.880,1,2415,49104,66.7,33.3,44.4,55.6
608,11,512,0,0,1,1,0,0,0,0,1,0,1,1,1,1,1,1,1,1,0.037000,1490,81,10,4,165,11.1400,0.6919,36.903,1,2415,49104,33.3,66.7,44.4,55.6
608,12,512,1,0,1,0,1,1,1,1,1,1,1,1,0,1,1,1,1,1,0.050000,1513,81,10,4,165,11.4800,0.6666,35.554,1,2415,49104,11.1,88.9,22.2,77.8
608,13,512,0,0,1,1,1,1,1,1,1,1,1,1,1,1,1,1,0,1,0.040000,1479,81,10,4,165,11.1100,0.6921,36.910,1,2415,49104,22.2,77.8,11.1,88.9
608,14,512,0,0,0,0,0,0,1,1,1,1,1,1,1,1,0,1,0,1,0.038000,1485,81,10,4,165,9.9300,0.6912,36.862,1,2415,49104,55.6,44.4,33.3,66.7
608,15,512,0,0,1,1,1,1,1,1,1,1,1,1,1,1,1,1,1,0,0.051000,1521,81,10,4,165,17.9100,0.6666,35.554,1,2415,49104,11.1,88.9,22.2,77.8
608,16,512,0,0,1,1,1,1,1,1,1,0,1,1,0,1,1,1,1,1,0.041000,1487,81,10,4,165,10.3800,0.6924,36.927,1,2415,49104,22.2,77.8,22.2,77.8
608,17,512,0,0,0,1,0,1,0,1,0,1,0,1,1,1,1,1,0,1,0.040000,1484,81,10,4,165,10.5500,0.6873,36.658,1,2415,49104,77.8,22.2,11.1,88.9
608,18,512,1,0,0,0,0,0,1,0,1,1,0,1,1,1,1,1,1,1,0.038000,1516,81,10,4,165,10.2300,0.6666,35.554,1,2415,49104,33.3,66.7,44.4,55.6
608,19,512,1,1,0,0,0,0,0,1,1,1,1,1,1,1,1,1,1,1,0.041000,1484,81,10,4,165,4.3400,0.6912,36.862,1,2415,49104,33.3,66.7,22.2,77.8
608,20,512,1,0,1,0,0,1,1,1,1,1,1,1,1,1,1,1,1,1,0.050000,1514,81,10,4,165,13.6500,0.6753,36.016,1,2415,49104,11.1,88.9,22.2,77.8
608,21,512,1,1,1,1,1,1,0,1,1,1,1,1,0,1,1,1,1,1,0.044000,1446,81,10,4,156,12.7500,0.6751,36.005,1,2415,49104,22.2,77.8,0.0,100.0
608,22,512,0,0,0,0,0,0,0,0,1,1,0,1,1,1,1,1,1,1,0.037000,1479,81,10,4,165,10.3300,0.6916,36.886,1,2415,49104,55.6,44.4,44.4,55.6
608,23,512,0,0,0,1,1,1,0,1,0,1,0,1,0,1,1,1,0,1,0.040000,1478,81,10,4,165,10.1200,0.6916,36.886,1,2415,49104,77.8,22.2,11.1,88.9
608,24,512,1,0,0,1,0,1,1,1,1,1,0,1,0,1,0,1,0,1,0.039000,1495,81,10,4,165,10.1100,0.6919,36.903,1,2415,49104,66.7,33.3,11.1,88.9
608,25,512,0,0,1,0,0,0,1,0,1,1,1,1,1,1,1,1,0,1,0.036000,1497,81,10,4,165,10.0100,0.6877,36.675,1,2415,49104,33.3,66.7,44.4,55.6
608,26,512,1,0,0,0,0,1,0,1,1,1,0,1,0,1,0,1,1,1,0.038000,1516,81,10,4,165,10.4600,0.6666,35.554,1,2415,49104,66.7,33.3,22.2,77.8
608,27,512,0,0,0,1,0,0,1,0,1,1,0,1,1,1,1,1,1,1,0.038000,1492,81,10,4,165,10.2300,0.6915,36.879,1,2415,49104,44.4,55.6,33.3,66.7
608,28,512,0,0,1,1,1,1,0,0,1,1,1,1,1,1,1,1,1,1,0.041000,1452,81,10,4,165,11.3600,0.6554,34.954,1,2415,49104,22.2,77.8,22.2,77.8
608,29,512,0,0,0,0,0,0,0,0,1,1,1,1,1,1,1,1,0,1,0.038000,1494,81,10,4,165,10.0000,0.6694,35.702,1,2415,49104,55.6,44.4,44.4,55.6
609,1,512,0,0,1,0,0,0,0,0,0,1,1,1,1,1,1,1,0,0,0.030000,1507,81,10,4,165,7.4200,0.6666,35.552,1,2415,49104,55.6,44.4,55.6,44.4
609,2,512,0,0,0,0,0,1,1,1,0,1,0,1,0,1,0,1,0,1,0.039000,1480,81,10,4,165,10.0100,0.6912,36.862,1,2415,49104,88.9,11.1,22.2,77.8
609,3,512,0,0,1,1,1,1,0,0,1,1,1,1,1,1,1,1,1,0,0.030000,1490,81,10,4,165,8.2800,0.6915,36.879,1,2415,49104,22.2,77.8,33.3,66.7
609,4,512,0,0,1,0,0,0,1,0,1,1,0,0,1,1,1,1,0,1,0.036000,1518,81,10,4,165,9.8400,0.6666,35.554,1,2415,49104,44.4,55.6,55.6,44.4
609,5,512,1,1,1,1,1,1,1,1,1,1,1,1,0,1,0,1,1,1,0.044000,1445,81,10,4,156,11.5600,0.6664,35.543,1,2415,49104,22.2,77.8,0.0,100.0
609,7,512,1,1,1,1,1,1,0,1,1,1,1,1,1,1,1,1,1,1,0.053000,1445,81,10,4,156,20.2200,0.6664,35.543,1,2415,49104,11.1,88.9,0.0,100.0
609,8,512,0,0,1,1,0,0,1,1,1,0,1,1,1,1,1,1,1,1,0.039000,1491,81,10,4,165,11.2000,0.6915,36.879,1,2415,49104,22.2,77.8,33.3,66.7
609,9,512,0,0,0,1,0,0,0,0,1,1,1,1,1,1,0,0,1,1,0.036000,1475,81,10,4,165,9.5300,0.6912,36.862,1,2415,49104,55.6,44.4,44.4,55.6
609,10,512,0,0,0,0,0,1,0,1,0,1,0,1,1,1,0,1,0,1,0.039000,1480,81,10,4,165,10.1600,0.6912,36.862,1,2415,49104,88.9,11.1,22.2,77.8
609,11,512,0,0,0,0,0,1,0,0,1,1,0,1,1,1,1,1,1,1,0.039000,1492,81,10,4,165,10.4600,0.6664,35.543,1,2415,49104,55.6,44.4,33.3,66.7
609,12,512,1,1,1,0,1,1,1,1,1,1,1,1,1,1,1,1,1,1,0.060000,1516,81,10,4,165,8.5600,0.6666,35.554,1,2415,49104,0.0,100.0,11.1,88.9
609,13,512,0,0,0,0,1,1,0,0,1,0,1,1,1,1,1,1,1,1,0.038000,1489,81,10,4,165,11.2300,0.6915,36.879,1,2415,49104,33.3,66.7,44.4,55.6
609,14,512,1,0,1,1,0,1,0,1,0,1,0,1,0,1,0,1,0,1,0.040000,1497,81,10,4,165,10.0100,0.6919,36.903,1,2415,49104,77.8,22.2,11.1,88.9
609,15,512,0,0,0,0,1,1,0,1,1,1,1,1,1,1,1,1,1,1,0.040000,1492,81,10,4,165,13.5600,0.6664,35.543,1,2415,49104,33.3,66.7,22.2,77.8
609,16,512,0,0,1,0,0,0,0,0,1,0,1,1,1,1,1,1,1,1,0.036000,1521,81,10,4,165,11.1400,0.6666,35.554,1,2415,49104,33.3,66.7,55.6,44.4
609,17,512,0,0,0,0,1,1,1,1,1,1,0,1,0,1,1,1,0,1,0.039000,1480,81,10,4,165,10.2900,0.6912,36.862,1,2415,49104,55.6,44.4,22.2,77.8
609,18,512,1,0,1,1,1,1,0,1,1,1,1,1,0,1,1,1,1,1,0.042000,1495,81,10,4,165,11.1100,0.6919,36.903,1,2415,49104,22.2,77.8,11.1,88.9
609,19,512,0,0,1,0,0,0,0,0,0,1,1,1,1,1,1,1,0,1,0.038000,1516,81,10,4,165,9.9800,0.6666,35.554,1,2415,49104,55.6,44.4,44.4,55.6
609,20,512,0,0,0,1,1,1,1,1,1,1,1,1,1,1,1,1,0,1,0.039000,1484,81,10,4,165,11.1100,0.6873,36.658,1,2415,49104,33.3,66.7,11.1,88.9
609,21,512,1,1,1,1,0,1,1,1,1,1,1,1,1,1,1,1,1,1,0.053000,1446,81,10,4,156,20.0700,0.6751,36.005,1,2415,49104,11.1,88.9,0.0,100.0
609,22,512,0,0,1,1,0,0,0,0,1,1,1,1,1,1,1,1,0,1,0.038000,1475,81,10,4,165,10.0000,0.6912,36.862,1,2415,49104,44.4,55.6,33.3,66.7
609,23,512,0,0,1,0,0,0,1,0,1,1,1,1,1,1,1,1,1,1,0.040000,1513,81,10,4,165,11.1700,0.6666,35.554,1,2415,49104,22.2,77.8,44.4,55.6
609,24,512,1,0,0,1,0,1,0,1,0,1,1,1,0,1,0,1,0,1,0.040000,1495,81,10,4,165,10.0200,0.6919,36.903,1,2415,49104,77.8,22.2,11.1,88.9
609,25,512,0,0,1,1,0,0,0,0,1,0,1,1,1,1,1,1,0,1,0.037000,1493,81,10,4,165,10.0200,0.6919,36.903,1,2415,49104,44.4,55.6,44.4,55.6
609,26,512,0,0,0,0,0,0,0,0,1,0,0,1,1,1,1,1,1,1,0.036000,1521,81,10,4,165,10.2900,0.6666,35.554,1,2415,49104,55.6,44.4,55.6,44.4
609,27,512,0,0,1,1,1,1,0,1,1,1,1,1,1,1,1,1,0,1,0.039000,1482,81,10,4,165,10.9300,0.6916,36.886,1,2415,49104,33.3,66.7,11.1,88.9
609,28,512,0,0,0,0,0,0,0,0,1,0,1,1,0,0,1,1,1,1,0.029000,1516,81,10,4,165,9.5800,0.6666,35.554,1,2415,49104,55.6,44.4,66.7,33.3
609,29,512,1,0,0,1,0,1,0,1,0,1,0,1,1,1,0,1,0,1,0.040000,1495,81,10,4,165,10.1600,0.6919,36.903,1,2415,49104,77.8,22.2,11.1,88.9
610,0,512,0,0,0,0,0,0,1,1,1,0,1,1,1,1,1,1,1,1,0.038000,1491,81,10,4,165,11.2000,0.6915,36.879,1,2415,49104,33.3,66.7,44.4,55.6
610,1,512,0,0,0,1,0,1,0,1,0,1,0,1,0,1,0,1,1,0,0.037000,1503,81,10,4,165,4.7800,0.6666,35.550,1,2415,49104,88.9,11.1,22.2,77.8
610,2,512,0,0,1,1,0,1,1,1,1,1,1,1,1,1,1,1,1,1,0.041000,1478,81,10,4,165,13.6500,0.6916,36.886,1,2415,49104,22.2,77.8,11.1,88.9
610,3,512,0,0,1,0,0,0,1,0,1,0,1,1,1,1,1,1,0,1,0.035000,1526,81,10,4,165,10.0100,0.6666,35.554,1,2415,49104,33.3,66.7,55.6,44.4
610,4,512,0,0,0,1,0,1,0,1,0,1,0,1,1,1,0,1,0,1,0.040000,1478,81,10,4,165,10.1600,0.6916,36.886,1,2415,49104,88.9,11.1,11.1,88.9
610,5,512,0,0,1,1,0,1,0,1,0,1,0,1,0,1,0,1,0,1,0.042000,1480,81,10,4,165,10.0100,0.6916,36.886,1,2415,49104,88.9,11.1,11.1,88.9
610,6,512,1,0,1,0,0,1,0,0,1,1,1,1,1,1,1,1,1,1,0.041000,1513,81,10,4,165,11.3500,0.6666,35.554,1,2415,49104,22.2,77.8,33.3,66.7
610,7,512,1,0,0,1,1,1,1,1,1,1,1,1,1,1,1,1,0,1,0.040000,1498,81,10,4,165,11.1100,0.6877,36.675,1,2415,49104,22.2,77.8,11.1,88.9
610,8,512,1,1,1,1,0,0,0,0,1,0,1,1,1,1,1,1,1,1,0.041000,1489,81,10,4,165,3.2100,0.6915,36.879,1,2415,49104,22.2,77.8,33.3,66.7
610,10,512,0,0,1,1,1,1,0,0,1,1,1,1,0,1,1,1,1,1,0.040000,1475,81,10,4,165,10.3600,0.6912,36.862,1,2415,49104,33.3,66.7,22.2,77.8
610,11,512,0,0,1,1,0,0,0,0,1,0,0,1,1,1,1,1,1,1,0.037000,1489,81,10,4,165,10.2900,0.6919,36.903,1,2415,49104,44.4,55.6,44.4,55.6
610,12,512,0,0,0,0,0,0,1,0,1,1,1,1,1,1,1,1,0,1,0.037000,1516,81,10,4,165,10.0100,0.6666,35.554,1,2415,49104,44.4,55.6,44.4,55.6
610,13,512,1,1,1,1,1,1,0,1,0,1,1,1,1,1,1,1,1,1,0.044000,1445,81,10,4,156,16.5000,0.6664,35.543,1,2415,49104,22.2,77.8,0.0,100.0
610,17,512,1,1,1,1,1,1,1,1,1,0,1,1,1,1,1,1,1,1,0.060000,1519,81,10,4,165,4.2900,0.6652,35.476,1,2415,49104,0.0,100.0,11.1,88.9
610,18,512,1,0,1,1,1,1,1,1,1,1,1,1,1,1,1,1,1,1,0.058000,1494,81,10,4,165,13.6700,0.6919,36.903,1,2415,49104,0.0,100.0,11.1,88.9
610,19,512,1,1,1,0,0,1,1,1,1,1,1,1,1,1,1,1,1,1,0.054000,1517,81,10,4,165,7.8500,0.6753,36.016,1,2415,49104,11.1,88.9,11.1,88.9
610,20,512,0,0,0,0,1,1,0,1,1,0,1,1,1,1,1,1,1,1,0.039000,1492,81,10,4,165,11.2400,0.6915,36.879,1,2415,49104,33.3,66.7,33.3,66.7
610,22,512,0,0,1,0,0,0,0,1,1,1,1,1,1,1,1,1,1,1,0.039000,1502,81,10,4,165,11.5700,0.6915,36.879,1,2415,49104,33.3,66.7,33.3,66.7
610,23,512,0,0,0,0,0,1,0,0,0,1,0,1,0,1,0,1,0,1,0.036000,916,59,6,4,145,9.6300,0.4727,25.208,1,2415,49104,100.0,0.0,33.3,66.7
610,24,512,0,0,1,0,0,0,1,0,0,1,1,1,1,1,1,1,0,1,0.037000,1513,81,10,4,165,9.9700,0.6666,35.554,1,2415,49104,44.4,55.6,44.4,55.6
610,25,512,1,0,0,1,0,1,0,0,0,1,0,1,0,1,0,1,0,1,0.039000,1480,81,10,4,165,9.6300,0.6659,35.516,1,2415,49104,88.9,11.1,22.2,77.8
610,26,512,0,0,1,1,1,1,0,1,1,1,1,1,1,1,1,1,1,1,0.041000,1478,81,10,4,165,13.5600,0.6916,36.886,1,2415,49104,22.2,77.8,11.1,88.9
610,27,512,0,0,0,0,0,0,0,1,0,1,1,1,1,1,1,1,1,1,0.038000,1485,81,10,4,165,11.5500,0.6912,36.862,1,2415,49104,55.6,44.4,33.3,66.7
610,28,512,0,0,0,0,0,0,0,1,0,1,0,1,0,1,0,1,0,1,0.036000,919,59,6,4,145,9.7400,0.4727,25.213,1,2415,49104,100.0,0.0,33.3,66.7
610,29,512,0,0,0,0,0,1,0,0,1,0,1,1,1,1,1,1,1,1,0.037000,1495,81,10,4,165,11.2200,0.6919,36.903,1,2415,49104,44.4,55.6,44.4,55.6
611,1,512,1,1,1,1,0,1,0,1,1,1,1,1,1,1,1,1,1,1,0.044000,1445,81,10,4,156,17.3100,0.6664,35.543,1,2415,49104,22.2,77.8,0.0,100.0
611,3,512,1,0,1,1,0,1,1,1,1,1,1,1,1,1,1,1,1,1,0.051000,1499,81,10,4,165,13.6500,0.6919,36.903,1,2415,49104,11.1,88.9,11.1,88.9
611,4,512,1,0,0,1,1,1,0,1,0,1,0,1,0,1,0,1,0,1,0.039000,1498,81,10,4,165,9.9900,0.6919,36.903,1,2415,49104,77.8,22.2,11.1,88.9
611,5,512,1,0,1,0,1,1,1,1,1,0,1,1,1,1,1,1,1,1,0.052000,1491,81,10,4,165,11.4400,0.6915,36.879,1,2415,49104,0.0,100.0,33.3,66.7
611,6,512,0,0,1,1,0,0,0,0,1,0,1,1,1,1,0,0,1,1,0.036000,1491,81,10,4,165,9.4700,0.6915,36.879,1,2415,49104,44.4,55.6,55.6,44.4
611,7,512,0,0,1,0,0,0,0,0,1,1,0,0,1,1,1,1,1,1,0.036000,1521,81,10,4,165,10.1600,0.6666,35.554,1,2415,49104,44.4,55.6,55.6,44.4
611,8,512,1,1,0,0,1,1,1,1,1,1,1,1,1,1,1,1,1,1,0.054000,1427,81,10,4,165,8.2200,0.6591,35.151,1,2415,49104,11.1,88.9,11.1,88.9
611,9,512,0,0,1,0,1,1,1,0,1,0,1,1,1,1,1,1,0,1,0.038000,1489,81,10,4,165,10.1100,0.6919,36.903,1,2415,49104,22.2,77.8,44.4,55.6
611,10,512,0,0,0,0,1,1,1,1,1,1,1,1,1,1,0,1,0,1,0.039000,1492,81,10,4,165,10.5000,0.6664,35.543,1,2415,49104,44.4,55.6,22.2,77.8
611,11,512,0,0,1,0,0,0,1,1,1,1,1,1,1,1,1,1,1,1,0.039000,1501,81,10,4,165,11.9800,0.6915,36.879,1,2415,49104,22.2,77.8,33.3,66.7
611,12,512,1,1,1,1,0,0,0,1,0,1,1,1,1,1,1,1,1,1,0.042000,1494,81,10,4,165,4.8000,0.6653,35.482,1,2415,49104,33.3,66.7,11.1,88.9
611,13,512,0,0,0,0,0,0,1,1,1,1,1,1,1,1,1,1,1,1,0.039000,1462,81,10,4,165,11.9800,0.6554,34.954,1,2415,49104,33.3,66.7,33.3,66.7
611,14,512,0,0,0,0,0,1,0,1,0,1,0,1,0,1,1,1,0,1,0.039000,1480,81,10,4,165,10.1600,0.6912,36.862,1,2415,49104,88.9,11.1,22.2,77.8
611,15,512,0,0,0,0,1,1,0,1,0,1,0,1,0,1,0,1,0,1,0.039000,1480,81,10,4,165,9.9900,0.6912,36.862,1,2415,49104,88.9,11.1,22.2,77.8
611,16,512,1,1,1,1,1,1,0,0,1,1,1,1,1,1,1,1,1,1,0.054000,1426,81,10,4,165,4.6500,0.6593,35.161,1,2415,49104,11.1,88.9,11.1,88.9
611,17,512,1,0,1,0,0,1,1,1,1,0,1,1,1,1,1,1,1,1,0.046000,1492,81,10,4,165,11.4000,0.6915,36.879,1,2415,49104,11.1,88.9,33.3,66.7
611,18,512,1,0,0,0,0,1,0,0,1,0,1,1,1,1,1,1,1,1,0.038000,1488,81,10,4,165,11.2200,0.6919,36.903,1,2415,49104,33.3,66.7,44.4,55.6
611,19,512,0,0,0,1,1,1,1,1,1,1,1,1,1,1,1,1,1,1,0.041000,1478,81,10,4,165,13.6700,0.6916,36.886,1,2415,49104,22.2,77.8,11.1,88.9
611,20,512,0,0,1,1,1,1,1,1,0,1,1,1,1,1,1,1,1,0,0.039000,1522,81,10,4,165,6.3600,0.6753,36.016,1,2415,49104,22.2,77.8,22.2,77.8
611,21,512,1,0,1,0,1,1,1,1,1,1,1,1,1,1,1,1,0,1,0.046000,1514,81,10,4,166,11.1100,0.6758,36.040,1,2415,49104,11.1,88.9,22.2,77.8
611,22,512,0,0,0,1,0,0,0,1,1,1,1,1,1,1,1,1,1,1,0.040000,1492,81,10,4,165,11.5700,0.6664,35.543,1,2415,49104,44.4,55.6,22.2,77.8
611,23,512,1,0,0,0,0,1,0,1,0,1,0,1,0,1,0,1,0,1,0.039000,1498,81,10,4,165,10.0100,0.6666,35.550,1,2415,49104,88.9,11.1,22.2,77.8
611,24,512,1,0,1,0,1,1,0,1,1,1,1,1,1,1,1,1,1,1,0.050000,1513,81,10,4,165,13.5600,0.6666,35.554,1,2415,49104,11.1,88.9,22.2,77.8
611,25,512,1,1,1,1,1,1,1,1,1,1,0,1,1,1,1,1,1,1,0.053000,1445,81,10,4,156,14.8100,0.6664,35.543,1,2415,49104,11.1,88.9,0.0,100.0
611,27,512,0,0,1,1,1,1,1,1,1,1,1,1,1,1,0,1,1,1,0.042000,1478,81,10,4,165,11.2500,0.6916,36.886,1,2415,49104,22.2,77.8,11.1,88.9
611,28,512,0,0,1,1,0,0,1,0,1,0,1,1,1,1,1,1,0,1,0.036000,1492,81,10,4,165,10.0100,0.6919,36.903,1,2415,49104,33.3,66.7,44.4,55.6
611,29,512,1,1,1,1,0,1,0,1,0,1,1,1,1,1,1,1,1,1,0.041000,1445,81,10,4,156,14.8800,0.6664,35.543,1,2415,49104,33.3,66.7,0.0,100.0
612,2,512,0,0,0,1,0,1,1,1,0,1,0,1,0,1,0,1,0,1,0.040000,1478,81,10,4,165,10.0100,0.6916,36.886,1,2415,49104,88.9,11.1,11.1,88.9
612,3,512,0,0,0,0,0,1,0,1,0,1,1,1,1,1,1,1,1,1,0.039000,1492,81,10,4,165,12.7900,0.6664,35.543,1,2415,49104,55.6,44.4,22.2,77.8
612,6,512,0,0,1,0,0,0,1,0,1,0,1,1,1,1,1,1,1,1,0.038000,1521,81,10,4,165,11.1200,0.6666,35.554,1,2415,49104,22.2,77.8,55.6,44.4
612,8,512,1,0,0,0,0,1,0,1,1,1,1,1,0,1,0,1,1,1,0.039000,1490,81,10,4,165,10.4600,0.6915,36.879,1,2415,49104,55.6,44.4,22.2,77.8
612,11,512,1,1,0,0,0,0,0,0,1,1,0,1,1,1,1,1,1,1,0.040000,1492,81,10,4,165,2.5300,0.6664,35.543,1,2415,49104,44.4,55.6,33.3,66.7
612,12,512,0,0,0,1,0,0,0,0,1,0,1,1,1,1,1,1,1,1,0.037000,1495,81,10,4,165,11.1400,0.6919,36.903,1,2415,49104,44.4,55.6,44.4,55.6
612,13,512,1,1,1,1,0,1,0,1,1,1,1,1,1,1,1,1,0,1,0.039000,1450,81,10,4,156,11.4700,0.6664,35.543,1,2415,49104,33.3,66.7,0.0,100.0
612,14,512,0,0,1,1,0,1,0,0,1,0,1,1,1,1,1,1,1,1,0.039000,1502,81,10,4,165,11.2200,0.6915,36.879,1,2415,49104,33.3,66.7,33.3,66.7
612,15,512,1,1,1,1,1,1,0,1,0,1,1,1,1,1,1,1,0,1,0.039000,1445,81,10,4,156,11.6000,0.6664,35.543,1,2415,49104,33.3,66.7,0.0,100.0
612,16,512,1,0,0,1,0,1,0,1,0,1,0,1,0,1,0,1,1,1,0.039000,1501,81,10,4,165,10.4200,0.6919,36.903,1,2415,49104,77.8,22.2,11.1,88.9
612,17,512,0,0,0,1,0,1,0,1,0,1,1,1,0,1,0,1,0,1,0.040000,1478,81,10,4,165,10.0200,0.6916,36.886,1,2415,49104,88.9,11.1,11.1,88.9
612,18,512,0,0,0,0,0,1,0,1,0,1,0,1,0,1,0,1,1,1,0.039000,1492,81,10,4,165,10.4200,0.6664,35.543,1,2415,49104,88.9,11.1,22.2,77.8
612,19,512,1,1,1,1,1,1,0,1,1,1,1,1,1,1,1,1,0,1,0.043000,1445,81,10,4,156,11.9100,0.6664,35.543,1,2415,49104,22.2,77.8,0.0,100.0
612,20,512,0,0,0,0,0,1,0,0,1,0,0,1,1,1,1,1,1,1,0.037000,1489,81,10,4,165,10.3700,0.6919,36.903,1,2415,49104,55.6,44.4,44.4,55.6
612,21,512,0,0,0,0,0,1,0,1,0,1,0,1,1,1,1,1,0,1,0.039000,1497,81,10,4,165,10.5500,0.6664,35.543,1,2415,49104,77.8,22.2,22.2,77.8
612,23,512,1,1,1,1,1,1,1,1,1,1,1,1,1,1,0,1,1,1,0.053000,1445,81,10,4,156,13.1000,0.6664,35.543,1,2415,49104,11.1,88.9,0.0,100.0
612,24,512,0,0,1,1,0,0,0,0,1,1,1,1,1,1,1,1,1,1,0.039000,1452,81,10,4,165,11.1900,0.6554,34.954,1,2415,49104,33.3,66.7,33.3,66.7
612,26,512,1,1,0,1,0,1,0,1,0,1,1,1,1,1,1,1,1,1,0.041000,1445,81,10,4,156,14.1500,0.6664,35.543,1,2415,49104,44.4,55.6,0.0,100.0
612,27,512,0,0,0,0,0,0,0,1,0,1,0,0,1,1,1,1,1,1,0.036000,1480,81,10,4,165,10.1200,0.6912,36.862,1,2415,49104,66.7,33.3,44.4,55.6
612,28,512,0,0,0,1,0,0,1,1,1,1,1,1,1,1,1,1,1,1,0.040000,1492,81,10,4,165,11.9800,0.6664,35.543,1,2415,49104,33.3,66.7,22.2,77.8
612,29,512,0,0,1,0,1,1,1,1,1,1,1,1,1,1,1,1,1,1,0.055000,1516,81,10,4,165,13.6700,0.6666,35.554,1,2415,49104,11.1,88.9,22.2,77.8
613,0,512,1,1,0,0,0,1,0,0,1,0,1,1,1,1,1,1,1,1,0.040000,1490,81,10,4,165,3.2600,0.6915,36.879,1,2415,49104,33.3,66.7,33.3,66.7
613,2,512,0,0,1,1,0,0,1,0,1,0,1,1,1,1,1,1,1,1,0.038000,1492,81,10,4,165,11.1200,0.6919,36.903,1,2415,49104,22.2,77.8,44.4,55.6
613,3,512,0,0,0,0,0,0,0,1,0,1,1,1,0,1,1,1,1,1,0.037000,1485,81,10,4,165,10.4700,0.6912,36.862,1,2415,49104,66.7,33.3,33.3,66.7
613,5,512,0,0,0,1,0,1,0,1,0,1,0,1,0,1,0,1,1,1,0.040000,1482,81,10,4,165,10.4200,0.6916,36.886,1,2415,49104,88.9,11.1,11.1,88.9
613,6,512,0,0,0,0,0,1,1,1,0,1,1,1,1,1,1,1,1,1,0.040000,1492,81,10,4,165,13.2800,0.6664,35.543,1,2415,49104,44.4,55.6,22.2,77.8
613,7,512,0,0,1,0,0,0,0,0,1,0,1,1,1,1,1,1,0,1,0.035000,1521,81,10,4,165,10.0200,0.6666,35.554,1,2415,49104,44.4,55.6,55.6,44.4
613,10,512,0,0,0,0,1,1,0,0,1,0,0,1,1,1,1,1,1,1,0.037000,1493,81,10,4,165,10.3400,0.6919,36.903,1,2415,49104,44.4,55.6,44.4,55.6
613,11,512,0,0,1,1,0,1,0,0,1,1,1,1,1,1,1,1,1,1,0.040000,1475,81,10,4,165,11.3500,0.6912,36.862,1,2415,49104,33.3,66.7,22.2,77.8
613,12,512,0,0,0,1,0,0,0,0,1,0,1,1,1,1,1,1,0,1,0.037000,1487,81,10,4,165,10.0200,0.6865,36.616,1,2415,49104,55.6,44.4,44.4,55.6
613,13,512,1,1,0,0,0,1,0,1,0,1,0,1,0,1,0,1,0,1,0.041000,1492,81,10,4,165,2.2200,0.6664,35.543,1,2415,49104,88.9,11.1,11.1,88.9
613,14,512,0,0,1,1,0,1,0,1,1,1,1,1,1,1,1,1,1,1,0.041000,1478,81,10,4,165,13.6000,0.6916,36.886,1,2415,49104,33.3,66.7,11.1,88.9
613,15,512,1,1,0,1,0,0,0,0,1,0,1,1,1,1,1,1,1,1,0.040000,1490,81,10,4,165,3.2200,0.6915,36.879,1,2415,49104,33.3,66.7,33.3,66.7
613,16,512,0,0,1,1,1,1,0,0,0,1,1,1,1,1,1,1,1,1,0.040000,1475,81,10,4,165,11.2500,0.6912,36.862,1,2415,49104,33.3,66.7,22.2,77.8
613,17,512,0,0,0,0,0,0,1,1,1,1,1,1,1,1,1,1,1,0,0.031000,1527,81,10,4,165,8.6500,0.6666,35.554,1,2415,49104,33.3,66.7,44.4,55.6
613,18,512,0,0,0,0,0,0,0,1,1,0,0,1,1,1,1,1,1,1,0.037000,1490,81,10,4,165,10.2800,0.6915,36.879,1,2415,49104,55.6,44.4,44.4,55.6
613,19,512,1,1,0,1,0,1,0,0,1,0,1,1,1,1,1,1,1,1,0.041000,1497,81,10,4,165,3.1600,0.6919,36.903,1,2415,49104,33.3,66.7,22.2,77.8
613,20,512,0,0,1,0,1,1,1,1,1,1,1,1,1,1,1,1,1,0,0.038000,1509,81,10,4,165,17.9100,0.6675,35.598,1,2415,49104,11.1,88.9,33.3,66.7
613,21,512,0,0,0,0,1,1,0,0,1,1,1,1,1,1,1,1,1,1,0.040000,1426,81,10,4,165,11.3600,0.6593,35.161,1,2415,49104,33.3,66.7,33.3,66.7
613,22,512,0,0,0,0,0,1,0,1,0,1,0,1,1,1,1,1,1,1,0.038000,1492,81,10,4,165,11.4400,0.6664,35.543,1,2415,49104,66.7,33.3,22.2,77.8
613,26,512,0,0,0,0,1,1,0,1,1,1,1,1,0,1,1,1,1,1,0.039000,1480,81,10,4,165,11.1100,0.6912,36.862,1,2415,49104,44.4,55.6,22.2,77.8
613,28,512,1,1,0,0,0,0,0,0,1,0,0,1,1,1,1,1,1,1,0.038000,1494,81,10,4,165,2.3400,0.6915,36.879,1,2415,49104,44.4,55.6,44.4,55.6
613,29,512,0,0,0,0,0,1,0,0,1,1,1,1,1,1,1,1,1,1,0.039000,1492,81,10,4,165,11.3500,0.6664,35.543,1,2415,49104,44.4,55.6,33.3,66.7
614,1,512,1,1,1,1,0,1,0,0,1,1,1,1,1,1,1,1,1,1,0.045000,1492,81,10,4,165,4.3500,0.6664,35.543,1,2415,49104,22.2,77.8,11.1,88.9
614,4,512,0,0,1,1,0,0,0,0,1,1,0,1,1,1,1,1,1,1,0.038000,1475,81,10,4,165,10.3300,0.6912,36.862,1,2415,49104,44.4,55.6,33.3,66.7
614,7,512,0,0,0,0,0,0,0,0,0,1,1,1,0,1,1,1,1,1,0.037000,1492,81,10,4,165,10.1800,0.6664,35.543,1,2415,49104,66.7,33.3,44.4,55.6
614,9,512,0,0,0,0,0,1,1,1,1,0,1,1,1,1,1,1,1,1,0.039000,1492,81,10,4,165,11.4000,0.6915,36.879,1,2415,49104,33.3,66.7,33.3,66.7
614,11,512,0,0,0,0,0,1,0,1,0,1,1,1,0,1,0,1,0,1,0.039000,1480,81,10,4,165,10.0200,0.6912,36.862,1,2415,49104,88.9,11.1,22.2,77.8
614,12,512,0,0,1,1,1,1,0,0,1,0,1,1,1,1,1,1,1,1,0.040000,1501,81,10,4,165,11.2300,0.6915,36.879,1,2415,49104,22.2,77.8,33.3,66.7
614,13,512,1,1,1,1,0,1,0,1,1,1,1,1,0,1,1,1,1,1,0.041000,1445,81,10,4,156,12.2200,0.6664,35.543,1,2415,49104,33.3,66.7,0.0,100.0
614,15,512,1,1,1,1,1,1,0,1,0,1,1,1,1,1,0,1,1,1,0.042000,1446,81,10,4,156,12.3000,0.6751,36.005,1,2415,49104,33.3,66.7,0.0,100.0
614,16,512,0,0,1,0,0,0,1,1,1,0,1,1,1,1,1,1,0,1,0.036000,1496,81,10,4,165,10.0500,0.6919,36.903,1,2415,49104,33.3,66.7,44.4,55.6
614,17,512,1,1,0,1,0,1,1,1,1,1,1,1,1,1,1,1,1,1,0.050000,1445,81,10,4,156,16.3800,0.6664,35.543,1,2415,49104,22.2,77.8,0.0,100.0
614,20,512,0,0,0,1,0,1,0,1,0,1,1,1,1,1,1,1,1,1,0.040000,1483,81,10,4,165,12.7900,0.6916,36.886,1,2415,49104,55.6,44.4,11.1,88.9
614,21,512,0,0,1,1,1,1,0,0,1,1,0,0,1,1,1,1,1,1,0.040000,1427,81,10,4,165,10.1900,0.6591,35.151,1,2415,49104,33.3,66.7,33.3,66.7
614,24,512,0,0,0,0,0,1,0,1,1,0,1,1,1,1,1,1,1,1,0.038000,1492,81,10,4,165,11.2600,0.6915,36.879,1,2415,49104,44.4,55.6,33.3,66.7
614,26,512,0,0,1,0,0,0,0,0,0,1,1,1,1,1,1,1,1,1,0.037000,1492,81,10,4,165,11.1200,0.6915,36.879,1,2415,49104,44.4,55.6,44.4,55.6
614,28,512,0,0,0,0,0,0,0,0,1,0,1,1,1,1,1,1,0,1,0.036000,1522,81,10,4,165,10.0200,0.6694,35.701,1,2415,49104,55.6,44.4,55.6,44.4
614,29,512,1,1,0,1,1,1,0,1,0,1,1,1,1,1,1,1,1,1,0.042000,1446,81,10,4,156,15.5200,0.6751,36.005,1,2415,49104,33.3,66.7,0.0,100.0
615,3,512,1,1,1,0,0,0,1,0,1,0,1,1,1,1,1,1,0,1,0.038000,1494,81,10,4,165,2.1200,0.6915,36.879,1,2415,49104,22.2,77.8,44.4,55.6
615,4,512,0,0,0,1,0,0,0,0,0,1,1,1,1,1,1,1,1,1,0.038000,1475,81,10,4,165,11.1200,0.6912,36.862,1,2415,49104,55.6,44.4,33.3,66.7
615,5,512,1,1,1,1,1,1,0,1,0,1,1,1,0,1,1,1,1,1,0.041000,1445,81,10,4,156,12.5400,0.6664,35.543,1,2415,49104,33.3,66.7,0.0,100.0
615,9,512,0,0,0,0,0,0,0,1,1,0,1,1,0,1,1,1,1,1,0.037000,1490,81,10,4,165,10.2000,0.6915,36.879,1,2415,49104,55.6,44.4,44.4,55.6
615,11,512,0,0,0,0,0,1,0,1,1,1,0,1,0,1,0,1,0,1,0.039000,1480,81,10,4,165,10.0600,0.6912,36.862,1,2415,49104,88.9,11.1,22.2,77.8
615,13,512,0,0,0,0,1,1,0,1,1,1,1,1,1,1,1,1,0,1,0.039000,1492,81,10,4,165,10.9300,0.6664,35.543,1,2415,49104,44.4,55.6,22.2,77.8
615,14,512,0,0,0,0,1,1,0,0,0,1,1,1,1,1,1,1,1,1,0.039000,1492,81,10,4,165,11.2500,0.6664,35.543,1,2415,49104,44.4,55.6,33.3,66.7
615,16,512,0,0,0,1,0,1,0,0,1,0,1,1,1,1,1,1,1,1,0.038000,1505,81,10,4,165,11.2200,0.6919,36.903,1,2415,49104,44.4,55.6,33.3,66.7
615,17,512,1,1,0,0,0,0,0,0,1,0,1,1,1,1,1,1,0,1,0.038000,1521,81,10,4,165,2.1500,0.6666,35.554,1,2415,49104,44.4,55.6,44.4,55.6
615,18,512,1,1,1,1,0,0,0,1,1,1,1,1,1,1,1,1,1,1,0.043000,1480,81,10,4,165,4.9100,0.6912,36.862,1,2415,49104,22.2,77.8,11.1,88.9
615,21,512,0,0,1,1,0,0,1,1,1,1,1,1,1,1,1,1,1,1,0.041000,1427,81,10,4,165,11.9800,0.6591,35.151,1,2415,49104,22.2,77.8,22.2,77.8
615,22,512,0,0,1,1,1,1,0,0,1,1,1,1,1,1,1,1,0,0,0.028000,1426,81,10,4,165,7.6800,0.6591,35.151,1,2415,49104,33.3,66.7,33.3,66.7
615,23,512,0,0,1,0,1,1,1,1,0,0,1,1,1,1,1,1,1,0,0.032000,1517,81,10,4,165,8.1200,0.6753,36.016,1,2415,49104,22.2,77.8,44.4,55.6
615,24,512,0,0,0,1,0,0,1,0,1,0,1,1,1,1,1,1,0,1,0.037000,1489,81,10,4,165,10.0100,0.6919,36.903,1,2415,49104,44.4,55.6,44.4,55.6
615,25,512,0,0,1,0,0,1,0,1,0,1,0,1,0,1,0,1,0,1,0.041000,1498,81,10,4,165,10.0100,0.6666,35.550,1,2415,49104,88.9,11.1,22.2,77.8
615,26,512,0,0,0,0,0,1,0,0,1,1,1,1,1,1,1,1,0,1,0.039000,1494,81,10,4,165,10.1200,0.6694,35.702,1,2415,49104,55.6,44.4,33.3,66.7
615,27,512,0,0,1,0,0,0,1,0,1,0,1,1,1,0,1,1,1,1,0.029000,1487,81,10,4,165,9.5800,0.6919,36.903,1,2415,49104,22.2,77.8,66.7,33.3
615,29,512,1,1,1,0,0,1,0,1,1,1,1,1,1,1,1,1,1,1,0.045000,1516,81,10,4,165,7.3400,0.6666,35.554,1,2415,49104,22.2,77.8,11.1,88.9
616,1,512,0,0,1,1,0,0,1,1,0,0,1,1,1,1,1,1,1,1,0.038000,1452,81,10,4,165,11.1600,0.6554,34.954,1,2415,49104,33.3,66.7,33.3,66.7
616,4,512,0,0,0,1,0,1,0,1,0,0,0,1,0,1,1,1,0,1,0.039000,1479,81,10,4,165,9.7000,0.6916,36.886,1,2415,49104,88.9,11.1,22.2,77.8
616,5,512,0,0,0,1,0,0,0,0,1,0,1,1,0,1,1,1,1,1,0.037000,1489,81,10,4,165,10.1900,0.6919,36.903,1,2415,49104,55.6,44.4,44.4,55.6
616,9,512,0,0,0,0,0,1,0,1,0,1,1,1,0,1,1,1,0,1,0.039000,1497,81,10,4,165,10.3000,0.6664,35.543,1,2415,49104,77.8,22.2,22.2,77.8
616,10,512,0,0,1,1,0,1,0,0,0,1,1,1,1,1,1,1,1,1,0.039000,1475,81,10,4,165,11.2600,0.6912,36.862,1,2415,49104,44.4,55.6,22.2,77.8
616,11,512,0,0,0,1,1,1,0,0,1,1,1,1,1,1,1,1,1,1,0.040000,1475,81,10,4,165,11.3600,0.6912,36.862,1,2415,49104,33.3,66.7,22.2,77.8
616,12,512,1,1,0,1,1,1,0,1,1,1,1,1,1,1,1,1,1,1,0.044000,1445,81,10,4,156,17.8000,0.6664,35.543,1,2415,49104,22.2,77.8,0.0,100.0
616,14,512,1,1,0,0,0,1,1,1,1,1,1,1,1,1,1,1,1,1,0.051000,1492,81,10,4,165,7.7000,0.6664,35.543,1,2415,49104,22.2,77.8,11.1,88.9
616,16,512,0,0,0,0,0,1,0,0,1,0,1,1,1,1,1,1,0,1,0.037000,1487,81,10,4,165,10.0800,0.6865,36.616,1,2415,49104,55.6,44.4,44.4,55.6
616,18,512,1,1,0,1,1,1,0,1,0,1,1,1,1,1,1,1,0,1,0.040000,1445,81,10,4,156,11.4400,0.6664,35.543,1,2415,49104,44.4,55.6,0.0,100.0
616,19,512,1,1,1,1,0,1,1,0,0,1,1,1,1,1,1,1,1,1,0.045000,1516,81,10,4,165,4.6000,0.6666,35.554,1,2415,49104,22.2,77.8,11.1,88.9
616,20,512,0,0,0,0,0,1,0,1,0,1,0,1,1,1,1,1,1,0,0.028000,1509,81,10,4,165,5.2900,0.6675,35.598,1,2415,49104,66.7,33.3,33.3,66.7
616,22,512,0,0,1,0,0,0,0,1,1,0,1,1,1,1,1,1,0,1,0.036000,1493,81,10,4,165,10.0400,0.6919,36.903,1,2415,49104,44.4,55.6,44.4,55.6
616,25,512,0,0,0,0,1,1,1,1,1,1,0,1,1,1,1,1,1,1,0.040000,1492,81,10,4,165,10.5500,0.6664,35.543,1,2415,49104,33.3,66.7,22.2,77.8
616,27,512,0,0,1,1,1,1,0,1,0,1,1,1,1,1,1,1,1,1,0.041000,1478,81,10,4,165,12.6900,0.6916,36.886,1,2415,49104,33.3,66.7,11.1,88.9
616,29,512,1,1,1,1,1,1,1,1,0,1,1,1,1,1,1,1,1,1,0.053000,1446,81,10,4,156,18.2000,0.6751,36.005,1,2415,49104,11.1,88.9,0.0,100.0
617,0,512,1,1,0,0,0,1,0,1,1,1,1,1,1,1,1,1,1,1,0.042000,1492,81,10,4,165,7.2700,0.6664,35.543,1,2415,49104,33.3,66.7,11.1,88.9
617,1,512,0,0,1,0,0,1,1,1,1,1,1,1,1,1,1,1,1,0,0.031000,1510,81,10,4,165,17.8400,0.6675,35.598,1,2415,49104,22.2,77.8,33.3,66.7
617,6,512,0,0,0,0,0,0,0,1,1,0,1,1,1,1,1,1,1,1,0.037000,1490,81,10,4,165,11.1400,0.6915,36.879,1,2415,49104,44.4,55.6,44.4,55.6
617,7,512,0,0,0,0,1,1,0,1,1,1,1,1,1,1,1,1,1,0,0.030000,1510,81,10,4,165,7.0800,0.6675,35.598,1,2415,49104,33.3,66.7,33.3,66.7
617,8,512,0,0,0,0,1,1,0,0,1,0,1,1,1,1,1,1,0,1,0.037000,1493,81,10,4,165,10.0900,0.6919,36.903,1,2415,49104,44.4,55.6,44.4,55.6
617,11,512,1,1,1,0,0,0,0,0,1,0,1,1,1,1,1,1,1,1,0.041000,1521,81,10,4,165,3.2000,0.6666,35.554,1,2415,49104,22.2,77.8,44.4,55.6
617,14,512,0,0,0,1,0,0,0,0,1,0,0,1,1,1,1,1,1,1,0.037000,1495,81,10,4,165,10.2900,0.6919,36.903,1,2415,49104,55.6,44.4,44.4,55.6
617,15,512,0,0,0,0,1,1,0,1,0,1,1,1,1,1,1,1,1,1,0.040000,1492,81,10,4,165,12.6900,0.6664,35.543,1,2415,49104,44.4,55.6,22.2,77.8
617,17,512,1,1,1,1,0,1,0,0,0,1,1,1,1,1,1,1,1,1,0.042000,1492,81,10,4,165,4.0900,0.6664,35.543,1,2415,49104,33.3,66.7,11.1,88.9
617,21,512,0,0,1,1,0,0,0,1,0,1,1,1,0,1,1,1,1,1,0.039000,1492,81,10,4,165,10.4700,0.6664,35.543,1,2415,49104,55.6,44.4,22.2,77.8
617,22,512,0,0,0,0,0,1,0,0,1,0,0,1,1,1,1,1,0,1,0.037000,1492,81,10,4,165,9.9400,0.6877,36.675,1,2415,49104,66.7,33.3,44.4,55.6
617,23,512,0,0,0,0,0,1,0,0,1,0,1,1,0,0,1,1,1,1,0.035000,1492,81,10,4,165,9.6000,0.6915,36.879,1,2415,49104,55.6,44.4,55.6,44.4
617,25,512,0,0,1,0,0,0,0,0,1,0,1,1,1,1,0,1,1,1,0.036000,1521,81,10,4,165,10.1200,0.6666,35.554,1,2415,49104,44.4,55.6,55.6,44.4
617,29,512,0,0,1,1,0,0,0,0,0,1,1,1,0,1,1,1,1,1,0.038000,1475,81,10,4,165,10.1800,0.6912,36.862,1,2415,49104,55.6,44.4,33.3,66.7
618,0,512,1,1,0,1,1,1,0,0,1,1,1,1,1,1,1,1,1,1,0.045000,1492,81,10,4,165,4.1000,0.6664,35.543,1,2415,49104,22.2,77.8,11.1,88.9
618,1,512,1,1,0,1,0,1,0,1,0,1,0,1,0,1,0,1,0,1,0.041000,1445,81,10,4,156,9.8400,0.6664,35.543,1,2415,49104,88.9,11.1,0.0,100.0
618,2,512,0,0,1,0,0,1,1,1,0,1,1,1,1,1,1,1,1,0,0.030000,1510,81,10,4,165,6.3100,0.6675,35.598,1,2415,49104,33.3,66.7,33.3,66.7
618,3,512,1,0,1,0,0,0,1,0,1,0,1,1,1,1,1,1,0,1,0.037000,1521,81,10,4,165,10.0100,0.6666,35.554,1,2415,49104,22.2,77.8,55.6,44.4
618,8,512,0,0,0,0,0,0,0,1,1,1,1,1,0,1,1,1,1,1,0.038000,1485,81,10,4,165,10.5200,0.6912,36.862,1,2415,49104,55.6,44.4,33.3,66.7
618,10,512,0,0,0,0,0,1,0,0,0,1,1,1,0,1,1,1,1,1,0.038000,1492,81,10,4,165,10.2700,0.6664,35.543,1,2415,49104,66.7,33.3,33.3,66.7
618,11,512,0,0,1,0,0,0,1,1,1,1,1,1,1,1,1,1,1,0,0.032000,1527,81,10,4,165,8.6500,0.6666,35.554,1,2415,49104,22.2,77.8,44.4,55.6
618,15,512,0,0,0,0,0,0,1,1,1,1,1,1,1,1,0,1,1,1,0.038000,1485,81,10,4,165,10.6100,0.6912,36.862,1,2415,49104,44.4,55.6,33.3,66.7
618,16,512,0,0,1,0,0,1,0,1,1,1,1,1,1,1,1,1,1,1,0.040000,1516,81,10,4,165,13.6000,0.6666,35.554,1,2415,49104,33.3,66.7,22.2,77.8
618,17,512,0,0,1,1,0,1,1,1,1,1,1,1,1,1,1,1,1,0,0.039000,1521,81,10,4,165,17.8400,0.6666,35.554,1,2415,49104,22.2,77.8,22.2,77.8
618,19,512,0,0,0,0,0,0,1,0,1,0,1,1,1,1,1,1,0,1,0.035000,1521,81,10,4,165,10.0100,0.6666,35.554,1,2415,49104,44.4,55.6,55.6,44.4
618,20,512,1,1,1,0,0,1,0,1,0,1,1,1,1,1,1,1,1,1,0.042000,1516,81,10,4,165,6.0100,0.6666,35.554,1,2415,49104,33.3,66.7,11.1,88.9
618,21,512,0,0,1,0,0,1,1,1,1,1,0,0,1,1,1,1,1,0,0.031000,1516,81,10,4,165,7.8200,0.6666,35.554,1,2415,49104,33.3,66.7,44.4,55.6
618,22,512,1,1,1,1,0,1,1,1,1,1,1,1,1,1,1,1,1,0,0.052000,1496,81,10,4,168,6.7700,0.6758,36.040,1,2415,49104,11.1,88.9,11.1,88.9
618,23,512,0,0,0,0,0,1,0,1,0,1,1,1,1,1,1,1,0,1,0.039000,1492,81,10,4,165,10.8700,0.6664,35.543,1,2415,49104,66.7,33.3,22.2,77.8
618,25,512,1,1,0,0,0,0,0,1,0,1,1,1,0,1,1,1,1,1,0.040000,1479,81,10,4,165,3.0700,0.6912,36.862,1,2415,49104,55.6,44.4,22.2,77.8
618,26,512,0,0,0,0,0,0,0,0,0,1,0,0,0,1,0,1,1,1,0.036000,1497,81,10,4,165,9.7700,0.6664,35.543,1,2415,49104,88.9,11.1,55.6,44.4
618,28,512,0,0,1,0,1,1,0,1,1,1,1,1,1,1,1,1,1,1,0.042000,1516,81,10,4,165,13.5600,0.6666,35.554,1,2415,49104,22.2,77.8,22.2,77.8
618,29,512,1,1,1,1,0,1,0,1,0,1,1,1,1,1,0,1,1,1,0.041000,1445,81,10,4,156,11.8400,0.6664,35.543,1,2415,49104,44.4,55.6,0.0,100.0
619,1,512,0,0,0,1,0,1,0,0,0,1,0,1,0,1,0,1,0,1,0.038000,913,59,6,4,145,9.6300,0.4727,25.213,1,2415,49104,100.0,0.0,22.2,77.8
619,3,512,0,0,1,1,1,1,1,0,1,1,1,1,1,1,1,1,1,1,0.055000,1491,81,10,4,165,11.5000,0.6915,36.879,1,2415,49104,11.1,88.9,22.2,77.8
619,6,512,0,0,1,1,0,1,0,1,0,1,1,1,1,1,1,1,1,1,0.040000,1478,81,10,4,165,12.7900,0.6916,36.886,1,2415,49104,44.4,55.6,11.1,88.9
619,7,512,0,0,0,0,1,1,0,1,0,1,1,1,0,1,0,1,0,1,0.039000,1492,81,10,4,165,10.0000,0.6664,35.543,1,2415,49104,77.8,22.2,22.2,77.8
619,10,512,0,0,0,0,0,0,1,1,1,0,1,1,1,1,1,1,0,1,0.037000,1492,81,10,4,165,10.0500,0.6915,36.879,1,2415,49104,44.4,55.6,44.4,55.6
619,11,512,0,0,1,0,0,1,1,1,1,1,1,1,1,1,1,1,1,1,0.042000,1516,81,10,4,165,13.6500,0.6666,35.554,1,2415,49104,22.2,77.8,22.2,77.8
619,13,512,1,1,0,1,1,1,0,1,0,1,0,1,1,1,1,1,1,1,0.041000,1445,81,10,4,156,12.8900,0.6664,35.543,1,2415,49104,44.4,55.6,0.0,100.0
619,17,512,1,1,1,1,0,1,0,1,0,1,0,1,1,1,1,1,1,1,0.041000,1445,81,10,4,156,12.3700,0.6664,35.543,1,2415,49104,44.4,55.6,0.0,100.0
619,18,512,0,0,0,0,0,0,1,1,0,1,1,1,0,1,1,1,1,1,0.038000,1485,81,10,4,165,10.6500,0.6912,36.862,1,2415,49104,55.6,44.4,33.3,66.7
619,19,512,0,0,1,0,0,1,1,1,1,0,1,1,1,1,1,1,1,0,0.032000,1516,81,10,4,165,8.2700,0.6666,35.554,1,2415,49104,22.2,77.8,44.4,55.6
619,20,512,0,0,0,0,0,0,0,0,1,0,1,1,1,1,1,1,1,0,0.031000,1521,81,10,4,165,7.9200,0.6666,35.554,1,2415,49104,44.4,55.6,66.7,33.3
619,21,512,0,0,0,0,0,1,0,1,0,1,1,1,1,1,0,1,0,1,0.039000,1492,81,10,4,165,10.3100,0.6664,35.543,1,2415,49104,77.8,22.2,22.2,77.8
619,23,512,0,0,1,0,1,1,0,0,1,0,1,1,1,1,1,1,1,1,0.038000,1488,81,10,4,165,11.2300,0.6919,36.903,1,2415,49104,22.2,77.8,44.4,55.6
619,26,512,1,1,0,1,0,0,1,1,1,1,1,1,1,1,1,1,1,1,0.051000,1494,81,10,4,165,5.2900,0.6653,35.482,1,2415,49104,22.2,77.8,11.1,88.9
619,28,512,0,0,1,1,0,0,1,1,0,1,1,1,1,1,1,1,1,1,0.040000,1492,81,10,4,165,11.9000,0.6664,35.543,1,2415,49104,33.3,66.7,22.2,77.8
620,3,512,0,0,0,0,0,0,1,0,1,0,1,1,1,1,1,1,1,1,0.036000,1521,81,10,4,165,11.1200,0.6666,35.554,1,2415,49104,33.3,66.7,55.6,44.4
620,5,512,1,1,0,1,1,1,0,1,1,1,1,1,0,1,1,1,1,1,0.042000,1445,81,10,4,156,12.6000,0.6664,35.543,1,2415,49104,33.3,66.7,0.0,100.0
620,7,512,0,0,1,1,0,0,1,0,1,1,1,1,1,1,1,1,0,1,0.037000,1493,81,10,4,165,10.0100,0.6915,36.879,1,2415,49104,33.3,66.7,33.3,66.7
620,9,512,1,1,1,1,0,1,1,1,1,1,1,1,1,1,0,1,1,1,0.044000,1445,81,10,4,156,12.4000,0.6664,35.543,1,2415,49104,22.2,77.8,0.0,100.0
620,10,512,0,0,0,0,0,1,0,1,1,1,1,1,1,1,1,1,0,1,0.039000,1475,81,10,4,165,10.9500,0.6820,36.371,1,2415,49104,55.6,44.4,22.2,77.8
620,11,512,0,0,1,0,0,1,1,1,1,1,1,1,0,1,1,1,1,0,0.030000,1510,81,10,4,165,7.4000,0.6675,35.598,1,2415,49104,33.3,66.7,33.3,66.7
620,14,512,1,1,1,1,0,0,0,0,1,0,1,1,1,1,1,1,0,1,0.038000,1493,81,10,4,165,2.1900,0.6915,36.879,1,2415,49104,33.3,66.7,33.3,66.7
620,15,512,0,0,0,0,0,1,0,1,1,1,1,1,1,1,0,1,1,1,0.039000,1492,81,10,4,165,11.1600,0.6664,35.543,1,2415,49104,55.6,44.4,22.2,77.8
620,16,512,1,1,1,0,1,1,0,1,0,1,1,1,1,1,1,1,1,1,0.045000,1516,81,10,4,165,6.1000,0.6666,35.554,1,2415,49104,22.2,77.8,11.1,88.9
620,18,512,0,0,0,0,0,1,0,0,1,0,1,1,0,1,1,1,1,1,0.037000,1495,81,10,4,165,10.2300,0.6919,36.903,1,2415,49104,55.6,44.4,44.4,55.6
620,20,512,1,1,1,1,1,1,1,1,1,1,1,1,1,1,1,1,1,0,0.059000,1500,81,10,4,168,10.5900,0.6719,35.832,1,2415,49104,0.0,100.0,11.1,88.9
620,22,512,0,0,0,1,1,1,0,1,1,1,1,1,1,1,1,1,1,1,0.041000,1478,81,10,4,165,13.5600,0.6916,36.886,1,2415,49104,33.3,66.7,11.1,88.9
620,23,512,0,0,1,1,1,1,1,1,0,1,1,1,1,1,1,1,1,1,0.041000,1478,81,10,4,165,13.3900,0.6916,36.886,1,2415,49104,22.2,77.8,11.1,88.9
620,25,512,0,0,1,0,0,0,1,0,1,0,1,1,1,1,0,1,0,1,0.035000,1521,81,10,4,165,9.6500,0.6666,35.554,1,2415,49104,44.4,55.6,55.6,44.4
620,26,512,0,0,1,0,0,0,1,1,1,0,1,1,1,1,1,1,1,1,0.038000,1492,81,10,4,165,11.2000,0.6919,36.903,1,2415,49104,22.2,77.8,44.4,55.6
620,27,512,0,0,1,0,0,1,1,1,0,1,1,1,1,1,1,1,1,1,0.040000,1516,81,10,4,165,13.2800,0.6666,35.554,1,2415,49104,33.3,66.7,22.2,77.8
620,28,512,1,1,0,1,1,1,1,1,0,1,1,1,1,1,1,1,1,1,0.044000,1445,81,10,4,156,15.8400,0.6664,35.543,1,2415,49104,22.2,77.8,0.0,100.0
620,29,512,0,0,1,1,1,1,0,1,1,1,1,1,1,1,1,1,1,0,0.039000,1521,81,10,4,165,7.0800,0.6666,35.554,1,2415,49104,22.2,77.8,22.2,77.8
621,1,512,0,0,0,0,0,1,1,0,1,0,1,1,1,1,1,1,0,1,0.037000,1489,81,10,4,165,10.1300,0.6919,36.903,1,2415,49104,44.4,55.6,44.4,55.6
621,3,512,0,0,0,1,0,0,1,1,0,0,1,1,1,1,1,1,1,1,0.038000,1475,81,10,4,165,11.1600,0.6912,36.862,1,2415,49104,44.4,55.6,33.3,66.7
621,5,512,1,1,0,1,1,1,0,1,1,0,1,1,1,1,1,1,1,1,0.045000,1519,81,10,4,165,4.1200,0.6652,35.476,1,2415,49104,22.2,77.8,11.1,88.9
621,9,512,1,1,1,1,0,1,0,1,1,1,0,1,1,1,1,1,1,1,0.041000,1445,81,10,4,156,12.6300,0.6664,35.543,1,2415,49104,33.3,66.7,0.0,100.0
621,10,512,1,1,1,1,1,1,0,1,1,1,1,1,1,1,0,1,1,1,0.044000,1445,81,10,4,156,12.7200,0.6664,35.543,1,2415,49104,22.2,77.8,0.0,100.0
621,11,512,1,1,1,1,0,1,1,0,1,1,1,1,1,1,1,1,1,1,0.054000,1517,81,10,4,165,4.7900,0.6753,36.016,1,2415,49104,11.1,88.9,11.1,88.9
621,15,512,1,1,1,1,0,1,1,1,1,1,1,1,1,1,1,1,0,1,0.043000,1445,81,10,4,156,11.6400,0.6664,35.543,1,2415,49104,22.2,77.8,0.0,100.0
621,19,512,1,1,1,1,0,1,1,1,0,1,1,1,1,1,1,1,1,1,0.044000,1445,81,10,4,156,16.0900,0.6664,35.543,1,2415,49104,22.2,77.8,0.0,100.0
621,21,512,0,0,1,0,0,1,0,1,1,1,1,1,1,1,1,1,1,0,0.030000,1510,81,10,4,165,7.1500,0.6675,35.598,1,2415,49104,33.3,66.7,33.3,66.7
621,22,512,0,0,1,1,0,0,1,1,1,1,1,1,1,1,1,1,1,0,0.031000,1509,81,10,4,165,8.6500,0.6675,35.598,1,2415,49104,22.2,77.8,33.3,66.7
621,26,512,1,1,1,0,1,1,0,1,1,1,1,1,1,1,1,1,1,1,0.054000,1516,81,10,4,165,7.6900,0.6666,35.554,1,2415,49104,11.1,88.9,11.1,88.9
622,2,512,0,0,1,0,0,1,1,1,1,1,0,1,1,1,1,1,1,0,0.030000,1510,81,10,4,165,6.5400,0.6675,35.598,1,2415,49104,33.3,66.7,33.3,66.7
622,3,512,0,0,1,0,0,1,1,0,1,0,1,1,1,1,1,1,0,1,0.036000,1496,81,10,4,165,10.1300,0.6919,36.903,1,2415,49104,33.3,66.7,44.4,55.6
622,4,512,0,0,0,0,0,1,0,1,1,0,0,1,0,1,0,1,0,1,0.038000,1485,81,10,4,165,9.6400,0.6659,35.516,1,2415,49104,88.9,11.1,33.3,66.7
622,6,512,0,0,1,0,0,1,0,1,0,1,1,1,1,1,1,1,1,1,0.040000,1516,81,10,4,165,12.7900,0.6666,35.554,1,2415,49104,44.4,55.6,22.2,77.8
622,11,512,0,0,1,0,0,0,1,1,0,1,1,1,1,1,1,1,0,1,0.038000,1502,81,10,4,165,10.3500,0.6915,36.879,1,2415,49104,44.4,55.6,33.3,66.7
622,12,512,0,0,1,1,1,1,1,1,1,0,1,1,1,1,1,1,1,0,0.038000,1509,81,10,4,165,8.2700,0.6675,35.598,1,2415,49104,11.1,88.9,33.3,66.7
622,16,512,1,1,1,1,0,1,0,1,1,1,0,1,1,1,1,1,1,0,0.040000,1496,81,10,4,168,3.5200,0.6758,36.040,1,2415,49104,33.3,66.7,11.1,88.9
622,19,512,0,0,1,0,0,1,1,1,1,1,1,1,1,1,1,1,0,1,0.038000,1521,81,10,4,165,11.0700,0.6666,35.554,1,2415,49104,33.3,66.7,22.2,77.8
622,21,512,0,0,1,0,0,0,1,0,1,0,1,1,1,1,1,1,1,0,0.032000,1521,81,10,4,165,7.9200,0.6666,35.554,1,2415,49104,22.2,77.8,66.7,33.3
622,22,512,0,0,0,0,0,0,0,0,0,0,1,1,1,1,1,1,1,1,0.036000,1431,81,10,4,165,11.0900,0.6593,35.161,1,2415,49104,55.6,44.4,55.6,44.4
622,25,512,0,0,1,0,0,0,1,1,1,0,1,1,0,1,1,1,0,1,0.036000,1493,81,10,4,165,9.7600,0.6919,36.903,1,2415,49104,44.4,55.6,44.4,55.6
623,0,512,1,1,0,1,1,1,1,1,1,1,1,1,1,1,1,1,1,1,0.053000,1445,81,10,4,156,19.9400,0.6664,35.543,1,2415,49104,11.1,88.9,0.0,100.0
623,6,512,0,0,1,0,0,1,1,0,1,0,1,1,1,1,1,1,1,0,0.032000,1516,81,10,4,165,8.0600,0.6666,35.554,1,2415,49104,22.2,77.8,55.6,44.4
623,7,512,0,0,0,1,1,1,0,1,0,1,0,1,0,1,0,1,0,1,0.040000,1478,81,10,4,165,9.9900,0.6916,36.886,1,2415,49104,88.9,11.1,11.1,88.9
623,10,512,1,1,0,0,1,1,0,1,0,1,1,1,1,1,1,1,1,1,0.042000,1493,81,10,4,165,5.9500,0.6751,36.005,1,2415,49104,33.3,66.7,11.1,88.9
623,13,512,0,0,0,0,1,1,0,0,0,0,1,1,1,1,1,1,1,1,0.039000,1427,81,10,4,165,11.1800,0.6591,35.151,1,2415,49104,44.4,55.6,44.4,55.6
623,22,512,1,1,1,0,0,1,1,1,1,1,1,1,1,1,1,1,1,0,0.049000,1517,81,10,4,165,6.5700,0.6753,36.016,1,2415,49104,11.1,88.9,22.2,77.8
623,23,512,0,0,1,1,1,1,1,1,0,0,1,1,1,1,1,1,1,0,0.031000,1510,81,10,4,165,8.1200,0.6761,36.060,1,2415,49104,22.2,77.8,33.3,66.7
623,24,512,0,0,0,1,1,1,0,1,0,1,1,1,1,1,1,1,1,1,0.040000,1478,81,10,4,165,12.6900,0.6916,36.886,1,2415,49104,44.4,55.6,11.1,88.9
623,25,512,1,1,1,0,0,0,1,1,1,1,1,1,1,1,1,1,1,0,0.037000,1493,81,10,4,165,6.2100,0.6915,36.879,1,2415,49104,11.1,88.9,33.3,66.7
623,27,512,0,0,0,0,1,1,1,0,1,0,1,1,1,1,1,1,0,1,0.036000,1492,81,10,4,165,10.1100,0.6919,36.903,1,2415,49104,33.3,66.7,44.4,55.6
623,29,512,0,0,1,1,1,1,0,0,1,1,0,1,1,1,1,1,1,1,0.040000,1475,81,10,4,165,10.4300,0.6912,36.862,1,2415,49104,33.3,66.7,22.2,77.8
624,1,512,1,1,1,0,0,1,1,0,1,0,1,1,1,1,1,1,0,1,0.039000,1489,81,10,4,165,2.2000,0.6915,36.879,1,2415,49104,22.2,77.8,33.3,66.7
624,8,512,1,1,0,0,0,0,1,1,1,1,1,1,1,1,1,1,1,1,0.050000,1456,81,10,4,165,4.9500,0.6554,34.954,1,2415,49104,22.2,77.8,22.2,77.8
624,11,512,0,0,0,1,1,1,0,1,1,1,1,1,0,0,1,1,1,1,0.040000,1492,81,10,4,165,9.6800,0.6664,35.543,1,2415,49104,44.4,55.6,22.2,77.8
624,12,512,1,1,1,1,1,1,1,1,0,0,1,1,1,1,1,1,1,1,0.054000,1425,81,10,4,165,4.1500,0.6592,35.155,1,2415,49104,11.1,88.9,11.1,88.9
624,13,512,1,1,0,0,0,0,1,0,1,0,1,1,1,1,1,1,0,1,0.038000,1521,81,10,4,165,2.0900,0.6666,35.554,1,2415,49104,33.3,66.7,44.4,55.6
624,18,512,0,0,1,0,0,1,1,0,1,0,1,1,0,1,1,1,0,1,0.037000,1496,81,10,4,165,9.8000,0.6877,36.675,1,2415,49104,44.4,55.6,44.4,55.6
624,24,512,0,0,0,1,0,1,1,0,1,0,1,1,1,1,1,1,0,1,0.038000,1505,81,10,4,165,10.1300,0.6919,36.903,1,2415,49104,44.4,55.6,33.3,66.7
624,25,512,0,0,0,0,0,1,0,0,0,0,1,1,1,1,1,1,1,1,0.037000,1483,81,10,4,165,11.1700,0.6916,36.886,1,2415,49104,55.6,44.4,44.4,55.6
624,26,512,1,1,1,1,0,1,0,1,1,1,1,1,1,1,1,1,1,0,0.041000,1499,81,10,4,168,4.7700,0.6718,35.830,1,2415,49104,22.2,77.8,11.1,88.9
624,29,512,1,1,1,1,0,1,0,1,1,1,1,1,1,1,0,1,1,1,0.042000,1445,81,10,4,156,12.0900,0.6664,35.543,1,2415,49104,33.3,66.7,0.0,100.0
625,1,512,0,0,0,0,0,1,0,0,0,1,1,1,1,1,1,1,1,1,0.039000,1492,81,10,4,165,11.2600,0.6664,35.543,1,2415,49104,55.6,44.4,33.3,66.7
625,4,512,1,1,1,1,1,1,1,0,1,1,1,1,1,1,1,1,1,1,0.060000,1516,81,10,4,165,5.2100,0.6666,35.554,1,2415,49104,0.0,100.0,11.1,88.9
625,6,512,0,0,0,0,1,1,0,1,0,1,0,1,1,1,1,1,1,1,0.039000,1492,81,10,4,165,11.3000,0.6664,35.543,1,2415,49104,55.6,44.4,22.2,77.8
625,7,512,0,0,0,0,0,1,0,1,0,0,0,1,0,1,0,1,0,1,0.036000,913,59,6,4,145,9.6300,0.4727,25.213,1,2415,49104,100.0,0.0,33.3,66.7
625,8,512,0,0,0,0,0,0,0,0,0,0,1,1,1,1,1,1,0,1,0.036000,1497,81,10,4,165,10.0000,0.6664,35.543,1,2415,49104,66.7,33.3,55.6,44.4
625,9,512,0,0,1,1,0,0,1,1,1,0,1,1,1,1,1,1,0,1,0.037000,1495,81,10,4,165,10.0500,0.6915,36.879,1,2415,49104,33.3,66.7,33.3,66.7
625,11,512,0,0,1,1,1,1,0,0,1,1,1,1,1,1,1,1,0,1,0.038000,1475,81,10,4,165,10.1200,0.6912,36.862,1,2415,49104,33.3,66.7,22.2,77.8
625,13,512,0,0,0,0,0,1,1,1,1,1,1,1,1,1,1,1,1,1,0.040000,1492,81,10,4,165,13.6500,0.6664,35.543,1,2415,49104,33.3,66.7,22.2,77.8
625,14,512,0,0,1,0,0,1,1,1,1,1,1,1,1,1,0,1,1,0,0.030000,1510,81,10,4,165,16.5700,0.6675,35.598,1,2415,49104,33.3,66.7,33.3,66.7
625,16,512,0,0,1,0,0,1,1,0,1,0,1,1,1,1,1,1,1,1,0.038000,1495,81,10,4,165,11.3000,0.6919,36.903,1,2415,49104,22.2,77.8,44.4,55.6
625,18,512,0,0,0,0,0,1,0,0,0,1,0,1,0,1,1,1,0,1,0.039000,1492,81,10,4,165,9.7200,0.6664,35.543,1,2415,49104,88.9,11.1,33.3,66.7
625,20,512,0,0,0,0,0,0,0,0,0,1,1,1,1,1,1,1,1,1,0.038000,1492,81,10,4,165,11.1200,0.6664,35.543,1,2415,49104,55.6,44.4,44.4,55.6
625,21,512,0,0,0,1,0,1,0,1,0,0,0,1,0,1,0,1,0,1,0.038000,909,59,6,4,145,9.6300,0.4726,25.207,1,2415,49104,100.0,0.0,22.2,77.8
625,22,512,1,1,0,1,1,1,1,1,1,1,0,1,1,1,1,1,1,1,0.044000,1445,81,10,4,156,13.4800,0.6664,35.543,1,2415,49104,22.2,77.8,0.0,100.0
625,23,512,1,1,0,0,0,1,0,0,0,0,1,1,1,1,1,1,1,1,0.039000,1480,81,10,4,165,3.1700,0.6912,36.862,1,2415,49104,44.4,55.6,33.3,66.7
625,25,512,0,0,0,0,0,1,1,1,1,1,1,1,1,1,1,1,1,0,0.030000,1510,81,10,4,165,17.8400,0.6675,35.598,1,2415,49104,33.3,66.7,33.3,66.7
625,26,512,0,0,1,1,1,1,1,1,0,0,1,1,1,1,1,1,1,1,0.041000,1427,81,10,4,165,11.4000,0.6591,35.151,1,2415,49104,22.2,77.8,22.2,77.8
625,27,512,1,1,0,1,0,0,0,1,0,1,1,1,1,1,1,1,1,1,0.042000,1494,81,10,4,165,4.6400,0.6653,35.482,1,2415,49104,44.4,55.6,11.1,88.9
626,2,512,0,0,0,0,0,0,0,1,1,1,1,1,1,1,1,1,0,1,0.038000,1490,81,10,4,165,10.2400,0.6820,36.371,1,2415,49104,55.6,44.4,33.3,66.7
626,4,512,0,0,0,0,0,0,1,1,1,1,0,0,0,1,1,1,1,1,0.037000,1480,81,10,4,165,9.9800,0.6912,36.862,1,2415,49104,55.6,44.4,44.4,55.6
626,6,512,1,1,0,1,0,1,0,0,0,1,1,1,1,1,1,1,1,1,0.042000,1492,81,10,4,165,3.4600,0.6664,35.543,1,2415,49104,44.4,55.6,11.1,88.9
626,7,512,0,0,0,0,1,1,0,0,0,0,1,1,1,1,1,1,0,1,0.037000,1478,81,10,4,165,10.0700,0.6916,36.886,1,2415,49104,55.6,44.4,44.4,55.6
626,9,512,0,0,1,1,0,1,1,1,0,0,1,1,1,1,1,1,1,1,0.040000,1477,81,10,4,165,11.3500,0.6921,36.910,1,2415,49104,33.3,66.7,22.2,77.8
626,10,512,0,0,0,0,0,1,1,1,1,1,1,1,1,1,0,1,1,0,0.029000,1510,81,10,4,165,16.5700,0.6675,35.598,1,2415,49104,44.4,55.6,33.3,66.7
626,12,512,0,0,1,0,0,0,1,1,1,1,1,1,1,1,0,1,1,0,0.031000,1527,81,10,4,165,8.1500,0.6666,35.554,1,2415,49104,33.3,66.7,44.4,55.6
626,13,512,0,0,1,0,0,1,1,1,1,1,1,1,1,1,0,1,1,1,0.040000,1516,81,10,4,165,11.2300,0.6666,35.554,1,2415,49104,33.3,66.7,22.2,77.8
626,14,512,0,0,1,1,1,1,1,1,0,0,1,1,1,1,0,1,1,1,0.040000,1477,81,10,4,165,10.3000,0.6921,36.910,1,2415,49104,33.3,66.7,22.2,77.8
626,15,512,0,0,0,0,0,0,0,0,0,0,1,1,0,1,1,1,0,1,0.035000,1490,81,10,4,165,9.7000,0.6873,36.658,1,2415,49104,77.8,22.2,55.6,44.4
626,16,512,1,1,1,1,0,1,0,1,0,1,1,1,1,1,1,1,1,0,0.040000,1496,81,10,4,168,3.1000,0.6758,36.040,1,2415,49104,33.3,66.7,11.1,88.9
626,20,512,0,0,1,0,0,1,1,1,0,0,1,1,1,1,0,1,1,0,0.031000,1516,81,10,4,165,7.5600,0.6666,35.554,1,2415,49104,44.4,55.6,44.4,55.6
626,21,512,1,1,1,1,1,1,0,1,1,1,1,1,1,1,1,1,1,0,0.052000,1496,81,10,4,168,6.3200,0.6758,36.040,1,2415,49104,11.1,88.9,11.1,88.9
626,22,512,0,0,0,0,0,0,0,1,0,0,1,1,1,1,1,1,0,1,0.037000,1479,81,10,4,165,10.0100,0.6916,36.886,1,2415,49104,66.7,33.3,44.4,55.6
626,25,512,0,0,1,0,0,0,0,0,1,0,1,1,1,1,0,1,0,1,0.036000,1521,81,10,4,165,9.6700,0.6666,35.554,1,2415,49104,55.6,44.4,55.6,44.4
626,27,512,0,0,0,0,0,1,0,0,0,1,0,1,1,1,1,1,1,1,0.038000,1492,81,10,4,165,10.2900,0.6664,35.543,1,2415,49104,66.7,33.3,33.3,66.7
627,1,512,0,0,0,0,0,1,1,1,1,1,0,1,0,0,1,1,1,1,0.038000,1480,81,10,4,165,9.7400,0.6912,36.862,1,2415,49104,55.6,44.4,33.3,66.7
627,3,512,0,0,1,0,0,1,1,1,1,1,1,1,0,0,1,1,1,0,0.031000,1516,81,10,4,165,7.7300,0.6666,35.554,1,2415,49104,33.3,66.7,44.4,55.6
627,5,512,0,0,0,0,0,1,0,1,0,1,1,1,0,1,0,1,0,0,0.029000,1486,81,10,4,165,4.3700,0.6673,35.587,1,2415,49104,88.9,11.1,33.3,66.7
627,8,512,1,1,0,0,1,1,0,1,1,1,1,1,1,1,1,1,1,1,0.043000,1480,81,10,4,165,7.4900,0.6912,36.862,1,2415,49104,22.2,77.8,11.1,88.9
627,9,512,1,1,0,0,0,0,0,0,0,0,1,1,1,1,1,1,1,1,0.039000,1431,81,10,4,165,3.1600,0.6591,35.151,1,2415,49104,44.4,55.6,44.4,55.6
627,10,512,0,0,0,1,0,1,0,1,1,1,0,0,0,1,0,1,0,1,0.039000,1475,81,10,4,165,9.6100,0.6912,36.862,1,2415,49104,88.9,11.1,22.2,77.8
627,11,512,0,0,1,0,0,1,1,1,1,1,1,1,1,1,0,1,0,1,0.039000,1516,81,10,4,165,10.4800,0.6666,35.554,1,2415,49104,44.4,55.6,22.2,77.8
627,14,512,1,1,0,1,1,1,0,1,1,1,1,1,1,1,1,1,0,1,0.039000,1450,81,10,4,156,11.6000,0.6664,35.543,1,2415,49104,33.3,66.7,0.0,100.0
627,15,512,0,0,1,0,0,1,1,1,0,1,1,1,1,1,0,1,1,0,0.029000,1510,81,10,4,165,6.2200,0.6675,35.598,1,2415,49104,44.4,55.6,33.3,66.7
627,16,512,0,0,1,0,0,0,0,0,1,0,1,1,1,1,1,1,1,0,0.031000,1521,81,10,4,165,7.9200,0.6666,35.554,1,2415,49104,33.3,66.7,66.7,33.3
627,18,512,0,0,0,0,0,1,1,1,1,1,1,1,1,1,0,1,0,1,0.039000,1480,81,10,4,165,10.4800,0.6912,36.862,1,2415,49104,55.6,44.4,22.2,77.8
627,19,512,1,1,0,1,1,1,1,1,1,1,1,1,1,1,1,1,1,0,0.052000,1496,81,10,4,168,6.6400,0.6758,36.040,1,2415,49104,11.1,88.9,11.1,88.9
627,21,512,1,1,1,1,1,1,0,1,0,0,1,1,1,1,1,1,1,1,0.045000,1494,81,10,4,165,3.8100,0.6653,35.482,1,2415,49104,22.2,77.8,11.1,88.9
627,24,512,0,0,0,0,0,1,1,1,0,1,1,1,1,1,0,1,1,0,0.029000,1510,81,10,4,165,6.2200,0.6675,35.598,1,2415,49104,55.6,44.4,33.3,66.7
627,26,512,0,0,1,0,1,1,0,0,1,0,1,1,1,1,1,1,0,1,0.036000,1489,81,10,4,165,10.0900,0.6919,36.903,1,2415,49104,33.3,66.7,44.4,55.6
628,4,512,1,0,1,1,0,0,1,1,1,1,1,1,1,1,1,1,1,1,0.051000,1517,81,10,4,165,11.9800,0.6753,36.016,1,2415,49104,11.1,88.9,22.2,77.8
628,6,512,0,0,0,0,0,1,0,1,1,1,1,1,1,1,0,1,1,0,0.029000,1510,81,10,4,165,6.3800,0.6675,35.598,1,2415,49104,55.6,44.4,33.3,66.7
628,10,512,0,0,0,0,0,0,1,1,0,0,1,1,1,1,1,1,0,1,0.037000,1483,81,10,4,165,10.0200,0.6916,36.886,1,2415,49104,55.6,44.4,44.4,55.6
628,11,512,1,1,0,1,0,1,1,1,0,1,1,1,1,1,1,1,1,1,0.041000,1445,81,10,4,156,14.9700,0.6664,35.543,1,2415,49104,33.3,66.7,0.0,100.0
628,14,512,0,0,1,1,0,1,1,1,1,1,1,1,1,1,0,1,1,0,0.037000,1521,81,10,4,165,16.5700,0.6666,35.554,1,2415,49104,33.3,66.7,22.2,77.8
628,23,512,0,0,0,0,0,1,0,0,1,1,1,1,1,1,0,1,1,0,0.030000,1516,81,10,4,165,7.8100,0.6666,35.554,1,2415,49104,55.6,44.4,44.4,55.6
628,29,512,0,0,0,0,0,1,1,1,1,1,1,1,1,1,0,1,1,1,0.040000,1492,81,10,4,165,11.2300,0.6664,35.543,1,2415,49104,44.4,55.6,22.2,77.8
629,0,512,1,1,0,1,0,1,0,1,1,1,1,1,1,1,1,1,1,1,0.041000,1445,81,10,4,156,15.6700,0.6664,35.543,1,2415,49104,33.3,66.7,0.0,100.0
629,4,512,0,0,1,1,0,0,1,1,1,1,1,1,0,1,1,1,1,1,0.040000,1492,81,10,4,165,10.7900,0.6664,35.543,1,2415,49104,33.3,66.7,22.2,77.8
629,6,512,0,1,1,1,0,1,0,1,1,1,1,1,1,1,1,1,1,1,0.041000,1445,81,10,4,156,14.3800,0.6664,35.543,1,2415,49104,33.3,66.7,0.0,100.0
629,15,512,0,0,0,1,0,1,1,1,1,1,1,1,1,1,0,1,1,0,0.037000,1521,81,10,4,165,16.5700,0.6666,35.554,1,2415,49104,44.4,55.6,22.2,77.8
629,19,512,1,1,0,0,0,1,0,1,0,1,1,1,1,1,1,1,1,1,0.042000,1492,81,10,4,165,5.9800,0.6664,35.543,1,2415,49104,44.4,55.6,11.1,88.9
629,21,512,0,0,1,1,0,1,1,1,1,1,1,1,1,1,0,1,1,1,0.041000,1486,81,10,4,165,11.2300,0.6916,36.886,1,2415,49104,33.3,66.7,11.1,88.9
629,22,512,0,0,1,1,0,0,1,1,0,0,1,1,1,1,0,1,1,1,0.039000,1492,81,10,4,165,10.1300,0.6664,35.543,1,2415,49104,44.4,55.6,33.3,66.7
629,23,512,1,1,0,1,1,1,0,1,1,1,1,1,1,1,0,1,1,1,0.042000,1445,81,10,4,156,12.1800,0.6664,35.543,1,2415,49104,33.3,66.7,0.0,100.0
629,26,512,0,0,0,0,0,1,1,1,1,1,1,1,0,1,1,1,1,1,0.040000,1492,81,10,4,165,11.4100,0.6664,35.543,1,2415,49104,44.4,55.6,22.2,77.8
629,28,512,0,0,0,0,1,1,1,1,1,1,1,1,1,1,0,1,1,0,0.030000,1510,81,10,4,165,16.5900,0.6675,35.598,1,2415,49104,33.3,66.7,33.3,66.7
630,2,512,0,0,1,0,0,1,0,0,1,0,1,1,1,1,1,1,0,1,0.037000,1489,81,10,4,165,10.0800,0.6919,36.903,1,2415,49104,44.4,55.6,44.4,55.6
630,7,512,1,1,0,1,0,1,0,1,1,1,1,1,0,0,1,1,1,1,0.042000,1492,81,10,4,165,2.0200,0.6664,35.543,1,2415,49104,44.4,55.6,11.1,88.9
630,10,512,0,0,0,0,1,1,1,1,1,1,1,1,1,1,1,1,1,0,0.031000,1509,81,10,4,165,17.9100,0.6675,35.598,1,2415,49104,22.2,77.8,33.3,66.7
630,14,512,0,0,0,0,0,0,1,1,0,0,1,1,1,1,1,1,1,1,0.038000,1427,81,10,4,165,11.1600,0.6591,35.151,1,2415,49104,44.4,55.6,44.4,55.6
630,15,512,0,0,0,0,0,0,0,1,0,1,0,1,1,1,1,1,1,1,0.037000,1485,81,10,4,165,10.6000,0.6912,36.862,1,2415,49104,66.7,33.3,33.3,66.7
630,17,512,0,0,0,0,0,1,0,0,0,0,1,1,1,1,1,1,0,1,0.037000,1479,81,10,4,165,10.0600,0.6916,36.886,1,2415,49104,66.7,33.3,44.4,55.6
630,21,512,0,0,1,1,0,0,0,0,0,0,1,1,1,1,1,1,1,1,0.038000,1427,81,10,4,165,11.0900,0.6591,35.151,1,2415,49104,44.4,55.6,44.4,55.6
630,22,512,1,1,1,1,0,1,1,1,0,0,1,1,1,1,1,1,1,1,0.045000,1494,81,10,4,165,3.7100,0.6653,35.482,1,2415,49104,22.2,77.8,11.1,88.9
630,27,512,0,0,0,0,0,1,1,1,1,1,1,1,1,1,0,0,1,0,0.030000,1516,81,10,4,165,16.9700,0.6666,35.554,1,2415,49104,44.4,55.6,44.4,55.6
631,5,512,1,1,0,1,1,1,1,1,1,1,1,1,1,1,0,1,1,1,0.044000,1445,81,10,4,156,12.4200,0.6664,35.543,1,2415,49104,22.2,77.8,0.0,100.0
631,8,512,0,0,0,0,1,1,1,1,0,0,1,1,1,1,1,1,1,0,0.031000,1516,81,10,4,165,8.1200,0.6666,35.554,1,2415,49104,33.3,66.7,44.4,55.6
631,11,512,1,1,0,0,0,1,1,1,1,1,1,1,1,1,0,1,1,0,0.039000,1516,81,10,4,165,4.2400,0.6666,35.554,1,2415,49104,33.3,66.7,22.2,77.8
631,12,512,1,1,0,0,1,1,1,1,1,1,1,1,1,1,0,1,1,0,0.041000,1516,81,10,4,165,4.4000,0.6666,35.554,1,2415,49104,22.2,77.8,22.2,77.8
631,15,512,0,0,0,0,1,1,1,1,0,1,1,1,1,0,1,1,1,0,0.031000,1516,81,10,4,165,6.2500,0.6666,35.554,1,2415,49104,33.3,66.7,44.4,55.6
631,19,512,0,0,0,0,0,0,0,0,0,0,1,1,0,1,1,1,1,1,0.035000,1497,81,10,4,165,10.1300,0.6664,35.543,1,2415,49104,66.7,33.3,55.6,44.4
631,25,512,0,0,0,0,0,1,1,1,1,1,0,1,1,1,0,1,1,0,0.029000,1510,81,10,4,165,6.4200,0.6675,35.598,1,2415,49104,55.6,44.4,33.3,66.7
631,28,512,0,0,0,0,1,1,1,1,1,1,1,1,0,1,1,1,1,0,0.030000,1510,81,10,4,165,7.5000,0.6675,35.598,1,2415,49104,33.3,66.7,33.3,66.7
632,1,512,0,0,0,0,1,1,0,1,1,1,1,1,1,1,0,1,1,0,0.029000,1510,81,10,4,165,6.3200,0.6675,35.598,1,2415,49104,44.4,55.6,33.3,66.7
632,6,512,0,0,0,0,1,1,1,1,1,1,0,1,1,1,1,1,1,0,0.030000,1510,81,10,4,165,6.5700,0.6675,35.598,1,2415,49104,33.3,66.7,33.3,66.7
632,9,512,0,0,0,0,0,1,0,1,0,1,0,1,1,0,0,1,0,1,0.038000,1488,81,10,4,165,9.4100,0.6659,35.516,1,2415,49104,88.9,11.1,33.3,66.7
632,12,512,0,0,0,0,0,1,1,1,0,1,0,1,0,1,1,1,0,1,0.039000,1496,81,10,4,165,10.1700,0.6664,35.543,1,2415,49104,77.8,22.2,22.2,77.8
632,15,512,0,0,0,0,0,0,0,1,0,0,1,1,0,1,1,1,1,1,0.036000,1480,81,10,4,165,10.1300,0.6912,36.862,1,2415,49104,66.7,33.3,44.4,55.6
632,25,512,0,0,1,1,1,1,0,0,1,1,1,1,1,1,0,1,1,1,0.040000,1475,81,10,4,165,10.2500,0.6912,36.862,1,2415,49104,33.3,66.7,22.2,77.8
633,1,512,0,0,0,0,0,0,0,0,0,0,1,1,1,1,1,1,1,0,0.031000,1521,81,10,4,165,7.9000,0.6666,35.554,1,2415,49104,55.6,44.4,66.7,33.3
633,5,512,0,0,0,0,0,0,0,0,0,0,1,1,0,0,1,1,1,1,0.028000,1426,81,10,4,165,9.5700,0.6593,35.161,1,2415,49104,66.7,33.3,66.7,33.3
633,6,512,0,0,0,0,0,1,0,1,1,1,1,1,1,1,1,1,1,0,0.029000,1510,81,10,4,165,7.1500,0.6675,35.598,1,2415,49104,44.4,55.6,33.3,66.7
633,9,512,0,0,1,1,0,0,1,1,0,0,1,1,1,1,1,1,1,0,0.031000,1516,81,10,4,165,8.0700,0.6666,35.554,1,2415,49104,33.3,66.7,44.4,55.6
633,10,512,0,0,0,0,0,1,1,1,1,1,0,0,1,1,1,1,1,1,0.038000,1474,81,10,4,165,10.3000,0.6916,36.886,1,2415,49104,44.4,55.6,33.3,66.7
633,12,512,0,0,0,0,0,1,1,1,1,1,1,1,0,0,0,1,1,1,0.038000,1480,81,10,4,165,9.5600,0.6912,36.862,1,2415,49104,55.6,44.4,33.3,66.7
633,13,512,1,1,0,0,0,0,0,0,0,0,1,1,0,1,1,1,1,1,0.039000,1497,81,10,4,165,2.2800,0.6664,35.543,1,2415,49104,55.6,44.4,44.4,55.6
633,15,512,0,0,0,0,1,1,1,1,1,1,1,1,1,1,0,1,1,1,0.040000,1492,81,10,4,165,11.2500,0.6664,35.543,1,2415,49104,33.3,66.7,22.2,77.8
633,19,512,0,0,0,0,0,1,1,1,0,0,1,1,1,1,0,1,1,0,0.030000,1516,81,10,4,165,7.5600,0.6666,35.554,1,2415,49104,55.6,44.4,44.4,55.6
633,24,512,1,1,0,1,1,1,1,1,1,1,1,1,1,1,1,1,0,1,0.043000,1445,81,10,4,156,11.7400,0.6664,35.543,1,2415,49104,22.2,77.8,0.0,100.0
634,0,512,0,0,0,1,0,0,0,0,0,0,1,1,1,1,1,1,0,1,0.037000,1479,81,10,4,165,10.0000,0.6916,36.886,1,2415,49104,66.7,33.3,44.4,55.6
634,9,512,0,0,0,1,0,1,0,1,1,1,1,1,1,1,1,1,1,1,0.041000,1500,81,10,4,165,13.6000,0.6664,35.543,1,2415,49104,44.4,55.6,11.1,88.9
634,11,512,0,0,0,0,0,1,0,0,1,1,1,1,1,1,0,0,1,0,0.030000,1516,81,10,4,165,7.4800,0.6666,35.554,1,2415,49104,55.6,44.4,55.6,44.4
634,15,512,1,1,0,0,1,1,1,1,1,1,1,1,1,1,1,1,1,0,0.050000,1516,81,10,4,165,6.9900,0.6666,35.554,1,2415,49104,11.1,88.9,22.2,77.8
634,16,512,1,1,1,1,1,1,1,1,1,1,1,1,1,1,0,0,1,1,0.053000,1427,81,10,4,165,2.3300,0.6591,35.151,1,2415,49104,11.1,88.9,11.1,88.9
634,25,512,0,0,0,0,0,1,1,1,1,1,1,1,1,1,0,0,0,1,0.038000,1492,81,10,4,165,9.4000,0.6664,35.543,1,2415,49104,55.6,44.4,33.3,66.7
634,27,512,0,0,0,0,0,0,1,1,1,1,1,1,1,1,0,1,1,0,0.031000,1527,81,10,4,165,8.1500,0.6666,35.554,1,2415,49104,44.4,55.6,44.4,55.6
634,29,512,0,0,0,0,0,1,0,1,0,1,0,1,0,1,0,1,1,0,0.029000,1494,81,10,4,165,4.7800,0.6674,35.594,1,2415,49104,88.9,11.1,33.3,66.7
635,5,512,0,0,0,0,0,1,0,1,1,1,1,1,1,1,0,0,1,0,0.030000,1516,81,10,4,165,6.3200,0.6666,35.554,1,2415,49104,55.6,44.4,44.4,55.6
635,8,512,0,0,0,1,0,1,0,1,1,1,0,1,0,1,0,1,1,1,0.040000,1499,81,10,4,165,10.4600,0.6664,35.543,1,2415,49104,77.8,22.2,11.1,88.9
635,16,512,1,1,0,0,0,0,0,0,0,0,1,1,1,1,1,1,0,1,0.038000,1497,81,10,4,165,2.1200,0.6664,35.543,1,2415,49104,55.6,44.4,44.4,55.6
635,19,512,0,0,1,1,0,0,1,1,1,1,1,1,1,1,1,1,0,1,0.038000,1497,81,10,4,165,10.4200,0.6664,35.543,1,2415,49104,33.3,66.7,22.2,77.8
635,22,512,1,1,0,1,0,1,0,1,1,1,0,1,1,1,1,1,1,1,0.041000,1445,81,10,4,156,12.1800,0.6664,35.543,1,2415,49104,44.4,55.6,0.0,100.0
635,25,512,0,0,0,0,1,1,1,1,0,1,1,1,1,1,0,1,1,0,0.029000,1510,81,10,4,165,6.2600,0.6675,35.598,1,2415,49104,44.4,55.6,33.3,66.7
635,27,512,0,0,1,1,0,0,0,0,0,0,1,1,0,1,1,1,1,1,0.037000,1475,81,10,4,165,10.1300,0.6912,36.862,1,2415,49104,55.6,44.4,44.4,55.6
635,28,512,1,1,0,1,1,1,0,1,0,0,1,1,1,1,1,1,1,1,0.042000,1495,81,10,4,165,4.1000,0.6669,35.567,1,2415,49104,33.3,66.7,11.1,88.9
636,2,512,1,1,0,0,1,1,1,1,0,1,1,1,1,1,1,1,1,0,0.041000,1516,81,10,4,165,3.3100,0.6666,35.554,1,2415,49104,22.2,77.8,22.2,77.8
636,3,512,0,0,1,1,0,0,0,0,0,0,1,1,1,1,1,1,0,1,0.037000,1478,81,10,4,165,10.0000,0.6916,36.886,1,2415,49104,55.6,44.4,44.4,55.6
636,6,512,0,0,0,0,1,1,0,0,0,0,1,1,0,1,1,1,1,1,0.037000,1480,81,10,4,165,10.2000,0.6912,36.862,1,2415,49104,55.6,44.4,44.4,55.6
636,13,512,1,1,0,0,0,1,0,1,1,1,1,1,0,0,1,1,1,1,0.040000,1483,81,10,4,165,2.0200,0.6916,36.886,1,2415,49104,44.4,55.6,22.2,77.8
636,17,512,0,0,0,0,0,1,0,0,0,0,1,1,0,1,1,1,1,1,0.036000,1475,81,10,4,165,10.1800,0.6912,36.862,1,2415,49104,66.7,33.3,44.4,55.6
636,28,512,0,0,0,1,0,1,1,1,0,1,1,0,0,1,0,1,0,1,0.039000,1492,81,10,4,165,9.5200,0.6915,36.879,1,2415,49104,77.8,22.2,22.2,77.8
636,29,512,0,0,0,0,0,1,1,1,1,1,1,1,1,1,0,1,0,0,0.029000,1486,81,10,4,165,16.1900,0.6673,35.587,1,2415,49104,55.6,44.4,33.3,66.7
637,2,512,1,1,0,0,0,1,0,1,0,1,0,1,1,1,1,1,1,1,0.041000,1492,81,10,4,165,4.2600,0.6664,35.543,1,2415,49104,55.6,44.4,11.1,88.9
637,5,512,0,0,1,1,1,1,1,1,1,1,1,1,0,1,1,1,1,0,0.039000,1521,81,10,4,165,7.5000,0.6666,35.554,1,2415,49104,22.2,77.8,22.2,77.8
637,9,512,1,1,1,1,0,0,0,0,1,1,1,1,1,1,1,1,1,1,0.043000,1426,81,10,4,165,3.8600,0.6593,35.161,1,2415,49104,22.2,77.8,22.2,77.8
637,10,512,1,1,1,1,1,1,0,1,1,1,0,0,1,1,1,1,1,1,0.045000,1492,81,10,4,165,2.7900,0.6664,35.543,1,2415,49104,22.2,77.8,11.1,88.9
637,12,512,1,1,0,1,1,1,0,1,1,1,1,1,1,1,1,1,1,0,0.041000,1499,81,10,4,168,4.5700,0.6718,35.830,1,2415,49104,22.2,77.8,11.1,88.9
637,15,512,0,0,0,0,1,1,1,1,1,1,0,0,1,1,0,1,1,0,0.031000,1516,81,10,4,165,7.4900,0.6666,35.554,1,2415,49104,44.4,55.6,44.4,55.6
637,16,512,1,1,0,1,1,1,1,1,1,1,1,1,0,1,1,1,1,1,0.044000,1445,81,10,4,156,12.7200,0.6664,35.543,1,2415,49104,22.2,77.8,0.0,100.0
637,18,512,0,0,0,0,0,1,1,1,1,1,1,1,1,1,0,0,1,1,0.039000,1492,81,10,4,165,9.6700,0.6664,35.543,1,2415,49104,44.4,55.6,33.3,66.7
637,23,512,0,0,0,0,1,1,0,0,1,1,1,1,1,1,0,1,1,1,0.039000,1492,81,10,4,165,10.2500,0.6664,35.543,1,2415,49104,44.4,55.6,33.3,66.7
638,1,512,0,0,1,1,1,1,1,1,1,1,1,1,1,1,0,1,1,0,0.039000,1521,81,10,4,165,16.5900,0.6666,35.554,1,2415,49104,22.2,77.8,22.2,77.8
638,6,512,0,0,0,0,0,0,1,1,0,0,1,1,0,1,1,1,1,1,0.038000,1492,81,10,4,165,10.1600,0.6664,35.543,1,2415,49104,55.6,44.4,44.4,55.6
638,7,512,0,0,0,0,0,0,0,0,0,0,1,1,1,1,0,1,1,1,0.035000,1497,81,10,4,165,10.0900,0.6664,35.543,1,2415,49104,66.7,33.3,55.6,44.4
638,11,512,0,0,1,1,0,0,0,0,1,1,1,1,1,1,0,0,1,1,0.038000,1427,81,10,4,165,9.5300,0.6591,35.151,1,2415,49104,44.4,55.6,44.4,55.6
638,16,512,0,0,0,0,1,1,1,1,1,1,0,1,1,1,0,1,1,0,0.029000,1510,81,10,4,165,6.3700,0.6675,35.598,1,2415,49104,44.4,55.6,33.3,66.7
638,20,512,0,0,0,1,1,1,1,1,1,1,1,1,1,1,1,1,1,0,0.039000,1521,81,10,4,165,17.9100,0.6666,35.554,1,2415,49104,22.2,77.8,22.2,77.8
638,22,512,1,1,1,1,0,1,1,1,0,0,1,1,1,1,0,0,1,1,0.040000,1480,81,10,4,165,1.9300,0.6912,36.862,1,2415,49104,33.3,66.7,22.2,77.8
638,27,512,0,0,0,0,1,1,0,1,1,1,1,1,1,1,0,1,0,0,0.029000,1486,81,10,4,165,5.9100,0.6673,35.587,1,2415,49104,55.6,44.4,33.3,66.7
639,0,512,0,0,1,1,0,1,1,1,0,0,1,1,1,1,0,1,1,0,0.029000,1510,81,10,4,165,7.5600,0.6675,35.598,1,2415,49104,44.4,55.6,33.3,66.7
639,1,512,0,0,0,0,0,0,1,1,0,0,1,1,1,1,0,1,1,1,0.037000,1479,81,10,4,165,10.1300,0.6916,36.886,1,2415,49104,55.6,44.4,44.4,55.6
639,4,512,0,0,1,1,0,1,1,1,1,1,1,1,1,1,0,1,0,0,0.037000,1497,81,10,4,165,16.1900,0.6664,35.543,1,2415,49104,44.4,55.6,22.2,77.8
639,8,512,1,1,0,1,0,1,0,1,1,1,1,1,1,1,0,0,1,1,0.040000,1480,81,10,4,165,2.0800,0.6912,36.862,1,2415,49104,44.4,55.6,11.1,88.9
639,10,512,0,0,1,1,0,0,1,1,1,1,1,1,1,1,0,1,1,0,0.030000,1510,81,10,4,165,8.1500,0.6675,35.598,1,2415,49104,33.3,66.7,33.3,66.7
639,28,512,0,0,0,0,0,0,0,0,0,0,1,1,0,1,0,1,1,1,0.036000,1495,81,10,4,165,9.7600,0.6664,35.543,1,2415,49104,77.8,22.2,55.6,44.4
640,6,512,1,1,0,1,0,1,0,1,0,0,1,1,1,1,1,1,1,1,0.042000,1494,81,10,4,165,3.3800,0.6653,35.482,1,2415,49104,44.4,55.6,11.1,88.9
640,8,512,0,0,0,0,0,0,0,0,1,1,1,1,1,1,0,1,1,1,0.038000,1492,81,10,4,165,10.1500,0.6664,35.543,1,2415,49104,55.6,44.4,44.4,55.6
640,12,512,0,0,1,1,0,0,0,1,0,0,1,1,1,1,1,1,1,1,0.038000,1475,81,10,4,165,11.0900,0.6912,36.862,1,2415,49104,44.4,55.6,33.3,66.7
640,15,512,0,0,0,0,1,1,1,1,0,0,1,1,1,1,0,1,1,1,0.038000,1475,81,10,4,165,10.3000,0.6912,36.862,1,2415,49104,44.4,55.6,33.3,66.7
640,18,512,0,0,0,1,0,0,0,0,0,0,1,1,0,1,1,1,1,1,0.036000,1483,81,10,4,165,10.1300,0.6916,36.886,1,2415,49104,66.7,33.3,44.4,55.6
640,26,512,1,1,0,0,0,0,0,0,0,0,1,1,1,1,0,1,1,1,0.038000,1480,81,10,4,165,2.2100,0.6912,36.862,1,2415,49104,55.6,44.4,44.4,55.6
640,27,512,0,0,1,1,0,0,0,0,0,0,1,1,1,1,0,1,1,1,0.037000,1480,81,10,4,165,10.0900,0.6912,36.862,1,2415,49104,55.6,44.4,44.4,55.6
641,3,512,0,0,0,0,0,0,0,0,0,0,1,1,1,1,0,1,1,0,0.030000,1521,81,10,4,165,7.4800,0.6666,35.554,1,2415,49104,66.7,33.3,66.7,33.3
641,6,512,0,0,0,1,0,1,0,1,0,1,0,1,0,1,0,0,1,1,0.039000,1475,81,10,4,165,9.3400,0.6912,36.862,1,2415,49104,88.9,11.1,22.2,77.8
641,14,512,0,0,0,1,0,0,0,0,0,0,1,1,1,1,0,1,1,1,0.036000,1483,81,10,4,165,10.0900,0.6916,36.886,1,2415,49104,66.7,33.3,44.4,55.6
641,15,512,0,0,0,0,0,1,1,1,1,1,1,1,0,1,0,1,1,0,0.029000,1510,81,10,4,165,6.9700,0.6675,35.598,1,2415,49104,55.6,44.4,33.3,66.7
641,16,512,1,1,1,1,1,1,0,1,1,1,1,1,1,1,0,0,1,1,0.042000,1480,81,10,4,165,2.2300,0.6912,36.862,1,2415,49104,22.2,77.8,11.1,88.9
641,20,512,0,0,0,0,1,1,0,0,0,1,1,1,1,1,1,1,1,0,0.031000,1516,81,10,4,165,7.9300,0.6666,35.554,1,2415,49104,44.4,55.6,44.4,55.6
641,28,512,0,0,0,0,1,1,1,1,0,1,1,1,1,1,1,1,1,0,0.030000,1510,81,10,4,165,6.3600,0.6675,35.598,1,2415,49104,33.3,66.7,33.3,66.7
642,4,512,0,0,0,1,1,1,1,1,0,1,1,1,1,1,1,1,1,0,0.037000,1521,81,10,4,165,6.3600,0.6666,35.554,1,2415,49104,33.3,66.7,22.2,77.8
642,7,512,0,0,0,1,1,1,0,1,1,1,1,1,1,1,1,1,1,0,0.037000,1521,81,10,4,165,7.0800,0.6666,35.554,1,2415,49104,33.3,66.7,22.2,77.8
642,12,512,0,0,1,1,0,0,0,1,1,1,1,1,1,1,1,1,1,1,0.040000,1492,81,10,4,165,11.5700,0.6664,35.543,1,2415,49104,33.3,66.7,22.2,77.8
642,20,512,0,0,1,1,0,1,0,0,1,1,1,1,1,1,0,1,0,0,0.029000,1474,81,10,4,165,7.4100,0.6912,36.862,1,2415,49104,55.6,44.4,33.3,66.7
642,23,512,1,1,0,0,0,0,0,0,1,1,1,1,1,1,1,1,1,1,0.041000,1426,81,10,4,165,3.4100,0.6593,35.161,1,2415,49104,33.3,66.7,33.3,66.7
642,25,512,1,1,1,1,1,1,1,1,1,1,1,1,1,1,1,1,0,0,0.047000,1454,78,10,4,161,8.6000,0.6679,35.623,1,2415,49104,11.1,88.9,11.1,88.9
642,26,512,0,0,1,1,0,1,0,0,1,1,1,1,1,1,0,1,1,1,0.039000,1475,81,10,4,165,10.2500,0.6912,36.862,1,2415,49104,44.4,55.6,22.2,77.8
643,1,512,0,0,0,0,0,1,0,0,0,0,1,1,1,1,0,1,1,1,0.036000,1475,81,10,4,165,10.1400,0.6912,36.862,1,2415,49104,66.7,33.3,44.4,55.6
643,4,512,1,1,0,1,0,1,0,1,0,1,0,1,1,0,0,1,0,1,0.041000,1516,81,10,4,165,1.5900,0.6666,35.554,1,2415,49104,77.8,22.2,11.1,88.9
643,13,512,1,1,0,1,1,1,0,1,1,1,1,1,1,1,0,0,1,1,0.042000,1480,81,10,4,165,2.1200,0.6912,36.862,1,2415,49104,33.3,66.7,11.1,88.9
643,23,512,0,0,1,1,0,1,0,1,1,1,1,1,1,1,0,1,0,0,0.037000,1497,81,10,4,165,5.9600,0.6664,35.543,1,2415,49104,55.6,44.4,22.2,77.8
643,27,512,0,0,1,1,1,1,0,0,0,0,1,1,1,1,1,1,1,1,0.039000,1463,81,10,4,165,11.1800,0.6554,34.954,1,2415,49104,33.3,66.7,33.3,66.7
644,4,512,1,1,0,1,1,1,1,1,0,0,1,1,1,1,1,1,1,1,0.045000,1494,81,10,4,165,4.0800,0.6653,35.482,1,2415,49104,22.2,77.8,11.1,88.9
644,7,512,1,1,0,1,1,1,1,1,1,1,1,1,1,1,0,0,1,1,0.043000,1480,81,10,4,165,2.1800,0.6912,36.862,1,2415,49104,22.2,77.8,11.1,88.9
644,8,512,0,0,0,0,1,1,0,0,1,1,1,1,0,1,1,1,1,1,0.039000,1492,81,10,4,165,10.3600,0.6664,35.543,1,2415,49104,44.4,55.6,33.3,66.7
644,12,512,0,0,0,0,0,0,0,0,0,0,1,1,1,1,1,1,0,0,0.030000,1431,81,10,4,165,7.3700,0.6593,35.161,1,2415,49104,66.7,33.3,66.7,33.3
644,16,512,0,0,1,1,1,1,1,1,1,1,0,1,1,1,1,1,1,1,0.041000,1478,81,10,4,165,11.7500,0.6916,36.886,1,2415,49104,22.2,77.8,11.1,88.9
644,17,512,1,1,1,1,1,1,0,1,1,1,0,1,1,1,1,1,1,1,0.044000,1445,81,10,4,156,13.7600,0.6664,35.543,1,2415,49104,22.2,77.8,0.0,100.0
644,20,512,0,0,1,1,0,1,1,1,1,1,1,1,1,1,0,0,1,0,0.029000,1491,81,10,4,165,16.9700,0.6915,36.879,1,2415,49104,33.3,66.7,33.3,66.7
644,21,512,0,0,0,0,1,1,0,0,0,0,1,1,1,1,0,1,1,1,0.037000,1480,81,10,4,165,10.1500,0.6912,36.862,1,2415,49104,55.6,44.4,44.4,55.6
645,0,512,0,0,1,1,1,1,1,1,1,1,1,1,1,1,0,0,1,0,0.030000,1488,81,10,4,165,17.0500,0.6915,36.879,1,2415,49104,22.2,77.8,33.3,66.7
645,6,512,1,1,0,1,1,1,0,1,1,1,1,1,0,0,1,1,1,1,0.043000,1492,81,10,4,165,2.0100,0.6664,35.543,1,2415,49104,33.3,66.7,11.1,88.9
645,13,512,0,0,1,1,0,1,1,1,1,1,1,1,1,1,0,0,1,1,0.039000,1475,81,10,4,165,9.6700,0.6912,36.862,1,2415,49104,33.3,66.7,22.2,77.8
645,18,512,1,1,1,1,0,1,1,1,1,1,1,0,1,1,1,1,1,1,0.054000,1517,81,10,4,165,2.3100,0.6753,36.016,1,2415,49104,11.1,88.9,11.1,88.9
645,19,512,0,0,0,1,0,1,0,1,0,1,0,1,1,1,0,0,0,1,0.039000,1475,81,10,4,165,9.0200,0.6912,36.862,1,2415,49104,88.9,11.1,22.2,77.8
645,22,512,0,0,1,1,0,1,1,1,1,1,1,1,0,1,0,0,1,0,0.029000,1491,81,10,4,165,6.7500,0.6915,36.879,1,2415,49104,44.4,55.6,33.3,66.7
646,1,512,0,0,1,1,0,1,1,1,1,1,0,1,1,1,0,1,0,0,0.037000,1502,81,10,4,165,5.4600,0.6664,35.543,1,2415,49104,55.6,44.4,22.2,77.8
646,9,512,1,1,1,1,0,1,1,1,1,1,0,1,1,1,1,1,1,1,0.044000,1445,81,10,4,156,13.4500,0.6664,35.543,1,2415,49104,22.2,77.8,0.0,100.0
646,10,512,1,1,0,1,0,1,0,0,1,1,1,1,1,1,1,1,1,1,0.042000,1492,81,10,4,165,3.6700,0.6664,35.543,1,2415,49104,33.3,66.7,11.1,88.9
646,11,512,1,1,1,1,0,1,1,1,1,1,1,1,1,1,0,1,1,0,0.041000,1496,81,10,4,168,5.1700,0.6758,36.040,1,2415,49104,22.2,77.8,11.1,88.9
646,18,512,1,1,0,0,0,1,0,1,0,1,0,1,0,1,1,1,0,1,0.041000,1492,81,10,4,165,2.4200,0.6664,35.543,1,2415,49104,77.8,22.2,11.1,88.9
646,19,512,0,0,0,0,1,1,1,1,1,1,1,1,1,1,0,0,1,0,0.031000,1516,81,10,4,165,17.0500,0.6666,35.554,1,2415,49104,33.3,66.7,44.4,55.6
646,21,512,1,1,0,1,1,1,1,1,0,1,1,1,1,1,1,1,0,0,0.039000,1453,81,10,4,165,2.3700,0.6754,36.023,1,2415,49104,33.3,66.7,11.1,88.9
646,23,512,0,0,1,1,1,1,1,1,1,1,1,1,1,1,0,0,0,0,0.028000,1426,81,10,4,165,16.7600,0.6591,35.151,1,2415,49104,33.3,66.7,33.3,66.7
647,1,512,0,0,0,0,0,1,1,0,1,1,1,1,1,1,0,1,1,0,0.031000,1516,81,10,4,165,7.8000,0.6666,35.554,1,2415,49104,44.4,55.6,44.4,55.6
647,3,512,0,0,0,0,0,0,0,0,0,0,1,1,0,1,1,1,1,0,0.030000,1521,81,10,4,165,7.4400,0.6666,35.554,1,2415,49104,66.7,33.3,66.7,33.3
647,8,512,0,0,1,1,1,1,1,1,1,1,1,1,1,1,0,0,1,1,0.041000,1452,81,10,4,165,9.6700,0.6554,34.954,1,2415,49104,22.2,77.8,22.2,77.8
647,22,512,0,0,1,1,0,0,1,1,1,1,1,1,1,1,0,0,1,0,0.031000,1516,81,10,4,165,7.8100,0.6666,35.554,1,2415,49104,33.3,66.7,44.4,55.6
648,6,512,0,0,0,0,0,0,0,0,1,1,1,1,0,1,1,1,0,1,0.038000,1492,81,10,4,165,9.7700,0.6664,35.543,1,2415,49104,66.7,33.3,44.4,55.6
648,13,512,0,0,0,1,1,1,1,1,1,1,1,1,1,1,0,1,1,0,0.038000,1521,81,10,4,165,16.5900,0.6666,35.554,1,2415,49104,33.3,66.7,22.2,77.8
648,15,512,1,1,0,0,1,1,1,1,1,1,1,1,1,1,0,0,1,0,0.032000,1516,81,10,4,165,5.2900,0.6666,35.554,1,2415,49104,22.2,77.8,33.3,66.7
648,25,512,0,0,1,1,0,1,1,1,0,1,0,1,0,1,0,1,0,1,0.040000,1484,81,10,4,165,10.0100,0.6873,36.658,1,2415,49104,77.8,22.2,11.1,88.9
648,26,512,0,0,1,1,0,0,1,1,1,1,1,1,1,0,1,1,1,1,0.039000,1488,81,10,4,165,9.6300,0.6919,36.903,1,2415,49104,22.2,77.8,33.3,66.7
649,3,512,0,0,1,1,1,1,1,1,0,1,1,1,1,1,0,0,1,0,0.029000,1491,81,10,4,165,6.0900,0.6915,36.879,1,2415,49104,33.3,66.7,33.3,66.7
649,4,512,0,0,1,1,1,1,1,1,1,1,0,1,1,1,0,0,0,0,0.028000,1479,81,10,4,165,5.1200,0.6912,36.862,1,2415,49104,44.4,55.6,33.3,66.7
649,9,512,0,0,0,0,0,1,1,1,0,1,0,1,0,1,0,1,1,1,0.039000,1492,81,10,4,165,10.4000,0.6664,35.543,1,2415,49104,77.8,22.2,22.2,77.8
649,10,512,0,0,1,1,1,1,0,0,1,1,1,1,1,1,0,0,1,1,0.039000,1454,81,10,4,165,9.5600,0.6554,34.954,1,2415,49104,33.3,66.7,33.3,66.7
649,25,512,0,0,0,0,0,1,0,1,0,1,0,1,0,1,0,0,0,1,0.036000,916,59,6,4,145,9.0100,0.4727,25.208,1,2415,49104,100.0,0.0,33.3,66.7
649,26,512,0,0,0,0,0,0,0,0,0,0,1,1,0,1,0,0,1,1,0.029000,1492,81,10,4,165,9.3200,0.6664,35.543,1,2415,49104,77.8,22.2,66.7,33.3
650,3,512,0,0,0,0,1,1,1,1,0,0,1,1,1,1,0,1,1,0,0.031000,1516,81,10,4,165,7.5000,0.6666,35.554,1,2415,49104,44.4,55.6,44.4,55.6
650,4,512,0,0,1,1,1,1,1,1,0,0,1,1,1,1,0,0,1,0,0.031000,1516,81,10,4,165,7.2700,0.6666,35.554,1,2415,49104,33.3,66.7,44.4,55.6
650,6,512,0,0,1,1,1,1,1,1,1,1,0,1,1,1,0,0,1,0,0.029000,1491,81,10,4,165,6.3400,0.6915,36.879,1,2415,49104,33.3,66.7,33.3,66.7
650,7,512,1,1,1,1,0,1,1,1,1,1,1,1,1,1,0,0,1,0,0.041000,1516,81,10,4,165,5.3300,0.6666,35.554,1,2415,49104,22.2,77.8,22.2,77.8
650,10,512,0,0,0,1,0,1,0,1,0,1,0,1,0,1,0,0,0,1,0.038000,913,59,6,4,145,9.0100,0.4727,25.213,1,2415,49104,100.0,0.0,22.2,77.8
650,11,512,0,0,0,0,0,1,1,1,1,1,0,0,1,1,0,1,1,0,0.030000,1516,81,10,4,165,7.5400,0.6666,35.554,1,2415,49104,55.6,44.4,44.4,55.6
650,12,512,0,0,1,1,0,1,1,1,1,1,1,1,1,1,0,0,0,0,0.028000,1479,81,10,4,165,16.7100,0.6912,36.862,1,2415,49104,44.4,55.6,33.3,66.7
650,15,512,0,0,1,1,1,1,1,1,1,1,1,1,1,1,0,1,0,0,0.036000,1497,81,10,4,165,16.1700,0.6664,35.543,1,2415,49104,33.3,66.7,22.2,77.8
650,23,512,0,0,0,0,1,1,1,1,1,1,1,1,1,1,1,1,0,0,0.028000,1424,80,10,4,163,17.2900,0.6593,35.161,1,2415,49104,33.3,66.7,33.3,66.7
650,28,512,1,1,1,1,0,1,1,1,1,1,1,1,1,1,1,1,0,0,0.041000,1453,81,10,4,165,5.7800,0.6754,36.023,1,2415,49104,22.2,77.8,11.1,88.9
651,3,512,0,0,1,1,1,1,0,1,1,1,1,1,1,1,0,0,0,0,0.028000,1474,81,10,4,165,5.8300,0.6912,36.862,1,2415,49104,44.4,55.6,33.3,66.7
651,7,512,1,1,1,1,1,1,1,1,1,1,1,1,1,1,0,0,0,0,0.039000,1426,81,10,4,165,7.7900,0.6593,35.161,1,2415,49104,22.2,77.8,22.2,77.8
651,11,512,0,0,1,1,0,0,0,0,1,1,1,1,1,1,0,1,1,1,0.038000,1480,81,10,4,165,10.1500,0.6912,36.862,1,2415,49104,44.4,55.6,33.3,66.7
651,12,512,0,0,0,0,0,1,1,1,1,1,1,1,0,1,1,1,1,0,0.029000,1510,81,10,4,165,7.4000,0.6675,35.598,1,2415,49104,44.4,55.6,33.3,66.7
651,14,512,0,0,0,0,0,1,1,1,1,1,1,1,1,1,1,0,1,0,0.031000,1516,81,10,4,165,17.3000,0.6666,35.554,1,2415,49104,33.3,66.7,44.4,55.6
651,17,512,0,0,0,0,0,0,1,1,1,1,1,1,1,1,1,1,0,0,0.029000,1437,81,10,4,165,8.0100,0.6593,35.161,1,2415,49104,44.4,55.6,44.4,55.6
651,22,512,0,0,1,1,0,0,0,0,1,1,1,1,1,1,1,1,1,0,0.031000,1516,81,10,4,165,8.2200,0.6666,35.554,1,2415,49104,33.3,66.7,44.4,55.6
651,23,512,0,0,0,1,1,1,1,1,1,1,1,1,1,1,0,1,0,0,0.036000,1497,81,10,4,165,16.1700,0.6664,35.543,1,2415,49104,44.4,55.6,22.2,77.8
651,27,512,0,0,1,1,0,1,1,1,0,0,1,1,1,1,0,0,0,0,0.030000,1492,81,10,4,165,7.1000,0.6664,35.543,1,2415,49104,55.6,44.4,44.4,55.6
651,29,512,0,0,1,1,1,1,1,1,1,1,1,1,1,1,1,1,0,0,0.038000,1431,81,10,4,165,17.2900,0.6593,35.161,1,2415,49104,22.2,77.8,22.2,77.8
652,0,512,0,0,1,1,0,0,1,1,1,1,1,1,1,1,0,0,0,0,0.029000,1426,81,10,4,165,7.5500,0.6593,35.164,1,2415,49104,44.4,55.6,44.4,55.6
652,1,512,1,1,1,1,1,1,0,1,1,1,1,1,1,1,1,1,0,0,0.041000,1453,81,10,4,165,4.9400,0.6754,36.023,1,2415,49104,22.2,77.8,11.1,88.9
652,14,512,0,0,1,1,1,1,1,1,1,1,0,0,1,1,0,0,0,0,0.029000,1426,81,10,4,165,6.7800,0.6593,35.161,1,2415,49104,44.4,55.6,44.4,55.6
652,28,512,1,1,0,1,1,1,1,1,1,1,1,1,1,1,0,1,0,0,0.039000,1453,81,10,4,165,4.0300,0.6754,36.023,1,2415,49104,33.3,66.7,11.1,88.9
653,4,512,0,0,1,1,0,1,1,1,1,1,1,1,1,1,1,1,0,0,0.036000,1502,81,10,4,165,17.2000,0.6664,35.543,1,2415,49104,33.3,66.7,22.2,77.8
653,5,512,0,0,0,0,1,1,1,1,1,1,1,1,1,1,0,0,0,0,0.029000,1426,81,10,4,165,16.7600,0.6593,35.161,1,2415,49104,44.4,55.6,44.4,55.6
653,6,512,0,1,0,0,1,1,1,1,1,1,1,1,1,1,1,1,0,0,0.037000,1497,81,10,4,165,5.1400,0.6664,35.543,1,2415,49104,33.3,66.7,22.2,77.8
653,9,512,0,0,1,1,1,1,0,0,1,1,1,1,1,1,0,0,1,0,0.031000,1516,81,10,4,165,7.4900,0.6666,35.554,1,2415,49104,33.3,66.7,44.4,55.6
653,13,512,1,1,0,1,1,1,1,1,1,1,0,0,1,1,1,1,1,1,0.045000,1492,81,10,4,165,2.6200,0.6664,35.543,1,2415,49104,22.2,77.8,11.1,88.9
653,21,512,0,0,1,1,1,1,1,1,1,1,1,0,1,1,1,1,1,1,0.055000,1490,81,10,4,165,10.2500,0.6919,36.903,1,2415,49104,11.1,88.9,22.2,77.8
653,27,512,0,0,0,1,1,1,0,1,1,1,1,1,1,1,0,1,0,0,0.037000,1497,81,10,4,165,5.9100,0.6664,35.543,1,2415,49104,55.6,44.4,22.2,77.8
654,0,512,1,1,0,1,0,1,1,1,1,1,1,1,1,1,1,1,0,0,0.039000,1453,81,10,4,165,4.3300,0.6754,36.023,1,2415,49104,33.3,66.7,11.1,88.9
654,3,512,0,0,0,1,0,1,0,1,0,1,0,1,0,1,0,1,0,0,0.036000,920,59,6,4,145,3.9400,0.4727,25.208,1,2415,49104,100.0,0.0,22.2,77.8
654,5,512,0,0,0,0,0,1,1,1,1,1,1,1,1,1,1,0,1,1,0.039000,1516,81,10,4,165,9.6800,0.6666,35.554,1,2415,49104,33.3,66.7,33.3,66.7
654,6,512,1,1,1,1,0,1,1,1,1,1,1,1,1,1,0,0,1,1,0.042000,1480,81,10,4,165,2.2400,0.6912,36.862,1,2415,49104,22.2,77.8,11.1,88.9
654,8,512,1,1,1,1,1,1,1,1,1,1,1,1,1,1,0,0,1,0,0.050000,1516,81,10,4,165,8.2000,0.6666,35.554,1,2415,49104,11.1,88.9,22.2,77.8
654,10,512,0,0,1,1,1,1,1,1,0,0,1,1,1,1,0,0,0,1,0.037000,1478,81,10,4,165,9.2800,0.6916,36.886,1,2415,49104,44.4,55.6,33.3,66.7
654,11,512,0,0,0,0,1,1,0,0,1,1,1,1,1,1,1,1,1,0,0.031000,1516,81,10,4,165,8.2800,0.6666,35.554,1,2415,49104,33.3,66.7,44.4,55.6
654,12,512,0,0,0,1,0,1,1,1,1,1,1,1,1,1,1,1,1,1,0.041000,1499,81,10,4,165,13.6500,0.6664,35.543,1,2415,49104,33.3,66.7,11.1,88.9
654,17,512,0,0,0,0,1,1,1,1,1,1,1,1,1,1,1,0,1,0,0.032000,1516,81,10,4,165,17.4000,0.6666,35.554,1,2415,49104,22.2,77.8,44.4,55.6
654,18,512,0,0,1,1,1,1,0,1,0,0,1,1,1,1,1,1,1,1,0.040000,1477,81,10,4,165,11.1000,0.6921,36.910,1,2415,49104,33.3,66.7,22.2,77.8
654,19,512,1,1,1,1,0,0,1,1,0,0,1,1,1,1,1,1,1,1,0.042000,1452,81,10,4,165,3.4700,0.6554,34.954,1,2415,49104,22.2,77.8,22.2,77.8
654,21,512,0,0,1,1,1,1,0,0,1,1,1,1,1,1,0,0,0,0,0.029000,1426,81,10,4,165,7.2000,0.6593,35.161,1,2415,49104,44.4,55.6,44.4,55.6
654,22,512,0,0,0,1,0,1,1,1,0,1,0,1,1,1,0,1,0,1,0.040000,1478,81,10,4,165,10.1400,0.6916,36.886,1,2415,49104,77.8,22.2,11.1,88.9
654,26,512,0,0,0,0,0,1,1,1,1,1,1,1,1,1,1,0,0,1,0.038000,1516,81,10,4,165,9.3400,0.6666,35.554,1,2415,49104,44.4,55.6,33.3,66.7
654,29,512,0,0,1,1,0,0,1,1,1,1,1,1,1,1,0,1,1,1,0.040000,1492,81,10,4,165,10.6100,0.6664,35.543,1,2415,49104,33.3,66.7,22.2,77.8
655,0,512,0,0,0,0,0,0,1,1,1,1,0,1,1,1,1,1,1,1,0.038000,1488,81,10,4,165,10.9000,0.6912,36.862,1,2415,49104,44.4,55.6,33.3,66.7
655,7,512,0,0,1,1,0,1,0,1,1,1,1,1,1,1,0,0,0,0,0.028000,1479,81,10,4,165,5.8600,0.6912,36.862,1,2415,49104,55.6,44.4,33.3,66.7
655,14,512,1,1,1,1,1,0,1,1,1,1,1,1,1,1,1,1,1,1,0.060000,1519,81,10,4,165,7.8400,0.6652,35.476,1,2415,49104,0.0,100.0,11.1,88.9
655,25,512,0,0,0,0,0,1,1,1,1,1,1,1,1,1,0,0,0,0,0.030000,1492,81,10,4,165,16.7100,0.6664,35.543,1,2415,49104,55.6,44.4,44.4,55.6
656,3,512,1,1,1,1,0,1,0,1,1,1,1,1,1,1,1,1,0,0,0.039000,1473,80,10,4,165,4.0600,0.6715,35.813,1,2415,49104,33.3,66.7,11.1,88.9
656,4,512,0,0,1,1,0,0,1,1,1,1,1,1,1,1,0,0,1,1,0.039000,1427,81,10,4,165,9.5700,0.6591,35.151,1,2415,49104,33.3,66.7,33.3,66.7
656,8,512,0,0,0,0,1,1,1,1,1,1,1,1,1,1,0,0,1,1,0.040000,1426,81,10,4,165,9.6700,0.6593,35.161,1,2415,49104,33.3,66.7,33.3,66.7
656,12,512,0,0,1,1,0,0,0,1,0,1,0,1,0,1,0,1,0,1,0.040000,1480,81,10,4,165,9.7400,0.6912,36.862,1,2415,49104,88.9,11.1,22.2,77.8
656,16,512,1,1,0,0,0,1,0,1,0,1,0,1,0,1,0,1,1,0,0.038000,1520,81,10,4,165,1.3500,0.6666,35.554,1,2415,49104,77.8,22.2,22.2,77.8
656,20,512,1,1,0,0,1,1,1,1,1,1,1,1,1,1,1,1,0,1,0.043000,1492,81,10,4,165,3.4000,0.6664,35.543,1,2415,49104,22.2,77.8,11.1,88.9
656,21,512,0,0,0,0,0,1,0,1,0,1,0,1,0,1,0,1,0,0,0.028000,916,58,6,4,143,3.9400,0.4725,25.199,1,2415,49104,100.0,0.0,33.3,66.7
656,24,512,0,0,1,1,1,1,0,1,1,1,1,1,1,1,0,0,1,0,0.029000,1491,81,10,4,165,6.2400,0.6915,36.879,1,2415,49104,33.3,66.7,33.3,66.7
656,29,512,0,0,0,1,1,1,1,1,0,1,0,1,0,1,0,1,0,1,0.040000,1484,81,10,4,165,10.0000,0.6873,36.658,1,2415,49104,77.8,22.2,11.1,88.9
657,3,512,0,0,1,1,0,0,0,0,0,1,1,1,1,1,1,1,1,1,0.038000,1475,81,10,4,165,11.1200,0.6912,36.862,1,2415,49104,44.4,55.6,33.3,66.7
657,6,512,0,0,0,1,0,1,1,1,1,1,1,1,1,1,0,0,0,0,0.028000,1479,81,10,4,165,16.7100,0.6912,36.862,1,2415,49104,55.6,44.4,33.3,66.7
657,8,512,0,0,0,0,1,1,1,1,1,1,1,1,0,0,0,0,0,0,0.029000,1424,80,10,4,163,6.9000,0.6593,35.164,1,2415,49104,55.6,44.4,55.6,44.4
657,14,512,0,0,0,1,0,1,1,1,1,1,1,1,1,1,1,1,1,0,0.037000,1521,81,10,4,165,17.8400,0.6666,35.554,1,2415,49104,33.3,66.7,22.2,77.8
657,16,512,1,1,0,0,1,1,0,1,1,1,0,0,1,1,1,1,1,1,0.042000,1497,81,10,4,165,2.4400,0.6664,35.543,1,2415,49104,33.3,66.7,22.2,77.8
657,18,512,0,0,0,0,1,1,1,1,1,1,1,1,0,1,1,0,1,0,0.031000,1516,81,10,4,165,7.1700,0.6666,35.554,1,2415,49104,33.3,66.7,44.4,55.6
657,19,512,1,1,0,1,1,1,0,1,1,1,1,1,1,1,1,1,0,0,0.039000,1473,80,10,4,165,3.4800,0.6715,35.813,1,2415,49104,33.3,66.7,11.1,88.9
657,22,512,0,0,1,1,0,1,0,0,1,1,1,1,1,1,0,0,0,0,0.030000,1492,81,10,4,165,7.1800,0.6664,35.543,1,2415,49104,55.6,44.4,44.4,55.6
657,23,512,0,0,0,0,1,1,1,1,1,1,1,1,1,1,1,0,1,1,0.041000,1516,81,10,4,165,9.6700,0.6666,35.554,1,2415,49104,22.2,77.8,33.3,66.7
658,0,512,0,0,0,1,0,1,1,1,1,1,1,1,1,1,1,0,0,0,0.028000,1491,81,10,4,165,16.8800,0.6915,36.879,1,2415,49104,44.4,55.6,33.3,66.7
658,13,512,1,1,0,1,1,1,1,1,1,1,0,1,1,1,0,0,1,1,0.042000,1480,81,10,4,165,1.9300,0.6912,36.862,1,2415,49104,33.3,66.7,11.1,88.9
658,15,512,0,0,0,1,0,1,0,1,0,1,0,0,0,1,0,1,0,1,0.038000,913,59,6,4,145,9.5700,0.4727,25.213,1,2415,49104,100.0,0.0,22.2,77.8
658,27,512,0,0,1,1,0,1,1,1,1,1,1,1,0,1,0,0,0,0,0.028000,1479,81,10,4,165,6.1700,0.6912,36.862,1,2415,49104,55.6,44.4,33.3,66.7
659,5,512,0,0,0,0,1,1,1,1,0,1,1,1,1,1,0,0,1,0,0.030000,1516,81,10,4,165,6.0900,0.6666,35.554,1,2415,49104,44.4,55.6,44.4,55.6
659,8,512,0,0,0,0,0,1,1,1,1,1,1,1,1,1,1,1,0,0,0.029000,1486,81,10,4,165,17.2000,0.6673,35.587,1,2415,49104,44.4,55.6,33.3,66.7
659,15,512,0,0,1,1,1,1,1,1,1,1,1,1,0,1,0,0,0,0,0.028000,1474,81,10,4,165,6.3100,0.6912,36.862,1,2415,49104,44.4,55.6,33.3,66.7
659,16,512,0,0,1,1,0,1,1,1,1,1,1,1,1,1,1,1,0,1,0.039000,1484,81,10,4,165,11.0700,0.6873,36.658,1,2415,49104,33.3,66.7,11.1,88.9
659,19,512,0,0,0,1,0,1,1,1,0,1,1,1,1,1,1,0,0,0,0.029000,1489,81,10,4,165,5.3300,0.6915,36.879,1,2415,49104,55.6,44.4,33.3,66.7
659,23,512,0,0,0,1,0,1,1,1,1,1,1,1,1,1,1,0,1,1,0.039000,1492,81,10,4,165,9.6800,0.6915,36.879,1,2415,49104,33.3,66.7,22.2,77.8
659,24,512,0,0,0,1,0,1,1,1,1,1,1,1,1,1,1,1,0,0,0.037000,1497,81,10,4,165,17.2000,0.6664,35.543,1,2415,49104,44.4,55.6,22.2,77.8
659,25,512,0,0,0,0,1,1,1,1,1,1,1,1,1,1,1,0,0,0,0.029000,1521,81,10,4,165,17.0000,0.6666,35.554,1,2415,49104,33.3,66.7,44.4,55.6
660,0,512,0,0,0,1,1,1,1,1,1,1,1,1,1,1,0,0,0,0,0.028000,1475,81,10,4,165,16.7600,0.6912,36.862,1,2415,49104,44.4,55.6,33.3,66.7
660,3,512,0,0,1,1,0,0,1,1,0,0,1,1,1,1,1,0,1,1,0.036000,1491,81,10,4,165,9.4800,0.6915,36.879,1,2415,49104,33.3,66.7,44.4,55.6
660,6,512,0,0,1,1,0,0,1,1,0,0,0,0,1,1,1,1,1,1,0.037000,1452,81,10,4,165,10.0500,0.6554,34.954,1,2415,49104,44.4,55.6,44.4,55.6
660,7,512,0,0,1,1,0,1,1,1,1,1,1,1,1,1,1,0,0,0,0.028000,1494,81,10,4,165,16.8800,0.6915,36.879,1,2415,49104,33.3,66.7,33.3,66.7
660,11,512,1,1,1,1,0,1,0,1,1,1,1,1,1,1,0,0,1,1,0.041000,1480,81,10,4,165,2.1500,0.6912,36.862,1,2415,49104,33.3,66.7,11.1,88.9
660,15,512,0,0,1,1,1,1,1,1,0,1,1,1,1,1,0,0,0,0,0.028000,1474,81,10,4,165,5.6300,0.6912,36.862,1,2415,49104,44.4,55.6,33.3,66.7
660,19,512,0,0,0,1,0,1,0,1,1,1,0,1,0,1,1,0,0,1,0.039000,1492,81,10,4,165,9.0900,0.6915,36.879,1,2415,49104,77.8,22.2,22.2,77.8
660,20,512,0,0,0,0,1,1,1,1,1,1,0,0,1,1,1,1,1,0,0.031000,1516,81,10,4,165,7.8100,0.6666,35.554,1,2415,49104,33.3,66.7,44.4,55.6
660,22,512,1,1,1,1,0,1,1,1,0,0,1,1,1,1,1,0,1,1,0.041000,1489,81,10,4,165,1.9300,0.6919,36.903,1,2415,49104,22.2,77.8,22.2,77.8
660,24,512,1,1,0,1,0,1,1,1,1,1,1,1,1,1,1,0,0,0,0.037000,1516,81,10,4,165,4.1500,0.6666,35.554,1,2415,49104,33.3,66.7,22.2,77.8
660,29,512,0,0,0,1,0,1,1,1,1,1,0,0,1,1,1,0,0,0,0.030000,1516,81,10,4,165,7.0100,0.6666,35.554,1,2415,49104,55.6,44.4,44.4,55.6
661,1,512,0,0,1,1,1,1,1,1,1,1,1,1,1,1,1,0,0,0,0.029000,1490,81,10,4,165,17.0000,0.6915,36.879,1,2415,49104,22.2,77.8,33.3,66.7
661,2,512,0,0,1,1,1,1,1,1,1,1,1,1,1,1,1,0,1,0,0.038000,1490,81,10,4,165,17.4000,0.6915,36.879,1,2415,49104,11.1,88.9,33.3,66.7
661,6,512,0,0,0,1,0,1,1,1,1,1,1,1,1,1,1,0,1,0,0.029000,1489,81,10,4,165,17.3000,0.6915,36.879,1,2415,49104,33.3,66.7,33.3,66.7
661,9,512,0,0,0,1,1,1,1,1,1,1,1,1,1,1,1,0,0,0,0.028000,1495,81,10,4,165,17.0000,0.6915,36.879,1,2415,49104,33.3,66.7,33.3,66.7
661,10,512,1,1,1,1,0,1,1,1,1,1,1,1,0,1,1,1,1,1,0.044000,1445,81,10,4,156,12.7900,0.6664,35.543,1,2415,49104,22.2,77.8,0.0,100.0
661,12,512,0,0,1,1,0,1,1,1,1,1,1,1,1,1,1,0,1,1,0.040000,1492,81,10,4,165,9.6800,0.6915,36.879,1,2415,49104,22.2,77.8,22.2,77.8
661,15,512,0,0,0,0,1,1,1,1,1,1,0,1,1,1,0,0,1,0,0.030000,1516,81,10,4,165,6.3400,0.6666,35.554,1,2415,49104,44.4,55.6,44.4,55.6
661,17,512,0,0,0,1,1,1,1,1,1,1,0,1,1,1,0,0,0,0,0.028000,1480,81,10,4,165,5.1200,0.6912,36.862,1,2415,49104,55.6,44.4,33.3,66.7
661,18,512,0,0,0,1,0,1,1,1,1,1,1,1,1,1,0,1,0,0,0.037000,1497,81,10,4,165,16.1900,0.6664,35.543,1,2415,49104,55.6,44.4,22.2,77.8
661,20,512,0,0,0,0,0,1,0,1,0,1,0,1,0,1,1,0,0,1,0.039000,1498,81,10,4,165,9.0400,0.6666,35.550,1,2415,49104,88.9,11.1,33.3,66.7
661,21,512,0,0,1,0,1,1,1,1,1,1,1,1,1,1,0,0,0,0,0.029000,1516,81,10,4,165,16.7600,0.6666,35.554,1,2415,49104,33.3,66.7,44.4,55.6
662,1,512,0,0,1,1,0,1,1,1,1,1,0,1,1,1,1,1,0,0,0.037000,1497,81,10,4,165,5.8000,0.6664,35.543,1,2415,49104,44.4,55.6,22.2,77.8
662,2,512,0,0,0,1,0,1,1,1,1,1,1,1,1,1,0,0,1,0,0.029000,1491,81,10,4,165,16.9700,0.6915,36.879,1,2415,49104,44.4,55.6,33.3,66.7
662,10,512,0,0,1,1,0,0,0,0,1,1,1,1,0,1,1,1,1,1,0.038000,1480,81,10,4,165,10.2600,0.6912,36.862,1,2415,49104,44.4,55.6,33.3,66.7
662,12,512,0,0,0,0,0,0,1,1,1,1,1,1,1,1,0,0,1,0,0.031000,1516,81,10,4,165,7.8100,0.6666,35.554,1,2415,49104,44.4,55.6,55.6,44.4
662,17,512,0,0,0,0,1,1,0,1,1,1,1,1,1,1,0,0,0,0,0.030000,1492,81,10,4,165,5.8300,0.6664,35.543,1,2415,49104,55.6,44.4,44.4,55.6
662,19,512,0,0,0,0,1,1,1,1,1,1,1,1,0,1,1,1,1,1,0.040000,1492,81,10,4,165,11.4800,0.6664,35.543,1,2415,49104,33.3,66.7,22.2,77.8
662,21,512,1,1,0,0,1,1,1,1,1,1,1,1,1,1,1,1,0,0,0.039000,1426,81,10,4,165,5.5600,0.6593,35.161,1,2415,49104,22.2,77.8,22.2,77.8
662,25,512,0,0,1,1,0,1,1,1,1,1,1,1,1,1,1,0,1,0,0.030000,1491,81,10,4,165,17.3000,0.6915,36.879,1,2415,49104,22.2,77.8,33.3,66.7
663,3,512,1,1,0,1,0,1,1,1,1,1,1,1,1,1,1,0,1,0,0.046000,1516,81,10,4,165,4.9500,0.6666,35.554,1,2415,49104,22.2,77.8,22.2,77.8
663,4,512,0,0,0,1,1,1,1,0,1,1,1,1,1,1,0,0,0,0,0.030000,1516,81,10,4,165,7.2800,0.6666,35.554,1,2415,49104,44.4,55.6,44.4,55.6
663,6,512,0,0,0,1,1,1,1,1,1,1,1,1,1,1,0,0,1,1,0.040000,1475,81,10,4,165,9.6700,0.6912,36.862,1,2415,49104,33.3,66.7,22.2,77.8
663,13,512,1,1,0,0,1,1,1,1,1,1,1,1,1,1,0,0,0,0,0.029000,1426,81,10,4,165,4.6700,0.6593,35.161,1,2415,49104,33.3,66.7,33.3,66.7
663,17,512,0,0,1,1,1,1,1,1,1,1,1,1,1,1,0,0,0,1,0.038000,1475,81,10,4,165,9.4200,0.6912,36.862,1,2415,49104,33.3,66.7,22.2,77.8
663,18,512,0,0,0,1,0,1,1,1,1,1,1,1,1,1,1,0,0,1,0.038000,1492,81,10,4,165,9.3400,0.6915,36.879,1,2415,49104,44.4,55.6,22.2,77.8
663,19,512,0,0,0,1,0,1,0,0,1,1,1,1,1,1,1,0,1,0,0.030000,1516,81,10,4,165,7.7500,0.6666,35.554,1,2415,49104,44.4,55.6,44.4,55.6
663,25,512,0,0,0,1,1,1,1,1,1,1,1,1,1,1,0,0,1,0,0.029000,1489,81,10,4,165,17.0500,0.6915,36.879,1,2415,49104,33.3,66.7,33.3,66.7
663,26,512,0,0,0,0,1,1,1,1,1,1,1,1,1,1,1,0,0,1,0.038000,1521,81,10,4,165,9.3500,0.6666,35.554,1,2415,49104,33.3,66.7,33.3,66.7
664,6,512,0,0,1,1,0,0,1,1,1,1,1,1,1,1,1,0,1,1,0.039000,1488,81,10,4,165,9.5800,0.6919,36.903,1,2415,49104,22.2,77.8,33.3,66.7
664,9,512,0,0,0,1,0,1,1,1,1,1,1,1,0,1,1,0,1,0,0.029000,1491,81,10,4,165,7.0100,0.6915,36.879,1,2415,49104,44.4,55.6,33.3,66.7
664,11,512,0,0,0,1,1,1,1,1,1,1,0,1,1,1,0,0,1,0,0.029000,1491,81,10,4,165,6.3400,0.6915,36.879,1,2415,49104,44.4,55.6,33.3,66.7
664,14,512,0,0,0,1,1,1,0,1,1,1,1,1,1,1,0,0,0,0,0.028000,1479,81,10,4,165,5.8300,0.6912,36.862,1,2415,49104,55.6,44.4,33.3,66.7
664,15,512,1,1,0,1,1,1,0,1,1,1,0,1,1,1,1,1,1,1,0.042000,1445,81,10,4,156,13.0600,0.6664,35.543,1,2415,49104,33.3,66.7,0.0,100.0
664,19,512,0,0,1,1,0,0,1,1,1,1,0,0,1,1,1,1,1,1,0.039000,1452,81,10,4,165,10.2700,0.6554,34.954,1,2415,49104,33.3,66.7,33.3,66.7
664,23,512,0,0,0,1,1,1,0,0,1,1,1,1,1,1,0,0,0,0,0.030000,1492,81,10,4,165,7.2000,0.6664,35.543,1,2415,49104,55.6,44.4,44.4,55.6
665,8,512,1,1,1,1,0,1,1,1,1,1,1,1,1,1,1,0,1,0,0.049000,1517,81,10,4,165,6.2600,0.6753,36.016,1,2415,49104,11.1,88.9,22.2,77.8
665,9,512,0,0,0,1,0,1,0,1,1,1,1,1,1,1,1,0,1,0,0.029000,1490,81,10,4,165,6.5300,0.6919,36.903,1,2415,49104,44.4,55.6,33.3,66.7
665,12,512,0,0,0,1,1,0,0,1,0,1,0,1,0,1,0,1,1,1,0.039000,1516,81,10,4,165,10.0500,0.6666,35.554,1,2415,49104,77.8,22.2,22.2,77.8
665,13,512,0,0,0,1,1,1,1,1,1,1,1,1,1,1,1,0,1,0,0.030000,1491,81,10,4,165,17.4000,0.6915,36.879,1,2415,49104,22.2,77.8,33.3,66.7
665,16,512,0,0,1,1,1,1,1,1,0,0,1,1,1,1,0,0,0,0,0.029000,1426,81,10,4,165,7.0500,0.6593,35.161,1,2415,49104,44.4,55.6,44.4,55.6
665,23,512,0,0,0,0,1,1,1,1,1,1,1,1,1,1,0,0,0,1,0.038000,1492,81,10,4,165,9.4200,0.6664,35.543,1,2415,49104,44.4,55.6,33.3,66.7
665,26,512,1,1,0,1,1,1,1,1,1,1,1,1,1,1,1,0,1,1,0.052000,1490,81,10,4,165,2.4100,0.6915,36.879,1,2415,49104,11.1,88.9,11.1,88.9
665,27,512,0,0,0,1,1,1,1,1,1,1,1,1,0,1,0,0,0,0,0.028000,1486,81,10,4,165,6.3100,0.6873,36.658,1,2415,49104,55.6,44.4,33.3,66.7
666,0,512,0,0,1,0,0,1,1,1,1,1,1,1,1,1,1,0,1,0,0.032000,1516,81,10,4,165,17.3000,0.6666,35.554,1,2415,49104,22.2,77.8,44.4,55.6
666,9,512,0,0,1,1,0,0,1,1,0,0,0,0,1,1,1,0,1,1,0.036000,1489,81,10,4,165,9.3100,0.6915,36.879,1,2415,49104,44.4,55.6,55.6,44.4
666,12,512,0,0,1,1,0,1,0,1,0,1,1,1,0,1,0,1,0,1,0.040000,1483,81,10,4,165,10.0200,0.6873,36.658,1,2415,49104,77.8,22.2,11.1,88.9
666,15,512,0,0,0,1,1,1,0,1,1,1,1,1,1,1,1,0,0,0,0.028000,1492,81,10,4,165,5.9300,0.6915,36.879,1,2415,49104,44.4,55.6,33.3,66.7
666,16,512,0,0,0,1,1,1,1,1,1,1,1,1,1,1,1,1,0,0,0.036000,1502,81,10,4,165,17.2900,0.6664,35.543,1,2415,49104,33.3,66.7,22.2,77.8
666,22,512,0,0,1,1,1,0,1,1,1,1,1,1,1,1,1,1,1,1,0.054000,1493,81,10,4,165,11.9800,0.6915,36.879,1,2415,49104,11.1,88.9,22.2,77.8
666,26,512,1,1,1,1,0,1,0,1,0,0,1,1,1,1,1,1,1,1,0.042000,1494,81,10,4,165,3.6800,0.6653,35.482,1,2415,49104,33.3,66.7,11.1,88.9
667,1,512,0,0,1,1,0,0,0,0,1,1,1,1,1,1,1,1,0,0,0.029000,1426,81,10,4,165,7.6500,0.6593,35.161,1,2415,49104,44.4,55.6,44.4,55.6
667,4,512,1,1,0,1,1,1,1,1,0,1,1,1,1,1,1,0,0,0,0.037000,1516,81,10,4,165,2.2900,0.6666,35.554,1,2415,49104,33.3,66.7,22.2,77.8
667,9,512,0,0,0,0,1,1,0,0,1,1,1,1,1,1,0,0,0,0,0.029000,1426,81,10,4,165,7.2000,0.6593,35.161,1,2415,49104,55.6,44.4,55.6,44.4
667,25,512,0,0,1,1,1,1,1,1,0,0,1,1,1,1,1,1,0,0,0.028000,1423,80,10,4,163,7.4900,0.6593,35.161,1,2415,49104,33.3,66.7,33.3,66.7
667,27,512,0,0,0,1,0,1,0,1,1,0,0,1,0,1,0,0,0,1,0.038000,1484,81,10,4,165,8.9800,0.6659,35.516,1,2415,49104,88.9,11.1,33.3,66.7
668,1,512,0,0,0,0,1,1,1,1,0,1,1,1,1,1,1,0,1,0,0.031000,1516,81,10,4,165,5.9000,0.6666,35.554,1,2415,49104,33.3,66.7,44.4,55.6
668,4,512,1,1,0,1,1,1,0,1,1,1,1,1,1,1,1,0,1,1,0.042000,1490,81,10,4,165,2.3700,0.6915,36.879,1,2415,49104,22.2,77.8,11.1,88.9
668,24,512,0,0,0,0,0,1,0,1,0,1,0,1,1,0,1,1,0,1,0.038000,1498,81,10,4,165,9.5000,0.6919,36.903,1,2415,49104,77.8,22.2,33.3,66.7
668,26,512,0,0,0,1,1,1,1,1,1,1,1,1,1,1,1,0,1,1,0.040000,1492,81,10,4,165,9.6700,0.6915,36.879,1,2415,49104,22.2,77.8,22.2,77.8
669,0,512,0,0,0,1,0,1,1,1,1,1,0,0,1,1,1,1,1,0,0.029000,1516,81,10,4,165,7.8200,0.6666,35.554,1,2415,49104,44.4,55.6,33.3,66.7
669,4,512,0,0,1,1,1,1,1,1,1,1,0,0,1,1,1,1,0,0,0.028000,1426,81,10,4,165,7.3900,0.6593,35.161,1,2415,49104,33.3,66.7,33.3,66.7
669,12,512,0,0,0,0,1,1,0,1,1,1,1,1,1,1,1,1,0,0,0.029000,1486,81,10,4,165,6.2400,0.6673,35.587,1,2415,49104,44.4,55.6,33.3,66.7
669,16,512,0,0,0,0,1,1,1,1,0,0,1,1,1,1,0,0,0,0,0.029000,1426,81,10,4,165,7.0500,0.6593,35.164,1,2415,49104,55.6,44.4,55.6,44.4
669,18,512,1,1,0,1,0,1,1,1,0,1,0,1,0,1,0,1,0,1,0.040000,1445,81,10,4,156,9.9300,0.6664,35.543,1,2415,49104,77.8,22.2,0.0,100.0
669,20,512,0,0,0,0,1,1,0,1,1,1,1,1,1,1,0,0,1,0,0.030000,1516,81,10,4,165,6.2400,0.6666,35.554,1,2415,49104,44.4,55.6,44.4,55.6
669,28,512,0,0,0,1,1,1,1,1,0,1,1,1,1,1,1,0,0,0,0.028000,1491,81,10,4,165,5.4400,0.6915,36.879,1,2415,49104,44.4,55.6,33.3,66.7
670,7,512,0,0,1,1,0,0,1,1,0,0,0,0,1,1,1,1,0,1,0.037000,1480,81,10,4,165,9.7300,0.6912,36.862,1,2415,49104,55.6,44.4,44.4,55.6
670,10,512,1,1,0,1,1,1,1,1,1,1,1,1,1,1,1,1,0,0,0.041000,1453,81,10,4,165,5.0500,0.6754,36.023,1,2415,49104,22.2,77.8,11.1,88.9
670,23,512,0,0,0,0,1,1,1,1,0,0,1,1,1,1,0,0,1,0,0.031000,1516,81,10,4,165,7.2700,0.6666,35.554,1,2415,49104,44.4,55.6,55.6,44.4
671,2,512,0,0,0,1,0,0,1,1,1,1,1,1,1,1,1,0,1,0,0.031000,1516,81,10,4,165,8.0600,0.6666,35.554,1,2415,49104,33.3,66.7,44.4,55.6
671,6,512,0,0,1,1,0,1,1,1,1,1,0,0,1,1,1,1,1,1,0.040000,1475,81,10,4,165,10.3000,0.6912,36.862,1,2415,49104,33.3,66.7,22.2,77.8
671,16,512,1,1,0,1,0,1,0,1,0,1,0,1,0,1,1,1,0,1,0.040000,1445,81,10,4,156,10.1000,0.6664,35.543,1,2415,49104,77.8,22.2,0.0,100.0
671,19,512,0,0,0,1,1,1,1,1,1,1,1,1,0,1,1,0,0,0,0.028000,1495,81,10,4,165,6.5500,0.6877,36.675,1,2415,49104,44.4,55.6,33.3,66.7
671,20,512,0,0,0,0,1,1,1,1,0,0,1,1,1,1,1,1,1,1,0.039000,1452,81,10,4,165,11.4000,0.6554,34.954,1,2415,49104,33.3,66.7,33.3,66.7
671,21,512,0,0,0,0,1,1,1,1,1,1,1,1,0,0,1,0,0,0,0.030000,1509,81,10,4,165,7.0500,0.6675,35.598,1,2415,49104,44.4,55.6,55.6,44.4
671,22,512,0,0,0,1,1,0,1,1,1,1,1,1,1,1,1,0,1,0,0.032000,1516,81,10,4,165,8.0600,0.6666,35.554,1,2415,49104,22.2,77.8,44.4,55.6
672,2,512,0,0,0,0,1,1,1,1,1,1,1,1,1,1,0,1,0,0,0.029000,1486,81,10,4,165,16.1700,0.6673,35.587,1,2415,49104,44.4,55.6,33.3,66.7
672,4,512,0,0,1,1,1,1,1,1,0,0,1,1,0,0,1,1,1,1,0.039000,1452,81,10,4,165,9.5300,0.6554,34.954,1,2415,49104,33.3,66.7,33.3,66.7
672,7,512,0,0,0,1,1,1,1,1,1,1,1,1,1,1,0,0,0,1,0.038000,1475,81,10,4,165,9.4200,0.6912,36.862,1,2415,49104,44.4,55.6,22.2,77.8
672,8,512,1,1,0,1,1,0,0,1,0,1,0,1,0,1,0,1,0,1,0.040000,1493,81,10,4,165,1.9700,0.6915,36.879,1,2415,49104,77.8,22.2,11.1,88.9
672,9,512,0,0,0,1,1,1,1,1,0,0,1,1,1,1,1,0,0,0,0.030000,1516,81,10,4,165,7.1300,0.6666,35.554,1,2415,49104,44.4,55.6,44.4,55.6
672,18,512,0,0,1,1,1,1,0,1,1,1,1,1,1,1,1,1,0,0,0.036000,1497,81,10,4,165,6.2400,0.6664,35.543,1,2415,49104,33.3,66.7,22.2,77.8
672,19,512,1,1,1,1,1,1,1,1,1,1,1,1,1,1,1,0,1,1,0.059000,1489,81,10,4,165,2.6000,0.6915,36.879,1,2415,49104,0.0,100.0,11.1,88.9
672,24,512,0,0,0,1,1,1,1,1,0,1,1,1,1,1,0,0,0,0,0.028000,1480,81,10,4,165,5.6300,0.6912,36.862,1,2415,49104,55.6,44.4,33.3,66.7
673,4,512,0,0,1,1,1,1,1,1,1,1,1,1,0,0,0,0,0,0,0.029000,1426,81,10,4,165,6.9000,0.6593,35.161,1,2415,49104,44.4,55.6,44.4,55.6
673,16,512,0,0,0,1,1,1,1,0,1,1,1,1,1,1,1,0,1,0,0.032000,1516,81,10,4,165,7.8300,0.6666,35.554,1,2415,49104,22.2,77.8,44.4,55.6
673,25,512,0,0,1,1,0,0,1,1,1,1,1,1,0,0,1,1,1,1,0.039000,1451,81,10,4,165,9.6600,0.6554,34.954,1,2415,49104,33.3,66.7,33.3,66.7
673,29,512,0,0,0,1,1,1,1,1,1,1,0,0,1,1,1,1,0,0,0.029000,1492,81,10,4,165,7.3900,0.6664,35.543,1,2415,49104,44.4,55.6,33.3,66.7
674,8,512,0,0,0,0,1,1,1,1,0,1,1,1,1,1,1,1,1,1,0.040000,1492,81,10,4,165,13.3900,0.6664,35.543,1,2415,49104,33.3,66.7,22.2,77.8
674,14,512,0,0,0,0,1,1,0,1,1,1,1,1,1,1,1,0,1,0,0.031000,1516,81,10,4,165,6.4500,0.6666,35.554,1,2415,49104,33.3,66.7,44.4,55.6
674,25,512,0,0,0,0,1,1,1,1,1,1,0,1,1,1,0,1,0,0,0.029000,1486,81,10,4,165,5.4300,0.6673,35.587,1,2415,49104,55.6,44.4,33.3,66.7
674,26,512,0,0,0,0,0,1,1,1,0,0,1,1,1,1,1,1,1,1,0.038000,1475,81,10,4,165,11.3500,0.6912,36.862,1,2415,49104,44.4,55.6,33.3,66.7
674,27,512,0,0,0,0,1,1,0,1,0,0,1,1,1,1,1,1,1,1,0.038000,1475,81,10,4,165,11.1000,0.6912,36.862,1,2415,49104,44.4,55.6,33.3,66.7
675,6,512,0,0,1,1,1,1,1,1,0,0,0,0,1,1,1,1,1,1,0.039000,1452,81,10,4,165,10.1100,0.6554,34.954,1,2415,49104,33.3,66.7,33.3,66.7
675,8,512,0,0,0,1,0,1,0,1,0,1,0,1,0,1,1,0,0,1,0.039000,1480,81,10,4,165,9.0400,0.6659,35.516,1,2415,49104,88.9,11.1,22.2,77.8
675,10,512,0,0,1,1,0,1,1,0,1,1,1,1,1,1,0,0,0,0,0.030000,1516,81,10,4,165,7.2400,0.6666,35.554,1,2415,49104,44.4,55.6,44.4,55.6
675,13,512,0,0,0,0,1,1,1,1,0,0,1,1,1,1,1,0,1,1,0.037000,1491,81,10,4,165,9.5300,0.6915,36.879,1,2415,49104,33.3,66.7,44.4,55.6
675,17,512,1,1,1,1,0,1,0,1,1,1,1,1,1,1,1,0,1,1,0.042000,1490,81,10,4,165,2.3700,0.6915,36.879,1,2415,49104,22.2,77.8,11.1,88.9
675,24,512,0,0,0,1,0,1,1,1,1,1,0,1,1,1,1,0,1,0,0.029000,1489,81,10,4,165,6.1500,0.6915,36.879,1,2415,49104,44.4,55.6,33.3,66.7
675,28,512,0,0,0,0,0,0,1,1,1,1,1,1,1,1,0,0,1,1,0.037000,1452,81,10,4,165,9.5700,0.6554,34.954,1,2415,49104,44.4,55.6,44.4,55.6
676,1,512,0,0,1,1,0,0,1,1,1,1,1,1,1,1,1,1,0,0,0.028000,1424,80,10,4,163,8.0100,0.6593,35.161,1,2415,49104,33.3,66.7,33.3,66.7
676,4,512,0,0,0,1,0,1,0,1,1,1,1,1,1,1,1,1,1,0,0.037000,1521,81,10,4,165,7.1500,0.6666,35.554,1,2415,49104,44.4,55.6,22.2,77.8
676,10,512,0,0,1,1,0,0,1,1,0,0,1,1,0,1,1,1,1,1,0.039000,1492,81,10,4,165,10.1600,0.6664,35.543,1,2415,49104,44.4,55.6,33.3,66.7
676,11,512,0,0,0,0,1,1,0,1,1,1,1,1,0,0,0,1,0,0,0.030000,1492,81,10,4,165,5.0000,0.6664,35.543,1,2415,49104,66.7,33.3,44.4,55.6
676,21,512,0,0,1,1,0,0,1,1,0,0,1,1,1,1,1,1,0,0,0.029000,1426,81,10,4,165,7.5000,0.6593,35.161,1,2415,49104,44.4,55.6,44.4,55.6
676,25,512,0,0,0,0,1,1,0,1,0,1,0,1,0,1,1,1,0,1,0.039000,1492,81,10,4,165,10.1200,0.6664,35.543,1,2415,49104,77.8,22.2,22.2,77.8
676,27,512,0,0,1,1,0,1,1,1,0,0,0,0,1,1,1,1,1,1,0.038000,1475,81,10,4,165,10.1300,0.6912,36.862,1,2415,49104,44.4,55.6,33.3,66.7
677,6,512,0,0,0,0,1,1,0,0,1,1,1,1,1,1,0,1,0,0,0.030000,1492,81,10,4,165,7.4600,0.6664,35.543,1,2415,49104,55.6,44.4,44.4,55.6
677,8,512,1,1,1,1,0,0,1,1,0,0,0,0,1,1,1,1,1,1,0.041000,1427,81,10,4,165,2.1800,0.6591,35.151,1,2415,49104,33.3,66.7,33.3,66.7
677,14,512,1,1,0,0,1,1,1,1,0,0,1,1,1,1,1,1,1,1,0.042000,1452,81,10,4,165,3.7800,0.6554,34.954,1,2415,49104,22.2,77.8,22.2,77.8
677,24,512,0,0,0,0,1,1,1,1,0,0,1,1,1,1,1,1,0,0,0.029000,1426,81,10,4,165,7.4900,0.6593,35.161,1,2415,49104,44.4,55.6,44.4,55.6
678,17,512,0,0,0,0,1,1,1,1,1,1,0,1,1,1,1,1,0,0,0.029000,1486,81,10,4,165,5.8500,0.6673,35.587,1,2415,49104,44.4,55.6,33.3,66.7
678,19,512,0,0,0,1,1,0,1,1,1,1,1,1,1,1,0,0,0,0,0.030000,1516,81,10,4,165,7.5500,0.6666,35.554,1,2415,49104,44.4,55.6,44.4,55.6
678,20,512,1,1,0,1,1,1,1,1,1,1,1,1,1,1,1,0,0,0,0.040000,1516,81,10,4,165,4.5300,0.6666,35.554,1,2415,49104,22.2,77.8,22.2,77.8
678,21,512,0,0,0,0,1,1,1,1,1,1,1,1,0,0,1,0,1,0,0.031000,1509,81,10,4,165,7.3600,0.6675,35.598,1,2415,49104,33.3,66.7,55.6,44.4
678,24,512,0,0,0,1,1,1,1,1,0,0,1,1,1,1,1,1,1,1,0.040000,1479,81,10,4,165,11.4000,0.6916,36.886,1,2415,49104,33.3,66.7,22.2,77.8
678,29,512,1,1,1,1,1,1,0,1,1,1,1,1,1,1,1,0,1,1,0.052000,1490,81,10,4,165,2.4900,0.6915,36.879,1,2415,49104,11.1,88.9,11.1,88.9
679,0,512,0,0,0,1,1,1,1,1,1,1,1,1,0,1,1,1,0,0,0.036000,1497,81,10,4,165,6.8100,0.6664,35.543,1,2415,49104,44.4,55.6,22.2,77.8
679,2,512,0,0,1,1,1,1,1,1,1,1,1,1,1,1,1,0,1,1,0.054000,1491,81,10,4,165,9.6700,0.6915,36.879,1,2415,49104,11.1,88.9,22.2,77.8
679,14,512,0,0,0,0,1,1,1,1,0,1,1,1,1,1,1,0,0,0,0.030000,1516,81,10,4,165,5.4400,0.6666,35.554,1,2415,49104,44.4,55.6,44.4,55.6
679,16,512,1,1,0,1,1,1,1,1,1,1,1,1,1,1,0,0,0,0,0.037000,1492,81,10,4,165,4.0600,0.6664,35.543,1,2415,49104,33.3,66.7,22.2,77.8
679,21,512,0,0,0,1,1,1,1,1,1,1,1,0,1,1,1,1,0,0,0.028000,1521,81,10,4,165,7.6200,0.6666,35.554,1,2415,49104,33.3,66.7,33.3,66.7
679,23,512,0,0,0,1,1,1,1,1,1,1,0,1,1,1,1,0,0,0,0.028000,1492,81,10,4,165,5.9300,0.6915,36.879,1,2415,49104,44.4,55.6,33.3,66.7
680,10,512,0,1,1,1,0,1,1,1,1,1,1,1,1,1,1,1,1,1,0.044000,1445,81,10,4,156,14.4500,0.6664,35.543,1,2415,49104,22.2,77.8,0.0,100.0
680,13,512,1,1,1,1,0,1,1,1,0,0,1,1,1,1,1,1,0,0,0.037000,1492,81,10,4,165,5.4900,0.6664,35.543,1,2415,49104,33.3,66.7,22.2,77.8
681,9,512,0,0,0,1,1,1,0,1,1,1,1,1,1,1,1,1,0,0,0.036000,1497,81,10,4,165,6.2400,0.6664,35.543,1,2415,49104,44.4,55.6,22.2,77.8
681,13,512,0,0,0,0,1,1,1,1,1,1,0,1,1,1,1,0,1,0,0.031000,1516,81,10,4,165,6.2600,0.6666,35.554,1,2415,49104,33.3,66.7,44.4,55.6
681,21,512,1,1,0,0,1,1,1,1,1,1,1,1,1,1,1,0,1,0,0.036000,1516,81,10,4,165,6.1700,0.6666,35.554,1,2415,49104,11.1,88.9,33.3,66.7
681,22,512,0,0,0,1,0,1,1,1,1,1,0,1,1,1,1,1,1,0,0.037000,1521,81,10,4,165,6.5400,0.6666,35.554,1,2415,49104,44.4,55.6,22.2,77.8
682,6,512,1,1,0,0,1,1,1,1,0,0,1,1,1,1,1,1,0,1,0.039000,1475,81,10,4,165,2.4700,0.6912,36.862,1,2415,49104,33.3,66.7,22.2,77.8
682,9,512,1,1,0,1,0,1,1,1,1,1,1,1,1,1,1,1,1,0,0.049000,1496,81,10,4,168,5.4000,0.6758,36.040,1,2415,49104,22.2,77.8,11.1,88.9
682,17,512,0,0,0,1,0,1,1,0,0,1,0,1,0,1,1,1,0,1,0.039000,1493,81,10,4,165,9.7400,0.6919,36.903,1,2415,49104,77.8,22.2,22.2,77.8
682,20,512,0,0,0,1,1,1,1,1,0,1,1,1,1,1,1,1,0,0,0.036000,1497,81,10,4,165,5.6800,0.6664,35.543,1,2415,49104,44.4,55.6,22.2,77.8
683,15,512,1,1,1,1,0,1,1,1,1,1,0,0,1,1,1,1,1,1,0.045000,1492,81,10,4,165,2.8100,0.6664,35.543,1,2415,49104,22.2,77.8,11.1,88.9
684,2,512,0,0,0,0,0,0,1,1,0,0,1,1,1,1,1,1,1,0,0.031000,1516,81,10,4,165,8.0700,0.6666,35.554,1,2415,49104,44.4,55.6,55.6,44.4
684,17,512,0,0,0,1,0,0,1,1,1,1,1,1,1,1,1,0,0,0,0.030000,1516,81,10,4,165,7.6800,0.6666,35.554,1,2415,49104,44.4,55.6,44.4,55.6
685,3,512,0,0,0,0,0,0,1,1,1,1,1,1,0,1,1,1,1,1,0.038000,1485,81,10,4,165,10.7900,0.6912,36.862,1,2415,49104,44.4,55.6,33.3,66.7
685,4,512,1,1,1,1,0,1,1,1,1,1,1,1,0,0,1,1,1,1,0.045000,1492,81,10,4,165,2.1000,0.6664,35.543,1,2415,49104,22.2,77.8,11.1,88.9
685,17,512,1,1,0,1,1,1,1,1,1,1,1,1,1,1,1,0,1,0,0.049000,1516,81,10,4,165,5.2400,0.6666,35.554,1,2415,49104,11.1,88.9,22.2,77.8
685,18,512,0,0,1,1,0,1,0,1,1,1,1,1,1,1,0,0,1,1,0.039000,1475,81,10,4,165,9.6600,0.6912,36.862,1,2415,49104,44.4,55.6,22.2,77.8
685,25,512,0,0,1,1,0,1,1,1,0,0,1,1,1,1,1,1,1,0,0.030000,1510,81,10,4,165,8.1600,0.6675,35.598,1,2415,49104,33.3,66.7,33.3,66.7
685,26,512,0,0,0,1,1,1,1,1,0,1,1,1,1,1,1,0,1,0,0.029000,1489,81,10,4,165,5.9000,0.6915,36.879,1,2415,49104,33.3,66.7,33.3,66.7
686,9,512,0,0,0,0,0,1,0,1,0,1,0,1,0,0,0,1,0,1,0.036000,916,59,6,4,145,9.4100,0.4727,25.208,1,2415,49104,100.0,0.0,33.3,66.7
686,10,512,0,0,0,1,1,1,0,1,0,0,1,1,1,1,1,1,1,1,0.039000,1474,81,10,4,165,11.1000,0.6916,36.886,1,2415,49104,44.4,55.6,22.2,77.8
686,14,512,0,0,0,1,0,1,1,1,0,1,1,1,1,1,1,0,1,0,0.029000,1489,81,10,4,165,5.8400,0.6915,36.879,1,2415,49104,44.4,55.6,33.3,66.7
686,17,512,1,1,0,1,1,1,1,1,1,1,1,1,1,0,1,1,1,1,0.054000,1516,81,10,4,165,1.9800,0.6666,35.554,1,2415,49104,11.1,88.9,11.1,88.9
686,22,512,1,0,0,1,1,1,1,1,1,1,1,1,1,1,1,1,1,1,0.051000,1499,81,10,4,165,13.6700,0.6919,36.903,1,2415,49104,11.1,88.9,11.1,88.9
687,4,512,0,0,0,0,1,1,1,1,0,0,1,1,1,1,1,1,0,1,0.037000,1475,81,10,4,165,10.1800,0.6912,36.862,1,2415,49104,44.4,55.6,33.3,66.7
688,7,512,0,0,0,0,0,0,1,1,0,0,0,1,1,1,1,1,1,1,0.037000,1480,81,10,4,165,10.2000,0.6912,36.862,1,2415,49104,55.6,44.4,44.4,55.6
689,1,512,0,0,0,0,0,0,1,1,0,0,0,0,1,1,1,1,1,1,0.037000,1426,81,10,4,165,10.0500,0.6593,35.161,1,2415,49104,55.6,44.4,55.6,44.4
689,20,512,1,1,1,1,0,1,1,1,1,1,1,1,1,1,1,0,1,1,0.052000,1490,81,10,4,165,2.5100,0.6915,36.879,1,2415,49104,11.1,88.9,11.1,88.9
689,29,512,0,0,0,0,1,1,1,1,0,1,1,1,1,1,1,1,0,0,0.029000,1486,81,10,4,165,5.6800,0.6673,35.587,1,2415,49104,44.4,55.6,33.3,66.7
690,11,512,0,0,0,0,1,1,1,1,0,0,0,1,1,1,1,1,1,1,0.038000,1475,81,10,4,165,10.3700,0.6912,36.862,1,2415,49104,44.4,55.6,33.3,66.7
691,8,512,0,0,0,1,0,0,1,1,1,1,1,1,1,1,1,1,1,0,0.030000,1510,81,10,4,165,8.6500,0.6675,35.598,1,2415,49104,33.3,66.7,33.3,66.7
691,9,512,1,1,0,1,1,1,1,1,1,1,1,1,1,1,0,0,1,0,0.041000,1516,81,10,4,165,4.5400,0.6666,35.554,1,2415,49104,22.2,77.8,22.2,77.8
691,15,512,0,0,0,0,1,1,1,0,1,1,1,1,1,1,0,0,0,0,0.030000,1516,81,10,4,165,7.2800,0.6666,35.554,1,2415,49104,44.4,55.6,55.6,44.4
691,19,512,0,0,1,1,1,1,1,1,1,1,0,0,1,1,1,1,1,1,0.041000,1452,81,10,4,165,10.3800,0.6554,34.954,1,2415,49104,22.2,77.8,22.2,77.8
692,6,512,0,0,0,1,0,1,1,1,0,1,1,1,1,1,1,1,1,0,0.037000,1521,81,10,4,165,6.3100,0.6666,35.554,1,2415,49104,44.4,55.6,22.2,77.8
692,17,512,1,1,1,1,1,1,1,1,1,1,1,1,0,0,1,1,1,1,0.054000,1426,81,10,4,165,2.3500,0.6593,35.161,1,2415,49104,11.1,88.9,11.1,88.9
692,24,512,0,0,0,1,1,1,0,1,1,1,1,1,1,1,0,0,1,0,0.029000,1491,81,10,4,165,6.2400,0.6915,36.879,1,2415,49104,44.4,55.6,33.3,66.7
693,2,512,1,1,0,0,1,1,1,1,1,1,1,1,1,1,0,0,1,1,0.042000,1427,81,10,4,165,2.1300,0.6591,35.151,1,2415,49104,22.2,77.8,22.2,77.8
693,20,512,0,0,0,1,0,0,1,1,1,1,1,1,1,1,0,0,0,0,0.030000,1492,81,10,4,165,7.5500,0.6664,35.543,1,2415,49104,55.6,44.4,44.4,55.6
693,23,512,0,0,1,1,0,0,0,1,0,0,0,0,1,1,1,1,1,1,0.037000,1475,81,10,4,165,10.0400,0.6912,36.862,1,2415,49104,55.6,44.4,44.4,55.6
694,27,512,0,0,1,1,1,1,1,1,1,1,0,0,1,1,0,0,1,1,0.040000,1426,81,10,4,165,9.3000,0.6593,35.161,1,2415,49104,33.3,66.7,33.3,66.7
695,5,512,0,0,0,0,1,1,1,1,0,0,1,1,1,1,0,0,1,1,0.037000,1452,81,10,4,165,9.5200,0.6554,34.954,1,2415,49104,44.4,55.6,44.4,55.6
695,6,512,1,1,0,0,1,1,0,0,1,1,1,1,1,1,1,1,1,1,0.043000,1426,81,10,4,165,3.7500,0.6593,35.161,1,2415,49104,22.2,77.8,22.2,77.8
695,9,512,0,0,0,0,0,1,1,1,0,1,0,1,0,1,0,1,0,0,0.029000,1486,81,10,4,165,4.2200,0.6673,35.587,1,2415,49104,88.9,11.1,33.3,66.7
695,16,512,0,0,0,0,0,0,1,1,0,0,1,1,1,1,1,0,1,1,0.035000,1491,81,10,4,165,9.4800,0.6915,36.879,1,2415,49104,44.4,55.6,55.6,44.4
695,19,512,0,0,0,0,1,1,1,1,0,1,1,1,1,1,0,0,0,0,0.030000,1492,81,10,4,165,5.6300,0.6664,35.543,1,2415,49104,55.6,44.4,44.4,55.6
696,6,512,1,1,0,1,1,1,0,1,1,1,0,0,1,1,1,1,1,1,0.043000,1492,81,10,4,165,2.5100,0.6664,35.543,1,2415,49104,33.3,66.7,11.1,88.9
697,0,512,1,1,0,0,0,0,1,1,0,0,1,1,1,1,1,1,1,1,0.041000,1426,81,10,4,165,3.4600,0.6593,35.161,1,2415,49104,33.3,66.7,33.3,66.7
697,15,512,0,0,0,1,1,1,1,1,0,0,1,1,1,1,0,0,0,0,0.030000,1492,81,10,4,165,7.0500,0.6664,35.543,1,2415,49104,55.6,44.4,44.4,55.6
698,7,512,0,0,0,1,0,1,1,1,0,1,0,1,0,1,1,0,0,1,0.039000,1494,81,10,4,165,9.0500,0.6915,36.879,1,2415,49104,77.8,22.2,22.2,77.8
698,8,512,0,0,0,0,0,1,1,1,1,1,0,1,1,1,1,1,1,0,0.029000,1510,81,10,4,165,6.5400,0.6675,35.598,1,2415,49104,44.4,55.6,33.3,66.7
699,16,512,0,0,0,1,0,1,1,1,0,1,0,1,0,1,0,1,0,0,0.037000,1497,81,10,4,165,4.2200,0.6664,35.543,1,2415,49104,88.9,11.1,22.2,77.8
701,7,512,0,0,0,1,1,1,1,1,1,1,1,1,0,1,0,0,1,0,0.029000,1492,81,10,4,165,6.8800,0.6877,36.675,1,2415,49104,44.4,55.6,33.3,66.7
701,17,512,0,0,0,1,1,1,1,1,0,1,1,1,1,1,0,0,1,0,0.029000,1491,81,10,4,165,6.0900,0.6915,36.879,1,2415,49104,44.4,55.6,33.3,66.7
701,24,512,0,0,0,0,0,0,0,1,0,0,1,1,1,1,1,1,1,1,0.037000,1480,81,10,4,165,11.0900,0.6912,36.862,1,2415,49104,55.6,44.4,44.4,55.6
701,27,512,0,0,1,1,1,1,1,1,1,1,0,1,1,1,1,1,1,0,0.039000,1521,81,10,4,165,6.5700,0.6666,35.554,1,2415,49104,22.2,77.8,22.2,77.8
702,28,512,0,0,0,1,0,1,1,1,1,1,1,0,1,1,1,0,1,0,0.031000,1516,81,10,4,165,7.5200,0.6666,35.554,1,2415,49104,33.3,66.7,44.4,55.6
702,29,512,0,0,0,1,1,1,1,1,1,1,0,0,1,1,1,0,0,0,0.030000,1516,81,10,4,165,7.1400,0.6666,35.554,1,2415,49104,44.4,55.6,44.4,55.6
703,22,512,1,1,0,1,0,0,0,1,1,1,1,1,1,1,1,1,1,1,0.042000,1494,81,10,4,165,4.7600,0.6653,35.482,1,2415,49104,33.3,66.7,11.1,88.9
703,26,512,0,0,0,1,1,0,1,1,1,1,1,1,1,1,1,1,1,0,0.031000,1510,81,10,4,165,8.6500,0.6675,35.598,1,2415,49104,22.2,77.8,33.3,66.7
